Office,Precinct,Early Ballots Cast,Election Ballots Cast,Total Ballots Cast,Registered Voters,Percent Turnout,REP Sherry Radack,DEM Jim Peacock,Totals
"Chief Justice, 1st Court of Appeals",0001,1419,496,1915,2682,71.40%,723,1074,1797
"Chief Justice, 1st Court of Appeals",0002,1002,370,1372,2099,65.36%,588,701,1289
"Chief Justice, 1st Court of Appeals",0003,875,336,1211,1625,74.52%,490,645,1135
"Chief Justice, 1st Court of Appeals",0004,955,369,1324,1709,77.47%,524,712,1236
"Chief Justice, 1st Court of Appeals",0005,759,380,1139,1470,77.48%,467,611,1078
"Chief Justice, 1st Court of Appeals",0006,1841,628,2469,4084,60.46%,1183,1189,2372
"Chief Justice, 1st Court of Appeals",0007,430,125,555,1002,55.39%,21,517,538
"Chief Justice, 1st Court of Appeals",0008,889,351,1240,1848,67.10%,604,588,1192
"Chief Justice, 1st Court of Appeals",0009,660,312,972,1861,52.23%,240,662,902
"Chief Justice, 1st Court of Appeals",0010,701,232,933,1830,50.98%,179,676,855
"Chief Justice, 1st Court of Appeals",0011,618,258,876,1748,50.11%,166,649,815
"Chief Justice, 1st Court of Appeals",0012,230,65,295,731,40.36%,144,136,280
"Chief Justice, 1st Court of Appeals",0013,1231,382,1613,2751,58.63%,1028,498,1526
"Chief Justice, 1st Court of Appeals",0014,989,429,1418,1924,73.70%,738,614,1352
"Chief Justice, 1st Court of Appeals",0015,1489,849,2338,2852,81.98%,1441,764,2205
"Chief Justice, 1st Court of Appeals",0016,681,189,870,1284,67.76%,416,417,833
"Chief Justice, 1st Court of Appeals",0017,451,293,744,1198,62.10%,309,387,696
"Chief Justice, 1st Court of Appeals",0018,744,367,1111,1456,76.30%,547,502,1049
"Chief Justice, 1st Court of Appeals",0019,549,293,942,1288,73.14%,317,575,892
"Chief Justice, 1st Court of Appeals",0020,1007,335,1342,2780,48.27%,449,821,1270
"Chief Justice, 1st Court of Appeals",0021,540,207,747,1229,60.78%,172,542,714
"Chief Justice, 1st Court of Appeals",0022,936,419,1355,2501,54.18%,230,1072,1302
"Chief Justice, 1st Court of Appeals",0023,132,74,206,551,37.39%,34,163,197
"Chief Justice, 1st Court of Appeals",0024,293,36,329,712,46.21%,67,249,316
"Chief Justice, 1st Court of Appeals",0025,239,292,531,1105,48.05%,28,486,514
"Chief Justice, 1st Court of Appeals",0026,835,313,1148,1969,58.30%,234,831,1065
"Chief Justice, 1st Court of Appeals",0027,1392,508,1900,3271,58.09%,412,1359,1771
"Chief Justice, 1st Court of Appeals",0028,1514,446,1960,3307,59.27%,1093,801,1894
"Chief Justice, 1st Court of Appeals",0029,548,490,1138,2722,41.81%,348,724,1072
"Chief Justice, 1st Court of Appeals",0030,1287,546,1833,2818,65.05%,559,1164,1723
"Chief Justice, 1st Court of Appeals",0031,784,453,1237,2656,46.57%,45,1141,1186
"Chief Justice, 1st Court of Appeals",0032,1254,504,1758,2728,64.44%,759,884,1643
"Chief Justice, 1st Court of Appeals",0033,2074,554,2528,3907,67.26%,1011,1435,2446
"Chief Justice, 1st Court of Appeals",0034,1512,517,2129,3044,69.94%,517,1512,2029
Office,Precinct,Early Ballots Cast,Election Ballots Cast,Total Ballots Cast,Registered Voters,Percent Turnout,REP Sherry Radack,DEM Jim Peacock,Totals
"Chief Justice, 1st Court of Appeals",0035,5,0,5,14,35.71%,3,2,5
"Chief Justice, 1st Court of Appeals",0036,1032,516,1548,3100,49.94%,328,1135,1463
"Chief Justice, 1st Court of Appeals",0037,1526,409,1935,2467,78.44%,698,1115,1813
"Chief Justice, 1st Court of Appeals",0038,1876,436,2312,3081,75.04%,826,1356,2182
"Chief Justice, 1st Court of Appeals",0039,1707,492,2199,3070,71.63%,659,1410,2069
"Chief Justice, 1st Court of Appeals",0040,275,107,382,527,72.49%,207,153,360
"Chief Justice, 1st Court of Appeals",0041,712,264,976,1518,64.30%,404,535,939
"Chief Justice, 1st Court of Appeals",0042,438,109,547,1062,51.51%,14,523,537
"Chief Justice, 1st Court of Appeals",0043,815,300,1115,1972,56.54%,469,580,1049
"Chief Justice, 1st Court of Appeals",0044,727,310,1037,2126,48.78%,228,717,945
"Chief Justice, 1st Court of Appeals",0045,2263,1021,3284,5740,57.21%,631,2490,3121
"Chief Justice, 1st Court of Appeals",0046,875,341,1216,2568,47.35%,186,953,1139
"Chief Justice, 1st Court of Appeals",0047,505,268,773,1618,47.78%,45,701,746
"Chief Justice, 1st Court of Appeals",0048,348,168,516,967,53.36%,54,432,486
"Chief Justice, 1st Court of Appeals",0049,1547,731,2278,3709,61.42%,1493,694,2187
"Chief Justice, 1st Court of Appeals",0050,1838,680,2518,4314,58.37%,1225,1210,2435
"Chief Justice, 1st Court of Appeals",0051,829,271,1100,1734,63.44%,793,266,1059
"Chief Justice, 1st Court of Appeals",0052,1402,456,1858,2581,71.99%,895,849,1744
"Chief Justice, 1st Court of Appeals",0053,1676,613,2289,3083,74.25%,1020,1110,2130
"Chief Justice, 1st Court of Appeals",0054,1054,211,1265,1619,78.13%,617,568,1185
"Chief Justice, 1st Court of Appeals",0055,1265,410,1675,2094,79.99%,717,841,1558
"Chief Justice, 1st Court of Appeals",0056,698,283,981,1393,70.42%,585,355,940
"Chief Justice, 1st Court of Appeals",0057,2043,567,2610,3325,78.50%,1132,1315,2447
"Chief Justice, 1st Court of Appeals",0058,1717,484,2201,3031,72.62%,1023,1048,2071
"Chief Justice, 1st Court of Appeals",0059,1592,439,2031,2671,76.04%,888,1039,1927
"Chief Justice, 1st Court of Appeals",0060,1,â€™474,537,2011,2766,72.70%,584,1308,1892
"Chief Justice, 1st Court of Appeals",0061,519,423,942,1847,51.00%,238,647,885
"Chief Justice, 1st Court of Appeals",0062,689,452,1141,2195,51.98%,221,834,1055
"Chief Justice, 1st Court of Appeals",0063,767,391,1158,1903,60.85%,901,211,1112
"Chief Justice, 1st Court of Appeals",0064,678,368,1046,2220,47.12%,194,780,974
"Chief Justice, 1st Court of Appeals",0065,638,435,1073,2178,49.27%,170,845,1015
"Chief Justice, 1st Court of Appeals",0066,247,255,502,1135,44.23%,87,382,469
"Chief Justice, 1st Court of Appeals",0067,942,521,1463,3019,48.46%,281,1065,1346
"Chief Justice, 1st Court of Appeals",0068,1172,430,1602,3096,51.74%,52,1495,1547
Office,Precinct,Early Ballots Cast,Election Ballots Cast,Total Ballots Cast,Registered Voters,Percent Turnout,REP Sherry Radack,DEM Jim Peacock,Totals
"Chief Justice, 1st Court of Appeals",0069,375,222,597,1309,45.61%,90,459,549
"Chief Justice, 1st Court of Appeals",0070,2288,670,2958,3815,77.54%,1745,1067,2812
"Chief Justice, 1st Court of Appeals",0071,2708,947,3655,5016,72.87%,1800,1671,3471
"Chief Justice, 1st Court of Appeals",0072,736,418,1154,2029,56.88%,268,811,1079
"Chief Justice, 1st Court of Appeals",0073,813,282,1095,1621,67.55%,577,457,1034
"Chief Justice, 1st Court of Appeals",0074,2503,268,2771,3578,77.45%,2079,585,2664
"Chief Justice, 1st Court of Appeals",0075,1001,286,1287,1684,76.43%,589,622,1211
"Chief Justice, 1st Court of Appeals",0076,1015,427,1442,2441,59.07%,689,679,1368
"Chief Justice, 1st Court of Appeals",0077,2,5,7,17,41.18%,1,6,7
"Chief Justice, 1st Court of Appeals",0078,618,254,872,1608,54.23%,224,576,800
"Chief Justice, 1st Court of Appeals",0079,831,602,1433,2963,48.36%,242,1087,1329
"Chief Justice, 1st Court of Appeals",0080,1175,466,1641,2840,57.78%,362,1194,1556
"Chief Justice, 1st Court of Appeals",0081,776,273,1049,1964,53.41%,286,702,988
"Chief Justice, 1st Court of Appeals",0082,1585,756,2341,3539,66.15%,1662,589,2251
"Chief Justice, 1st Court of Appeals",0083,1831,540,2371,4174,56.80%,884,1401,2285
"Chief Justice, 1st Court of Appeals",0084,573,257,830,1421,58.41%,576,230,806
"Chief Justice, 1st Court of Appeals",0085,588,329,917,2169,42.28%,44,842,886
"Chief Justice, 1st Court of Appeals",0086,2034,493,2527,3449,73.27%,1200,1183,2383
"Chief Justice, 1st Court of Appeals",0087,1451,719,2170,2839,76.44%,1419,649,2068
"Chief Justice, 1st Court of Appeals",0088,338,141,479,784,61.10%,308,148,456
"Chief Justice, 1st Court of Appeals",0089,398,424,822,1094,75.14%,502,278,780
"Chief Justice, 1st Court of Appeals",0090,1859,890,2749,3883,70.80%,2006,641,2647
"Chief Justice, 1st Court of Appeals",0091,673,339,1012,1724,58.70%,553,396,949
"Chief Justice, 1st Court of Appeals",0092,1263,474,1737,2260,76.86%,1123,536,1659
"Chief Justice, 1st Court of Appeals",0093,1048,619,1667,3536,47.14%,474,1116,1590
"Chief Justice, 1st Court of Appeals",0094,202,63,265,580,45.69%,47,204,251
"Chief Justice, 1st Court of Appeals",0095,2022,534,2556,3394,75.31%,1684,784,2468
"Chief Justice, 1st Court of Appeals",0096,828,306,1134,2060,55.05%,148,931,1079
"Chief Justice, 1st Court of Appeals",0097,2513,467,2980,4414,67.51%,2169,690,2859
"Chief Justice, 1st Court of Appeals",0098,1385,594,1979,3161,62.61%,1588,321,1909
"Chief Justice, 1st Court of Appeals",0099,681,295,976,2192,44.53%,400,535,935
"Chief Justice, 1st Court of Appeals",0100,529,276,805,1825,44.11%,325,448,773
"Chief Justice, 1st Court of Appeals",0101,221,129,350,988,35.43%,84,252,336
"Chief Justice, 1st Court of Appeals",0102,581,227,808,1907,42.37%,203,562,765
Office,Precinct,Early Ballots Cast,Election Ballots Cast,Total Ballots Cast,Registered Voters,Percent Turnout,REP Sherry Radack,DEM Jim Peacock,Totals
"Chief Justice, 1st Court of Appeals",0103,2146,985,3131,5097,61.43%,1461,1570,3031
"Chief Justice, 1st Court of Appeals",0104,914,211,1125,1920,58.59%,31,1059,1090
"Chief Justice, 1st Court of Appeals",0105,709,433,1142,2304,49.57%,268,791,1059
"Chief Justice, 1st Court of Appeals",0106,73,59,132,299,44.15%,43,84,127
"Chief Justice, 1st Court of Appeals",0107,592,403,995,2230,44.62%,152,801,953
"Chief Justice, 1st Court of Appeals",0108,1463,448,1911,3674,52.01%,891,905,1796
"Chief Justice, 1st Court of Appeals",0109,1098,278,1376,2909,47.30%,47,1282,1329
"Chief Justice, 1st Court of Appeals",0110,1662,481,2143,3222,66.51%,1209,853,2062
"Chief Justice, 1st Court of Appeals",0111,2700,866,3566,4792,74.42%,2458,980,3438
"Chief Justice, 1st Court of Appeals",0112,1507,598,2105,3188,66.03%,1373,645,2018
"Chief Justice, 1st Court of Appeals",0113,1307,418,1725,2718,63.47%,893,774,1667
"Chief Justice, 1st Court of Appeals",0114,2290,506,2796,3885,71.97%,2008,680,2688
"Chief Justice, 1st Court of Appeals",0115,609,272,881,1843,47.80%,80,760,840
"Chief Justice, 1st Court of Appeals",0116,1898,599,2497,3194,78.18%,1886,523,2409
"Chief Justice, 1st Court of Appeals",0117,573,379,952,1900,50.11%,328,559,887
"Chief Justice, 1st Court of Appeals",0118,1823,530,2353,3181,73.97%,1220,1033,2253
"Chief Justice, 1st Court of Appeals",0119,2761,409,3170,4682,67.71%,2452,600,3052
"Chief Justice, 1st Court of Appeals",0120,1807,588,2395,3732,64.17%,1406,878,2284
"Chief Justice, 1st Court of Appeals",0121,354,221,575,966,59.52%,349,207,556
"Chief Justice, 1st Court of Appeals",0122,732,284,1016,1904,53.36%,60,909,969
"Chief Justice, 1st Court of Appeals",0123,749,287,1036,1585,65.36%,305,688,993
"Chief Justice, 1st Court of Appeals",0124,3136,888,4024,5393,74.62%,3134,779,3913
"Chief Justice, 1st Court of Appeals",0125,1207,400,1607,2593,61.97%,841,700,1541
"Chief Justice, 1st Court of Appeals",0126,2017,427,2444,3380,72.31%,2040,314,2354
"Chief Justice, 1st Court of Appeals",0127,978,214,1192,2091,57.01%,819,316,1135
"Chief Justice, 1st Court of Appeals",0128,1107,612,1719,2322,74.03%,1092,516,1608
"Chief Justice, 1st Court of Appeals",0129,2543,1052,3595,5172,69.51%,2113,1320,3433
"Chief Justice, 1st Court of Appeals",0130,1312,433,1745,2289,76.23%,1261,421,1682
"Chief Justice, 1st Court of Appeals",0131,798,371,1169,2147,54.45%,254,887,1141
"Chief Justice, 1st Court of Appeals",0132,1030,322,1352,2378,56.85%,42,1279,1321
"Chief Justice, 1st Court of Appeals",0133,1411,746,2157,2690,80.19%,1258,779,2037
"Chief Justice, 1st Court of Appeals",0134,593,345,938,1513,62.00%,371,521,892
"Chief Justice, 1st Court of Appeals",0135,1615,551,2166,2777,78.00%,1436,620,2056
"Chief Justice, 1st Court of Appeals",0136,982,352,1334,2116,63.04%,88,1197,1285
Office,Precinct,Early Ballots Cast,Election Ballots Cast,Total Ballots Cast,Registered Voters,Percent Turnout,REP Sherry Radack,DEM Jim Peacock,Totals
"Chief Justice, 1st Court of Appeals",0137,993,259,1252,1986,63.04%,824,384,1208
"Chief Justice, 1st Court of Appeals",0138,600,228,828,1723,48.06%,40,764,804
"Chief Justice, 1st Court of Appeals",0139,1940,601,2541,3435,73.97%,1207,1178,2385
"Chief Justice, 1st Court of Appeals",0140,1518,510,2028,3270,62.02%,340,1588,1928
"Chief Justice, 1st Court of Appeals",0141,217,153,370,904,40.93%,195,147,342
"Chief Justice, 1st Court of Appeals",0142,293,140,433,933,46.41%,86,316,402
"Chief Justice, 1st Court of Appeals",0143,1868,267,2135,2582,82.69%,1390,683,2073
"Chief Justice, 1st Court of Appeals",0144,442,125,567,1086,52.21%,19,524,543
"Chief Justice, 1st Court of Appeals",0145,560,256,816,1564,52.17%,17,774,791
"Chief Justice, 1st Court of Appeals",0146,1000,494,1494,2073,72.07%,650,772,1422
"Chief Justice, 1st Court of Appeals",0147,1412,354,1766,3211,55.00%,223,1484,1707
"Chief Justice, 1st Court of Appeals",0148,1266,652,1918,2571,74.60%,832,982,1814
"Chief Justice, 1st Court of Appeals",0149,2939,573,3512,4756,73.84%,1944,1460,3404
"Chief Justice, 1st Court of Appeals",0150,582,223,805,1574,51.14%,34,742,776
"Chief Justice, 1st Court of Appeals",0151,282,107,389,826,47.09%,17,354,371
"Chief Justice, 1st Court of Appeals",0152,838,524,1362,3059,44.52%,269,1013,1282
"Chief Justice, 1st Court of Appeals",0153,544,399,943,1873,50.35%,199,698,897
"Chief Justice, 1st Court of Appeals",0154,913,289,1202,2293,52.42%,240,873,1113
"Chief Justice, 1st Court of Appeals",0155,2275,576,2851,4065,70.14%,1809,927,2736
"Chief Justice, 1st Court of Appeals",0156,1415,403,1818,3223,56.41%,101,1641,1742
"Chief Justice, 1st Court of Appeals",0157,880,278,1158,2265,51.13%,62,1052,1114
"Chief Justice, 1st Court of Appeals",0158,1144,365,1509,3049,49.49%,44,1424,1468
"Chief Justice, 1st Court of Appeals",0159,348,147,495,997,49.65%,81,395,476
"Chief Justice, 1st Court of Appeals",0160,286,67,353,717,49.23%,15,324,339
"Chief Justice, 1st Court of Appeals",0161,378,173,551,992,55.54%,20,508,528
"Chief Justice, 1st Court of Appeals",0162,364,267,631,1312,48.09%,150,439,589
"Chief Justice, 1st Court of Appeals",0163,1080,524,1604,3075,52.16%,439,1015,1454
"Chief Justice, 1st Court of Appeals",0164,441,258,699,1407,49.68%,25,644,669
"Chief Justice, 1st Court of Appeals",0165,1171,469,1640,2460,66.67%,938,618,1556
"Chief Justice, 1st Court of Appeals",0166,562,261,823,1171,70.28%,287,488,775
"Chief Justice, 1st Court of Appeals",0167,5,2,7,24,29.17%,0,6,6
"Chief Justice, 1st Court of Appeals",0168,196,59,255,512,49.80%,5,245,250
"Chief Justice, 1st Court of Appeals",0169,985,247,1232,2548,48.35%,37,1152,1189
"Chief Justice, 1st Court of Appeals",0170,563,262,925,1958,47.24%,407,456,863
Office,Precinct,Early Ballots Cast,Election Ballots Cast,Total Ballots Cast,Registered Voters,Percent Turnout,REP Sherry Radack,DEM Jim Peacock,Totals
"Chief Justice, 1st Court of Appeals",0171,482,283,765,1648,46.42%,37,693,730
"Chief Justice, 1st Court of Appeals",0172,245,103,348,661,52.65%,88,242,330
"Chief Justice, 1st Court of Appeals",0173,2261,683,2944,3966,74.23%,2143,682,2825
"Chief Justice, 1st Court of Appeals",0174,1717,707,2424,3389,71.53%,1598,700,2298
"Chief Justice, 1st Court of Appeals",0175,1402,691,2093,2711,77.20%,1118,855,1973
"Chief Justice, 1st Court of Appeals",0176,767,375,1142,1533,74.49%,602,474,1076
"Chief Justice, 1st Court of Appeals",0177,938,333,1271,1715,74.11%,707,486,1193
"Chief Justice, 1st Court of Appeals",0178,1116,273,1389,1795,77.38%,941,372,1313
"Chief Justice, 1st Court of Appeals",0179,771,244,1015,1673,60.67%,484,477,961
"Chief Justice, 1st Court of Appeals",0180,928,463,1391,2914,47.74%,57,1272,1329
"Chief Justice, 1st Court of Appeals",0181,697,439,1136,2195,51.75%,261,814,1075
"Chief Justice, 1st Court of Appeals",0182,1944,994,2938,4071,72.17%,1632,1136,2768
"Chief Justice, 1st Court of Appeals",0183,1286,715,2001,2535,78.93%,1326,565,1891
"Chief Justice, 1st Court of Appeals",0184,278,219,497,1048,47.42%,128,336,464
"Chief Justice, 1st Court of Appeals",0185,709,444,1153,2054,56.13%,293,789,1082
"Chief Justice, 1st Court of Appeals",0186,252,150,402,798,50.38%,34,353,387
"Chief Justice, 1st Court of Appeals",0187,95,51,147,309,47.57%,23,109,132
"Chief Justice, 1st Court of Appeals",0188,499,306,805,1711,47.05%,244,523,767
"Chief Justice, 1st Court of Appeals",0189,804,279,1083,1505,71.96%,609,413,1022
"Chief Justice, 1st Court of Appeals",0190,571,326,897,1849,48.51%,249,590,839
"Chief Justice, 1st Court of Appeals",0191,327,259,586,1408,41.62%,172,387,559
"Chief Justice, 1st Court of Appeals",0192,757,259,1016,1959,51.86%,69,908,977
"Chief Justice, 1st Court of Appeals",0193,376,211,587,1099,53.41%,31,534,565
"Chief Justice, 1st Court of Appeals",0194,1141,449,1590,2172,73.20%,472,1033,1505
"Chief Justice, 1st Court of Appeals",0195,606,344,950,1739,54.63%,49,853,902
"Chief Justice, 1st Court of Appeals",0196,132,37,169,313,53.99%,15,142,157
"Chief Justice, 1st Court of Appeals",0197,995,372,1368,2969,46.08%,67,1257,1324
"Chief Justice, 1st Court of Appeals",0198,161,82,243,619,39.26%,10,224,234
"Chief Justice, 1st Court of Appeals",0199,1929,815,2744,4063,67.54%,2034,609,2643
"Chief Justice, 1st Court of Appeals",0200,2308,377,2685,3692,72.72%,1276,1270,2546
"Chief Justice, 1st Court of Appeals",0201,222,105,327,773,42.30%,12,305,317
"Chief Justice, 1st Court of Appeals",0202,421,233,654,1410,46.38%,32,598,630
"Chief Justice, 1st Court of Appeals",0203,298,111,409,988,41.40%,68,315,383
"Chief Justice, 1st Court of Appeals",0204,2099,577,2676,3568,75.00%,1440,1085,2525
Office,Precinct,Early Ballots Cast,Election Ballots Cast,Total Ballots Cast,Registered Voters,Percent Turnout,REP Sherry Radack,DEM Jim Peacock,Totals
"Chief Justice, 1st Court of Appeals",0205,772,171,943,1724,54.70%,26,890,916
"Chief Justice, 1st Court of Appeals",0206,1277,494,1771,2965,59.73%,537,1111,1648
"Chief Justice, 1st Court of Appeals",0207,605,212,817,1166,70.07%,263,505,768
"Chief Justice, 1st Court of Appeals",0208,909,338,1247,2256,55.27%,279,880,1159
"Chief Justice, 1st Court of Appeals",0209,0,0,0,0,0.00%,0,0,0
"Chief Justice, 1st Court of Appeals",0210,1261,489,1750,2781,62.93%,298,1384,1682
"Chief Justice, 1st Court of Appeals",0211,964,595,1559,3130,49.81%,427,1023,1450
"Chief Justice, 1st Court of Appeals",0212,309,323,632,1370,46.13%,101,484,585
"Chief Justice, 1st Court of Appeals",0213,1782,795,2577,3406,75.66%,2042,455,2497
"Chief Justice, 1st Court of Appeals",0214,1016,418,1434,1911,75.04%,861,484,1345
"Chief Justice, 1st Court of Appeals",0215,1097,636,1733,2286,75.81%,1023,617,1640
"Chief Justice, 1st Court of Appeals",0216,778,244,1022,1966,51.98%,71,910,981
"Chief Justice, 1st Court of Appeals",0217,1545,618,2163,2736,79.06%,1443,636,2079
"Chief Justice, 1st Court of Appeals",0218,1100,457,1557,2467,63.11%,401,1042,1443
"Chief Justice, 1st Court of Appeals",0219,1118,515,1633,2868,56.94%,159,1391,1550
"Chief Justice, 1st Court of Appeals",0220,833,306,1139,2362,48.22%,713,369,1082
"Chief Justice, 1st Court of Appeals",0221,1032,473,1505,2598,57.93%,480,936,1416
"Chief Justice, 1st Court of Appeals",0222,1460,671,2131,2728,78.12%,1074,939,2013
"Chief Justice, 1st Court of Appeals",0223,1751,517,2268,3664,61.90%,607,1538,2145
"Chief Justice, 1st Court of Appeals",0224,1155,495,1551,2313,71.81%,782,782,1564
"Chief Justice, 1st Court of Appeals",0225,1353,596,1949,3689,52.83%,814,1058,1872
"Chief Justice, 1st Court of Appeals",0226,840,421,1261,2554,49.37%,244,958,1202
"Chief Justice, 1st Court of Appeals",0227,1071,359,1430,1810,79.01%,1108,271,1379
"Chief Justice, 1st Court of Appeals",0228,625,159,784,1175,66.72%,46,725,771
"Chief Justice, 1st Court of Appeals",0229,227,168,395,828,47.71%,100,267,367
"Chief Justice, 1st Court of Appeals",0230,353,185,518,1094,47.35%,22,475,497
"Chief Justice, 1st Court of Appeals",0231,801,445,1246,2376,52.44%,259,920,1179
"Chief Justice, 1st Court of Appeals",0232,941,438,1379,1826,75.52%,774,523,1297
"Chief Justice, 1st Court of Appeals",0233,2575,703,3278,4713,69.55%,1542,1548,3090
"Chief Justice, 1st Court of Appeals",0234,2421,728,3149,4042,77.91%,2374,654,3028
"Chief Justice, 1st Court of Appeals",0235,461,203,664,1421,46.73%,31,603,634
"Chief Justice, 1st Court of Appeals",0236,555,308,964,2104,45.82%,53,879,932
"Chief Justice, 1st Court of Appeals",0237,739,312,1051,2146,48.97%,27,994,1021
"Chief Justice, 1st Court of Appeals",0238,606,317,923,1948,47.38%,33,851,884
Office,Precinct,Early Ballots Cast,Election Ballots Cast,Total Ballots Cast,Registered Voters,Percent Turnout,REP Sherry Radack,DEM Jim Peacock,Totals
"Chief Justice, 1st Court of Appeals",0239,694,334,1028,1984,51.81%,42,961,1003
"Chief Justice, 1st Court of Appeals",0240,1007,292,1299,2601,49.94%,35,1235,1270
"Chief Justice, 1st Court of Appeals",0241,651,383,1034,2466,41.93%,326,666,992
"Chief Justice, 1st Court of Appeals",0242,506,314,820,1744,47.02%,359,409,768
"Chief Justice, 1st Court of Appeals",0243,245,42,287,475,60.42%,6,278,284
"Chief Justice, 1st Court of Appeals",0244,1410,538,1948,3296,59.10%,924,940,1864
"Chief Justice, 1st Court of Appeals",0245,2100,811,2911,4679,62.21%,1802,981,2783
"Chief Justice, 1st Court of Appeals",0246,2210,482,2692,3971,67.79%,1661,947,2608
"Chief Justice, 1st Court of Appeals",0247,440,376,816,1595,51.16%,26,776,802
"Chief Justice, 1st Court of Appeals",0248,453,347,800,2147,37.26%,168,588,756
"Chief Justice, 1st Court of Appeals",0249,1126,365,1491,2825,52.78%,922,529,1451
"Chief Justice, 1st Court of Appeals",0250,288,183,471,925,50.92%,20,440,460
"Chief Justice, 1st Court of Appeals",0251,806,378,1184,2132,55.53%,60,1078,1138
"Chief Justice, 1st Court of Appeals",0252,925,309,1235,2292,53.88%,31,1166,1197
"Chief Justice, 1st Court of Appeals",0253,750,311,1071,2154,49.72%,35,1011,1046
"Chief Justice, 1st Court of Appeals",0254,411,280,691,1675,41.25%,138,518,656
"Chief Justice, 1st Court of Appeals",0255,1256,586,1842,2489,74.01%,848,896,1744
"Chief Justice, 1st Court of Appeals",0256,1398,583,1981,3321,59.65%,676,1191,1867
"Chief Justice, 1st Court of Appeals",0257,999,622,1621,3497,46.35%,369,1179,1548
"Chief Justice, 1st Court of Appeals",0258,1948,608,2555,3346,76.39%,1855,596,2451
"Chief Justice, 1st Court of Appeals",0259,1030,414,1444,2312,62.46%,45,1359,1404
"Chief Justice, 1st Court of Appeals",0260,547,227,774,1300,59.54%,376,356,732
"Chief Justice, 1st Court of Appeals",0261,442,531,973,1457,66.78%,254,664,918
"Chief Justice, 1st Court of Appeals",0262,1847,676,2523,4397,57.38%,1351,1040,2391
"Chief Justice, 1st Court of Appeals",0263,2208,665,2873,4016,71.54%,2015,742,2757
"Chief Justice, 1st Court of Appeals",0264,1112,627,1739,3101,56.08%,868,780,1648
"Chief Justice, 1st Court of Appeals",0265,1992,608,2600,3582,72.59%,1866,610,2476
"Chief Justice, 1st Court of Appeals",0266,737,443,1180,2147,54.96%,425,699,1124
"Chief Justice, 1st Court of Appeals",0267,421,293,714,1433,49.83%,251,421,672
"Chief Justice, 1st Court of Appeals",0268,1175,689,1864,2528,73.73%,1092,658,1750
"Chief Justice, 1st Court of Appeals",0269,1306,365,1671,2114,79.04%,1270,333,1603
"Chief Justice, 1st Court of Appeals",0270,1816,688,2504,3985,62.84%,1253,1127,2380
"Chief Justice, 1st Court of Appeals",0271,1150,346,1496,2558,58.48%,46,1419,1465
"Chief Justice, 1st Court of Appeals",0272,871,415,1286,2334,55.10%,455,765,1220
Office,Precinct,Early Ballots Cast,Election Ballots Cast,Total Ballots Cast,Registered Voters,Percent Turnout,REP Sherry Radack,DEM Jim Peacock,Totals
"Chief Justice, 1st Court of Appeals",0273,1175,647,1822,2485,73.32%,1433,333,1766
"Chief Justice, 1st Court of Appeals",0274,1263,311,1574,2223,70.81%,1003,480,1483
"Chief Justice, 1st Court of Appeals",0275,585,334,919,2059,44.63%,152,728,880
"Chief Justice, 1st Court of Appeals",0276,1027,255,1282,2458,52.16%,29,1225,1254
"Chief Justice, 1st Court of Appeals",0277,573,338,911,1898,48.00%,308,570,878
"Chief Justice, 1st Court of Appeals",0278,1059,469,1528,2602,58.72%,636,811,1447
"Chief Justice, 1st Court of Appeals",0279,789,314,1103,2073,53.21%,604,456,1060
"Chief Justice, 1st Court of Appeals",0280,444,362,806,1656,48.67%,222,535,757
"Chief Justice, 1st Court of Appeals",0281,1287,590,1877,2507,74.87%,973,789,1762
"Chief Justice, 1st Court of Appeals",0282,774,604,1378,2144,64.27%,784,537,1321
"Chief Justice, 1st Court of Appeals",0283,2352,1143,3495,6365,54.91%,495,2873,3368
"Chief Justice, 1st Court of Appeals",0284,1585,574,2159,4079,52.93%,717,1344,2061
"Chief Justice, 1st Court of Appeals",0285,1078,431,1509,2680,56.31%,125,1332,1457
"Chief Justice, 1st Court of Appeals",0286,1712,545,2257,3757,60.07%,201,1978,2179
"Chief Justice, 1st Court of Appeals",0287,851,408,1259,1658,75.93%,619,578,1197
"Chief Justice, 1st Court of Appeals",0288,883,314,1197,2208,54.21%,31,1136,1167
"Chief Justice, 1st Court of Appeals",0289,481,352,833,1584,52.59%,296,478,774
"Chief Justice, 1st Court of Appeals",0290,705,332,1037,1623,63.89%,747,262,1009
"Chief Justice, 1st Court of Appeals",0291,604,233,837,1218,68.72%,368,428,796
"Chief Justice, 1st Court of Appeals",0292,549,178,727,1379,52.72%,85,615,700
"Chief Justice, 1st Court of Appeals",0293,778,475,1253,1811,69.19%,538,640,1178
"Chief Justice, 1st Court of Appeals",0294,852,198,1050,2054,51.12%,22,1008,1030
"Chief Justice, 1st Court of Appeals",0295,270,111,381,894,42.62%,12,360,372
"Chief Justice, 1st Court of Appeals",0296,701,385,1086,1705,63.70%,554,468,1022
"Chief Justice, 1st Court of Appeals",0297,730,341,1071,2055,52.12%,378,641,1019
"Chief Justice, 1st Court of Appeals",0298,1095,387,1482,2236,66.28%,736,686,1422
"Chief Justice, 1st Court of Appeals",0299,499,236,735,1506,48.80%,226,459,685
"Chief Justice, 1st Court of Appeals",0300,3385,728,4113,5480,75.05%,3068,900,3968
"Chief Justice, 1st Court of Appeals",0301,737,392,1129,2337,48.31%,377,690,1067
"Chief Justice, 1st Court of Appeals",0302,1199,591,1790,3277,54.62%,876,845,1721
"Chief Justice, 1st Court of Appeals",0303,1896,692,2588,3375,76.68%,1988,503,2491
"Chief Justice, 1st Court of Appeals",0304,1190,474,1664,2326,71.54%,969,607,1576
"Chief Justice, 1st Court of Appeals",0305,2154,645,2799,4838,57.85%,888,1785,2673
"Chief Justice, 1st Court of Appeals",0306,1096,299,1395,1896,73.58%,982,347,1329
Office,Precinct,Early Ballots Cast,Election Ballots Cast,Total Ballots Cast,Registered Voters,Percent Turnout,REP Sherry Radack,DEM Jim Peacock,Totals
"Chief Justice, 1st Court of Appeals",0307,1456,801,2257,3270,69.02%,1474,663,2137
"Chief Justice, 1st Court of Appeals",0308,526,225,751,1457,51.54%,186,518,704
"Chief Justice, 1st Court of Appeals",0309,2160,591,2751,3495,78.71%,2141,515,2656
"Chief Justice, 1st Court of Appeals",0310,709,326,1035,1464,70.70%,631,348,979
"Chief Justice, 1st Court of Appeals",0311,932,643,1575,3222,48.88%,725,742,1467
"Chief Justice, 1st Court of Appeals",0312,1709,552,2261,3724,60.71%,1178,973,2151
"Chief Justice, 1st Court of Appeals",0313,23,8,31,61,50.82%,17,6,23
"Chief Justice, 1st Court of Appeals",0314,2998,817,3815,5606,68.05%,2153,1530,3683
"Chief Justice, 1st Court of Appeals",0315,802,353,1155,1636,70.60%,680,425,1105
"Chief Justice, 1st Court of Appeals",0316,741,340,1081,1513,71.45%,601,418,1019
"Chief Justice, 1st Court of Appeals",0317,593,252,845,1661,50.87%,230,573,803
"Chief Justice, 1st Court of Appeals",0318,1728,529,2257,3776,59.77%,140,2049,2189
"Chief Justice, 1st Court of Appeals",0319,995,271,1266,2199,57.57%,71,1157,1228
"Chief Justice, 1st Court of Appeals",0320,554,238,792,1570,50.45%,278,470,748
"Chief Justice, 1st Court of Appeals",0321,867,363,1230,2483,49.54%,343,797,1140
"Chief Justice, 1st Court of Appeals",0322,426,124,550,1210,45.45%,166,368,534
"Chief Justice, 1st Court of Appeals",0323,700,296,996,1793,55.55%,373,581,954
"Chief Justice, 1st Court of Appeals",0324,1445,560,2005,2607,76.91%,1258,644,1902
"Chief Justice, 1st Court of Appeals",0325,802,257,1059,2176,48.67%,190,810,1000
"Chief Justice, 1st Court of Appeals",0326,271,129,400,736,54.35%,147,223,370
"Chief Justice, 1st Court of Appeals",0327,739,141,880,1758,50.06%,24,825,849
"Chief Justice, 1st Court of Appeals",0328,425,286,711,1631,43.59%,204,463,667
"Chief Justice, 1st Court of Appeals",0329,590,260,850,1621,52.44%,252,553,805
"Chief Justice, 1st Court of Appeals",0330,864,326,1190,2146,55.45%,529,601,1130
"Chief Justice, 1st Court of Appeals",0331,885,234,1119,1612,69.42%,688,380,1068
"Chief Justice, 1st Court of Appeals",0332,1358,503,1861,2926,63.60%,190,1594,1784
"Chief Justice, 1st Court of Appeals",0333,1387,942,2329,3296,70.66%,1622,598,2220
"Chief Justice, 1st Court of Appeals",0334,246,104,350,786,44.53%,55,281,336
"Chief Justice, 1st Court of Appeals",0335,489,293,782,1679,46.58%,193,534,727
"Chief Justice, 1st Court of Appeals",0336,2490,689,3179,4771,66.63%,331,2758,3089
"Chief Justice, 1st Court of Appeals",0337,369,155,524,1108,47.29%,75,417,492
"Chief Justice, 1st Court of Appeals",0338,1627,632,2259,5001,45.17%,577,1565,2142
"Chief Justice, 1st Court of Appeals",0339,704,303,1007,1909,52.75%,198,746,944
"Chief Justice, 1st Court of Appeals",0340,2041,654,2695,4012,67.17%,1882,702,2584
Office,Precinct,Early Ballots Cast,Election Ballots Cast,Total Ballots Cast,Registered Voters,Percent Turnout,REP Sherry Radack,DEM Jim Peacock,Totals
"Chief Justice, 1st Court of Appeals",0341,380,278,658,1372,47.96%,147,471,618
"Chief Justice, 1st Court of Appeals",0342,311,225,536,1092,49.08%,116,392,508
"Chief Justice, 1st Court of Appeals",0343,722,370,1092,2099,52.02%,210,810,1020
"Chief Justice, 1st Court of Appeals",0344,381,207,588,1225,48.00%,26,531,557
"Chief Justice, 1st Court of Appeals",0345,576,349,925,1945,47.56%,192,679,871
"Chief Justice, 1st Court of Appeals",0346,1,0,1,1,100.00%,0,0,0
"Chief Justice, 1st Court of Appeals",0347,1462,618,2080,3614,57.55%,1177,825,2002
"Chief Justice, 1st Court of Appeals",0348,831,242,1073,1796,59.74%,710,319,1029
"Chief Justice, 1st Court of Appeals",0349,459,369,828,1372,60.35%,489,316,805
"Chief Justice, 1st Court of Appeals",0350,1678,582,2260,3269,69.13%,840,1261,2101
"Chief Justice, 1st Court of Appeals",0351,2856,570,3426,4799,71.39%,2560,746,3306
"Chief Justice, 1st Court of Appeals",0352,2024,538,2562,4278,59.89%,1755,716,2471
"Chief Justice, 1st Court of Appeals",0353,1715,659,2374,4156,57.12%,399,1882,2281
"Chief Justice, 1st Court of Appeals",0354,1569,429,1998,3520,56.76%,448,1461,1909
"Chief Justice, 1st Court of Appeals",0355,821,239,1060,1714,61.84%,113,915,1028
"Chief Justice, 1st Court of Appeals",0356,1543,582,2125,3126,67.98%,1188,843,2031
"Chief Justice, 1st Court of Appeals",0357,1886,557,2443,3685,66.30%,1730,614,2344
"Chief Justice, 1st Court of Appeals",0358,775,376,1151,2634,43.70%,128,980,1108
"Chief Justice, 1st Court of Appeals",0359,804,496,1300,3320,39.16%,137,1121,1258
"Chief Justice, 1st Court of Appeals",0360,1859,597,2456,3309,74.22%,1187,1120,2307
"Chief Justice, 1st Court of Appeals",0361,323,688,1011,1808,55.92%,154,768,922
"Chief Justice, 1st Court of Appeals",0362,2865,553,3418,5161,66.23%,2381,919,3300
"Chief Justice, 1st Court of Appeals",0363,1826,635,2461,4160,59.16%,967,1422,2389
"Chief Justice, 1st Court of Appeals",0364,1190,528,1718,2827,60.77%,777,844,1621
"Chief Justice, 1st Court of Appeals",0365,827,174,1001,1348,74.26%,129,843,972
"Chief Justice, 1st Court of Appeals",0366,988,524,1512,2887,52.37%,329,1122,1451
"Chief Justice, 1st Court of Appeals",0367,453,204,657,1256,52.31%,154,465,619
"Chief Justice, 1st Court of Appeals",0368,433,122,555,1024,54.20%,143,391,534
"Chief Justice, 1st Court of Appeals",0369,135,29,164,678,24.19%,62,85,147
"Chief Justice, 1st Court of Appeals",0370,2525,627,3152,4531,69.57%,2229,801,3030
"Chief Justice, 1st Court of Appeals",0371,210,78,288,537,53.63%,11,271,282
"Chief Justice, 1st Court of Appeals",0372,510,180,690,1274,54.16%,80,590,670
"Chief Justice, 1st Court of Appeals",0373,61,13,74,163,45.40%,2,70,72
"Chief Justice, 1st Court of Appeals",0374,176,165,341,720,47.36%,82,243,325
Office,Precinct,Early Ballots Cast,Election Ballots Cast,Total Ballots Cast,Registered Voters,Percent Turnout,REP Sherry Radack,DEM Jim Peacock,Totals
"Chief Justice, 1st Court of Appeals",0375,745,510,1255,2836,44.25%,420,764,1184
"Chief Justice, 1st Court of Appeals",0376,753,344,1097,2060,53.25%,387,650,1037
"Chief Justice, 1st Court of Appeals",0377,1381,643,2024,3137,64.52%,1505,427,1932
"Chief Justice, 1st Court of Appeals",0378,621,447,1068,1856,57.54%,632,391,1023
"Chief Justice, 1st Court of Appeals",0379,857,388,1245,2149,57.93%,109,1096,1205
"Chief Justice, 1st Court of Appeals",0380,2734,551,3285,4380,75.00%,1686,1483,3169
"Chief Justice, 1st Court of Appeals",0381,1185,432,1517,3141,51.48%,603,940,1543
"Chief Justice, 1st Court of Appeals",0382,429,206,635,1035,61.35%,381,228,609
"Chief Justice, 1st Court of Appeals",0383,722,458,1180,2373,49.73%,350,767,1117
"Chief Justice, 1st Court of Appeals",0384,1153,444,1597,2725,58.61%,364,1172,1536
"Chief Justice, 1st Court of Appeals",0385,1141,561,1702,2207,77.12%,1310,317,1627
"Chief Justice, 1st Court of Appeals",0386,1658,419,2077,3105,66.89%,1452,567,2019
"Chief Justice, 1st Court of Appeals",0387,1704,780,2484,4340,57.24%,1625,753,2378
"Chief Justice, 1st Court of Appeals",0388,2899,711,3510,5413,66.69%,1674,1807,3481
"Chief Justice, 1st Court of Appeals",0389,397,293,690,1359,50.77%,105,550,655
"Chief Justice, 1st Court of Appeals",0390,701,271,972,1482,65.59%,138,803,941
"Chief Justice, 1st Court of Appeals",0391,990,336,1326,1978,67.04%,785,490,1275
"Chief Justice, 1st Court of Appeals",0392,653,145,798,1426,55.96%,17,760,777
"Chief Justice, 1st Court of Appeals",0393,427,257,684,1274,53.69%,311,336,647
"Chief Justice, 1st Court of Appeals",0394,236,126,362,914,39.61%,124,223,347
"Chief Justice, 1st Court of Appeals",0395,1007,371,1378,1875,73.49%,929,396,1325
"Chief Justice, 1st Court of Appeals",0396,1035,204,1239,2072,59.80%,35,1164,1199
"Chief Justice, 1st Court of Appeals",0397,204,117,321,796,40.33%,109,193,302
"Chief Justice, 1st Court of Appeals",0398,1761,654,2415,4200,57.50%,1074,1229,2303
"Chief Justice, 1st Court of Appeals",0399,1293,546,1839,3340,55.06%,698,1079,1777
"Chief Justice, 1st Court of Appeals",0400,1457,372,1839,2661,69.11%,1182,599,1781
"Chief Justice, 1st Court of Appeals",0401,703,257,960,1971,48.71%,45,865,910
"Chief Justice, 1st Court of Appeals",0402,898,262,1160,1911,60.70%,69,1056,1125
"Chief Justice, 1st Court of Appeals",0403,959,387,1346,1719,78.30%,758,508,1266
"Chief Justice, 1st Court of Appeals",0404,1034,445,1479,2717,54.44%,682,740,1422
"Chief Justice, 1st Court of Appeals",0405,1910,457,2367,3067,77.18%,1765,544,2309
"Chief Justice, 1st Court of Appeals",0406,275,65,340,649,52.39%,9,317,326
"Chief Justice, 1st Court of Appeals",0407,1703,860,2563,3969,64.58%,1521,909,2430
"Chief Justice, 1st Court of Appeals",0408,521,313,834,1740,47.93%,240,544,784
Office,Precinct,Early Ballots Cast,Election Ballots Cast,Total Ballots Cast,Registered Voters,Percent Turnout,REP Sherry Radack,DEM Jim Peacock,Totals
"Chief Justice, 1st Court of Appeals",0409,501,280,781,1608,48.57%,234,499,733
"Chief Justice, 1st Court of Appeals",0410,381,96,477,934,51.07%,88,372,460
"Chief Justice, 1st Court of Appeals",0411,699,418,1117,2426,46.04%,274,778,1052
"Chief Justice, 1st Court of Appeals",0412,156,80,236,478,49.37%,14,213,227
"Chief Justice, 1st Court of Appeals",0413,1547,456,2003,3081,65.01%,722,1191,1913
"Chief Justice, 1st Court of Appeals",0414,1576,514,2090,3586,58.28%,1495,512,2007
"Chief Justice, 1st Court of Appeals",0415,1076,573,1649,2284,72.20%,1113,470,1583
"Chief Justice, 1st Court of Appeals",0416,1444,845,2289,4009,57.10%,1103,1079,2182
"Chief Justice, 1st Court of Appeals",0417,1104,397,1501,2589,57.98%,622,814,1436
"Chief Justice, 1st Court of Appeals",0418,1336,663,1999,3940,50.74%,643,1240,1883
"Chief Justice, 1st Court of Appeals",0419,1166,477,1643,2702,60.81%,917,654,1571
"Chief Justice, 1st Court of Appeals",0420,2688,731,3419,4946,69.13%,2737,566,3303
"Chief Justice, 1st Court of Appeals",0421,1241,273,1514,2023,74.84%,708,754,1462
"Chief Justice, 1st Court of Appeals",0422,1357,401,1768,3348,52.81%,70,1644,1714
"Chief Justice, 1st Court of Appeals",0423,316,288,604,1423,42.45%,121,455,576
"Chief Justice, 1st Court of Appeals",0424,548,158,706,1079,65.43%,380,298,678
"Chief Justice, 1st Court of Appeals",0425,257,139,396,878,45.10%,111,266,377
"Chief Justice, 1st Court of Appeals",0426,486,228,714,1266,56.40%,364,319,683
"Chief Justice, 1st Court of Appeals",0427,437,155,592,1120,52.86%,192,360,552
"Chief Justice, 1st Court of Appeals",0428,1588,865,2553,5151,49.56%,626,1785,2411
"Chief Justice, 1st Court of Appeals",0429,948,649,1597,3311,48.23%,328,1190,1518
"Chief Justice, 1st Court of Appeals",0430,525,291,816,1794,45.48%,135,628,763
"Chief Justice, 1st Court of Appeals",0431,1219,604,1823,3860,47.23%,379,1356,1735
"Chief Justice, 1st Court of Appeals",0432,457,249,706,1568,45.03%,205,455,660
"Chief Justice, 1st Court of Appeals",0433,163,88,251,561,44.74%,55,182,237
"Chief Justice, 1st Court of Appeals",0434,832,293,1125,1557,72.25%,650,406,1056
"Chief Justice, 1st Court of Appeals",0435,1952,567,2519,3363,74.90%,1578,809,2387
"Chief Justice, 1st Court of Appeals",0436,2011,678,2689,3809,70.60%,1517,1035,2552
"Chief Justice, 1st Court of Appeals",0437,1148,425,1573,2094,75.12%,1042,470,1512
"Chief Justice, 1st Court of Appeals",0438,2289,475,2764,3789,72.95%,1927,711,2638
"Chief Justice, 1st Court of Appeals",0439,1854,749,2603,3701,70.33%,1746,736,2482
"Chief Justice, 1st Court of Appeals",0440,1498,749,2247,2973,75.58%,1729,430,2159
"Chief Justice, 1st Court of Appeals",0441,824,408,1232,1695,72.68%,870,310,1180
"Chief Justice, 1st Court of Appeals",0442,2441,685,3126,4315,72.44%,2518,482,3000
Office,Precinct,Early Ballots Cast,Election Ballots Cast,Total Ballots Cast,Registered Voters,Percent Turnout,REP Sherry Radack,DEM Jim Peacock,Totals
"Chief Justice, 1st Court of Appeals",0443,415,83,498,642,77.57%,370,110,480
"Chief Justice, 1st Court of Appeals",0444,1621,679,2300,3625,63.45%,1222,946,2168
"Chief Justice, 1st Court of Appeals",0445,1036,382,1418,2134,66.45%,850,512,1362
"Chief Justice, 1st Court of Appeals",0446,89,45,134,309,43.37%,47,82,129
"Chief Justice, 1st Court of Appeals",0447,2413,464,2877,3727,77.19%,1852,911,2763
"Chief Justice, 1st Court of Appeals",0448,1763,529,2292,3155,72.65%,1293,855,2148
"Chief Justice, 1st Court of Appeals",0449,73,26,99,225,44.00%,10,88,98
"Chief Justice, 1st Court of Appeals",0450,1105,394,1499,2890,51.87%,397,1046,1443
"Chief Justice, 1st Court of Appeals",0451,1719,367,2086,2771,75.28%,1666,355,2021
"Chief Justice, 1st Court of Appeals",0452,1874,662,2536,3789,66.93%,1681,759,2440
"Chief Justice, 1st Court of Appeals",0453,661,417,1078,2039,52.87%,295,726,1021
"Chief Justice, 1st Court of Appeals",0454,1043,288,1331,2509,53.05%,25,1261,1286
"Chief Justice, 1st Court of Appeals",0455,669,173,842,1713,49.15%,32,777,809
"Chief Justice, 1st Court of Appeals",0456,1405,553,1958,3793,51.62%,1019,843,1862
"Chief Justice, 1st Court of Appeals",0457,0,0,0,0,0.00%,0,0,0
"Chief Justice, 1st Court of Appeals",0458,917,253,1170,2025,57.78%,85,1040,1125
"Chief Justice, 1st Court of Appeals",0459,2362,432,2794,3942,70.88%,2105,586,2691
"Chief Justice, 1st Court of Appeals",0460,1613,472,2085,3280,63.57%,503,1510,2013
"Chief Justice, 1st Court of Appeals",0461,2243,669,2912,4054,71.83%,1821,935,2756
"Chief Justice, 1st Court of Appeals",0462,1476,738,2214,3507,63.13%,752,1379,2131
"Chief Justice, 1st Court of Appeals",0463,1573,564,2237,3773,59.29%,848,1325,2173
"Chief Justice, 1st Court of Appeals",0464,967,582,1549,2343,66.11%,948,530,1478
"Chief Justice, 1st Court of Appeals",0465,1628,594,2222,3778,58.81%,1008,1127,2135
"Chief Justice, 1st Court of Appeals",0466,2274,509,2783,4327,64.32%,1396,1296,2692
"Chief Justice, 1st Court of Appeals",0467,502,225,727,1320,55.08%,150,541,691
"Chief Justice, 1st Court of Appeals",0468,1380,747,2127,4040,52.65%,521,1507,2028
"Chief Justice, 1st Court of Appeals",0469,1858,462,2330,3257,71.54%,1765,475,2240
"Chief Justice, 1st Court of Appeals",0470,555,232,787,1358,57.95%,557,194,751
"Chief Justice, 1st Court of Appeals",0471,1057,458,1515,2473,61.26%,1117,346,1463
"Chief Justice, 1st Court of Appeals",0472,463,339,802,1131,70.91%,362,393,755
"Chief Justice, 1st Court of Appeals",0473,944,390,1334,1787,74.65%,905,366,1271
"Chief Justice, 1st Court of Appeals",0474,1420,624,2044,3127,65.37%,1306,662,1968
"Chief Justice, 1st Court of Appeals",0475,791,251,1052,1936,54.34%,407,586,993
"Chief Justice, 1st Court of Appeals",0476,1078,405,1483,2458,60.33%,754,666,1420
Office,Precinct,Early Ballots Cast,Election Ballots Cast,Total Ballots Cast,Registered Voters,Percent Turnout,REP Sherry Radack,DEM Jim Peacock,Totals
"Chief Justice, 1st Court of Appeals",0477,2028,640,2668,4010,66.53%,1793,766,2559
"Chief Justice, 1st Court of Appeals",0478,2272,683,2955,4696,62.93%,1835,1006,2841
"Chief Justice, 1st Court of Appeals",0479,1978,755,2733,3851,70.97%,1985,655,2640
"Chief Justice, 1st Court of Appeals",0480,1448,538,1984,2978,66.62%,1331,590,1921
"Chief Justice, 1st Court of Appeals",0481,1757,667,2424,3609,67.17%,1723,585,2308
"Chief Justice, 1st Court of Appeals",0482,2259,618,2877,4405,65.31%,1906,869,2775
"Chief Justice, 1st Court of Appeals",0483,2310,538,2848,4495,63.36%,1446,1257,2703
"Chief Justice, 1st Court of Appeals",0484,2020,700,2720,3981,68.32%,1701,926,2627
"Chief Justice, 1st Court of Appeals",0485,2121,567,2688,4051,66.35%,1886,713,2599
"Chief Justice, 1st Court of Appeals",0486,2310,721,3031,4195,72.25%,2283,639,2922
"Chief Justice, 1st Court of Appeals",0487,1406,527,1933,4142,46.67%,462,1312,1774
"Chief Justice, 1st Court of Appeals",0488,842,511,1353,2382,56.80%,374,915,1289
"Chief Justice, 1st Court of Appeals",0489,865,344,1209,1958,61.75%,332,826,1158
"Chief Justice, 1st Court of Appeals",0490,981,346,1327,2105,63.04%,420,850,1270
"Chief Justice, 1st Court of Appeals",0491,942,488,1430,2110,67.77%,758,593,1351
"Chief Justice, 1st Court of Appeals",0492,1220,396,1616,2552,63.32%,843,719,1562
"Chief Justice, 1st Court of Appeals",0493,1404,555,1959,3338,58.69%,706,1137,1843
"Chief Justice, 1st Court of Appeals",0494,1079,419,1498,2787,53.75%,191,1253,1444
"Chief Justice, 1st Court of Appeals",0495,1414,376,1790,2488,71.95%,1191,520,1711
"Chief Justice, 1st Court of Appeals",0496,687,549,1238,2325,53.16%,421,760,1181
"Chief Justice, 1st Court of Appeals",0497,918,281,1197,2148,55.73%,53,1109,1162
"Chief Justice, 1st Court of Appeals",0498,1069,423,1492,2527,59.04%,514,915,1429
"Chief Justice, 1st Court of Appeals",0499,1433,397,1830,2336,78.34%,1317,446,1763
"Chief Justice, 1st Court of Appeals",0500,1870,651,2521,3698,68.17%,1554,869,2423
"Chief Justice, 1st Court of Appeals",0501,1147,406,1553,2016,77.03%,673,797,1470
"Chief Justice, 1st Court of Appeals",0502,1365,293,1859,2595,63.93%,1252,339,1591
"Chief Justice, 1st Court of Appeals",0503,1397,306,1703,2236,76.16%,1255,380,1635
"Chief Justice, 1st Court of Appeals",0504,1270,482,1752,2318,75.58%,1150,531,1681
"Chief Justice, 1st Court of Appeals",0505,1751,735,2486,4076,60.99%,1103,1249,2352
"Chief Justice, 1st Court of Appeals",0506,1513,696,2209,3544,62.33%,337,1793,2130
"Chief Justice, 1st Court of Appeals",0507,599,319,918,2562,35.83%,208,611,819
"Chief Justice, 1st Court of Appeals",0508,1519,828,2347,4767,49.23%,655,1518,2173
"Chief Justice, 1st Court of Appeals",0509,2504,889,3173,5153,61.58%,1970,1089,3059
"Chief Justice, 1st Court of Appeals",0510,1703,666,2369,3822,61.98%,1006,1283,2289
Office,Precinct,Early Ballots Cast,Election Ballots Cast,Total Ballots Cast,Registered Voters,Percent Turnout,REP Sherry Radack,DEM Jim Peacock,Totals
"Chief Justice, 1st Court of Appeals",0511,2935,574,3509,4620,75.95%,2099,1297,3396
"Chief Justice, 1st Court of Appeals",0512,1668,871,2539,4559,55.69%,968,1464,2432
"Chief Justice, 1st Court of Appeals",0513,1756,413,2169,3003,72.23%,1554,542,2096
"Chief Justice, 1st Court of Appeals",0514,2288,613,2899,4378,66.22%,1974,816,2790
"Chief Justice, 1st Court of Appeals",0515,1836,468,2304,3182,72.41%,1819,419,2238
"Chief Justice, 1st Court of Appeals",0516,1316,363,1679,2799,59.99%,824,796,1620
"Chief Justice, 1st Court of Appeals",0517,1612,509,2121,3744,56.65%,896,1135,2031
"Chief Justice, 1st Court of Appeals",0518,1886,676,2562,4049,63.27%,1456,1008,2464
"Chief Justice, 1st Court of Appeals",0519,1421,518,1939,3098,62.59%,1298,560,1858
"Chief Justice, 1st Court of Appeals",0520,1790,670,2460,5202,47.29%,386,2009,2395
"Chief Justice, 1st Court of Appeals",0521,1350,578,1928,3070,62.80%,895,967,1862
"Chief Justice, 1st Court of Appeals",0522,1508,464,1972,2815,70.05%,1449,472,1921
"Chief Justice, 1st Court of Appeals",0523,1978,537,2515,4027,62.45%,1525,870,2395
"Chief Justice, 1st Court of Appeals",0524,1395,637,2032,3598,56.48%,540,1412,1952
"Chief Justice, 1st Court of Appeals",0525,1442,574,2016,3260,61.84%,434,1494,1928
"Chief Justice, 1st Court of Appeals",0526,235,157,392,820,47.80%,79,286,365
"Chief Justice, 1st Court of Appeals",0527,156,38,194,580,33.45%,73,110,183
"Chief Justice, 1st Court of Appeals",0528,17,8,25,78,32.05%,1,23,24
"Chief Justice, 1st Court of Appeals",0529,2107,434,2541,3842,66.14%,2062,379,2441
"Chief Justice, 1st Court of Appeals",0530,376,212,588,1236,47.57%,114,424,538
"Chief Justice, 1st Court of Appeals",0531,1235,166,1401,2250,62.27%,1003,318,1321
"Chief Justice, 1st Court of Appeals",0532,478,140,618,1058,58.41,%,404,199,603
"Chief Justice, 1st Court of Appeals",0533,353,169,522,1164,44.85%,248,242,490
"Chief Justice, 1st Court of Appeals",0534,1896,577,2473,3918,63.12%,1691,672,2363
"Chief Justice, 1st Court of Appeals",0535,132,62,194,413,46.97%,59,122,181
"Chief Justice, 1st Court of Appeals",0536,2104,1053,3157,5637,56.00%,1010,1975,2985
"Chief Justice, 1st Court of Appeals",0537,1959,464,2423,3174,76.34%,1703,639,2342
"Chief Justice, 1st Court of Appeals",0538,371,203,574,1332,43.09%,20,541,561
"Chief Justice, 1st Court of Appeals",0539,811,234,1045,1535,68.08%,560,433,993
"Chief Justice, 1st Court of Appeals",0540,1001,349,1350,1759,76.75%,516,750,1266
"Chief Justice, 1st Court of Appeals",0541,2160,761,2921,5001,58.41%,477,2313,2790
"Chief Justice, 1st Court of Appeals",0542,1156,406,1562,2654,58.85%,106,1399,1505
"Chief Justice, 1st Court of Appeals",0543,553,321,874,1658,52.71%,221,609,830
"Chief Justice, 1st Court of Appeals",0544,84,54,138,313,44.09%,13,121,134
Office,Precinct,Early Ballots Cast,Election Ballots Cast,Total Ballots Cast,Registered Voters,Percent Turnout,REP Sherry Radack,DEM Jim Peacock,Totals
"Chief Justice, 1st Court of Appeals",0545,2019,468,2487,3949,62.98%,1077,1288,2365
"Chief Justice, 1st Court of Appeals",0546,1524,278,1802,2471,72.93%,1516,243,1759
"Chief Justice, 1st Court of Appeals",0547,1414,270,1684,2534,66.46%,1086,525,1611
"Chief Justice, 1st Court of Appeals",0548,882,395,1277,2339,54.60%,550,686,1236
"Chief Justice, 1st Court of Appeals",0549,1106,447,1553,2786,55.74%,201,1310,1511
"Chief Justice, 1st Court of Appeals",0550,1171,553,1724,3245,53.13%,731,939,1670
"Chief Justice, 1st Court of Appeals",0551,2586,793,3379,4428,76.31%,2521,734,3255
"Chief Justice, 1st Court of Appeals",0552,2090,784,2874,3762,76.40%,2282,499,2781
"Chief Justice, 1st Court of Appeals",0553,962,317,1279,2193,58.32%,476,759,1235
"Chief Justice, 1st Court of Appeals",0554,597,271,868,1774,48.93%,170,666,836
"Chief Justice, 1st Court of Appeals",0555,642,390,1032,2286,45.14%,174,817,991
"Chief Justice, 1st Court of Appeals",0556,760,435,1195,2491,47.97%,237,902,1139
"Chief Justice, 1st Court of Appeals",0557,925,460,1385,2955,46.87%,385,894,1279
"Chief Justice, 1st Court of Appeals",0558,1815,721,2536,4718,53.75%,755,1690,2445
"Chief Justice, 1st Court of Appeals",0559,1909,701,2610,4984,52.37%,580,1923,2503
"Chief Justice, 1st Court of Appeals",0560,290,247,537,1141,47.06%,90,410,500
"Chief Justice, 1st Court of Appeals",0561,1024,624,1648,3138,52.52%,938,633,1571
"Chief Justice, 1st Court of Appeals",0562,222,116,338,691,48.91%,41,267,308
"Chief Justice, 1st Court of Appeals",0563,2072,337,2409,3468,69.46%,1822,496,2318
"Chief Justice, 1st Court of Appeals",0564,1552,526,2078,3240,64.14%,568,1410,1978
"Chief Justice, 1st Court of Appeals",0565,336,148,484,1414,34.23%,79,386,465
"Chief Justice, 1st Court of Appeals",0566,1185,441,1626,3029,53.68%,405,1153,1558
"Chief Justice, 1st Court of Appeals",0567,966,390,1356,2851,47.56%,342,924,1266
"Chief Justice, 1st Court of Appeals",0568,1836,697,2533,3638,69.63%,1592,793,2385
"Chief Justice, 1st Court of Appeals",0569,2031,747,2778,4125,67.35%,1329,1288,2617
"Chief Justice, 1st Court of Appeals",0570,769,278,1047,1598,65.52%,374,605,979
"Chief Justice, 1st Court of Appeals",0571,521,314,835,1950,42.82%,240,551,791
"Chief Justice, 1st Court of Appeals",0572,1523,444,1967,3308,59.46%,852,1029,1881
"Chief Justice, 1st Court of Appeals",0573,489,215,704,1625,43.32%,17,672,689
"Chief Justice, 1st Court of Appeals",0574,112,74,186,391,47.57%,24,152,176
"Chief Justice, 1st Court of Appeals",0575,1905,535,2440,3557,68.60%,1320,1019,2339
"Chief Justice, 1st Court of Appeals",0576,1108,375,1483,2830,52.40%,92,1345,1437
"Chief Justice, 1st Court of Appeals",0577,885,205,1090,1586,68.73%,644,397,1041
"Chief Justice, 1st Court of Appeals",0578,1026,405,1431,1862,76.85%,887,459,1346
Office,Precinct,Early Ballots Cast,Election Ballots Cast,Total Ballots Cast,Registered Voters,Percent Turnout,REP Sherry Radack,DEM Jim Peacock,Totals
"Chief Justice, 1st Court of Appeals",0579,287,181,468,1139,41.09%,77,361,438
"Chief Justice, 1st Court of Appeals",0580,366,108,474,985,48.12%,19,448,467
"Chief Justice, 1st Court of Appeals",0581,456,137,593,1033,57.41%,17,556,573
"Chief Justice, 1st Court of Appeals",0582,543,232,775,1607,48.23%,53,693,746
"Chief Justice, 1st Court of Appeals",0583,433,155,588,1286,45.72%,18,553,571
"Chief Justice, 1st Court of Appeals",0584,367,120,487,1062,45.86%,33,434,467
"Chief Justice, 1st Court of Appeals",0585,829,280,1109,2346,47.27%,61,1011,1072
"Chief Justice, 1st Court of Appeals",0586,1792,790,2582,4521,57.11%,1432,1043,2475
"Chief Justice, 1st Court of Appeals",0587,1204,431,1635,2870,56.97%,523,1055,1578
"Chief Justice, 1st Court of Appeals",0588,1940,606,2546,3780,67.35%,1658,801,2459
"Chief Justice, 1st Court of Appeals",0589,1540,545,2085,3780,55.16%,983,1029,2012
"Chief Justice, 1st Court of Appeals",0590,1230,400,1630,2176,74.91%,1241,323,1564
"Chief Justice, 1st Court of Appeals",0591,651,462,1113,2274,48.94%,269,786,1055
"Chief Justice, 1st Court of Appeals",0592,449,272,721,1446,49.86%,139,546,685
"Chief Justice, 1st Court of Appeals",0593,1581,755,2316,4179,55.42%,879,1310,2189
"Chief Justice, 1st Court of Appeals",0594,1243,316,1559,2578,60.47%,414,1104,1518
"Chief Justice, 1st Court of Appeals",0595,601,299,900,1833,49.10%,139,729,868
"Chief Justice, 1st Court of Appeals",0596,1378,501,1879,3574,52.57%,831,952,1783
"Chief Justice, 1st Court of Appeals",0597,1204,609,1813,3587,50.54%,611,1114,1725
"Chief Justice, 1st Court of Appeals",0598,2389,731,3120,5253,59.39%,1032,1953,2985
"Chief Justice, 1st Court of Appeals",0599,1378,493,1871,3005,62.26%,630,1184,1814
"Chief Justice, 1st Court of Appeals",0600,1603,776,2379,4204,56.59%,778,1482,2260
"Chief Justice, 1st Court of Appeals",0601,2220,670,2890,4151,69.62%,2054,751,2805
"Chief Justice, 1st Court of Appeals",0602,754,234,988,1441,68.56%,651,297,948
"Chief Justice, 1st Court of Appeals",0603,2340,725,3065,4666,65.69%,1717,1230,2947
"Chief Justice, 1st Court of Appeals",0604,1817,375,2192,3189,68.74%,1773,329,2102
"Chief Justice, 1st Court of Appeals",0605,1713,599,2312,4217,54.83%,512,1688,2200
"Chief Justice, 1st Court of Appeals",0606,319,111,430,970,44.33%,12,403,415
"Chief Justice, 1st Court of Appeals",0607,163,51,214,712,30.06%,24,182,206
"Chief Justice, 1st Court of Appeals",0608,156,77,233,570,40.88%,77,144,221
"Chief Justice, 1st Court of Appeals",0609,2037,729,2766,4305,64.25%,1588,1069,2657
"Chief Justice, 1st Court of Appeals",0610,665,343,1008,2086,48.32%,402,545,947
"Chief Justice, 1st Court of Appeals",0611,980,229,1209,2527,47.84%,52,1125,1177
"Chief Justice, 1st Court of Appeals",0612,1930,431,2361,3388,69.69%,1744,527,2271
Office,Precinct,Early Ballots Cast,Election Ballots Cast,Total Ballots Cast,Registered Voters,Percent Turnout,REP Sherry Radack,DEM Jim Peacock,Totals
"Chief Justice, 1st Court of Appeals",0613,937,339,1276,2368,53.89%,207,1013,1220
"Chief Justice, 1st Court of Appeals",0614,1949,645,2594,4566,56.81%,761,1722,2483
"Chief Justice, 1st Court of Appeals",0615,1075,301,1376,2086,65.96%,708,616,1324
"Chief Justice, 1st Court of Appeals",0616,1809,611,2420,3516,68.83%,1569,740,2309
"Chief Justice, 1st Court of Appeals",0617,1704,650,2354,4179,56.33%,767,1490,2257
"Chief Justice, 1st Court of Appeals",0618,1699,545,2244,3801,59.04%,905,1263,2168
"Chief Justice, 1st Court of Appeals",0619,2793,663,3456,4916,70.30%,2502,871,3373
"Chief Justice, 1st Court of Appeals",0620,1748,333,2081,3318,62.72%,1061,933,1994
"Chief Justice, 1st Court of Appeals",0621,536,200,736,1272,57.86%,303,394,697
"Chief Justice, 1st Court of Appeals",0622,2131,591,2722,4562,59.67%,1435,1165,2600
"Chief Justice, 1st Court of Appeals",0623,1960,461,2421,3919,61.78%,1487,843,2330
"Chief Justice, 1st Court of Appeals",0624,297,59,356,456,78.07%,266,80,346
"Chief Justice, 1st Court of Appeals",0625,924,372,1296,1864,69.53%,710,532,1242
"Chief Justice, 1st Court of Appeals",0626,2281,784,3065,4816,63.64%,1598,1329,2927
"Chief Justice, 1st Court of Appeals",0627,935,649,1584,3235,48.96%,402,1112,1514
"Chief Justice, 1st Court of Appeals",0628,716,545,1261,2420,52.11%,422,750,1172
"Chief Justice, 1st Court of Appeals",0629,162,96,258,750,34.40%,33,216,249
"Chief Justice, 1st Court of Appeals",0630,2671,541,3212,4738,67.79%,335,2791,3126
"Chief Justice, 1st Court of Appeals",0631,1842,398,2240,3263,68.65%,1459,690,2149
"Chief Justice, 1st Court of Appeals",0632,4,1,5,241,2.07%,0,5,5
"Chief Justice, 1st Court of Appeals",0633,2286,601,2887,3912,73.80%,1917,870,2787
"Chief Justice, 1st Court of Appeals",0634,1437,499,1936,3259,59.40%,1071,794,1865
"Chief Justice, 1st Court of Appeals",0635,1646,520,2166,3512,61.67%,1548,526,2074
"Chief Justice, 1st Court of Appeals",0636,2303,922,3225,4569,70.58%,2758,364,3122
"Chief Justice, 1st Court of Appeals",0637,1095,423,1518,2591,58.59%,348,1056,1404
"Chief Justice, 1st Court of Appeals",0638,850,348,1198,2310,51.86%,101,1066,1167
"Chief Justice, 1st Court of Appeals",0639,1387,284,1671,2560,65.27%,1264,339,1603
"Chief Justice, 1st Court of Appeals",0640,1619,615,2234,3927,56.89%,1234,927,2161
"Chief Justice, 1st Court of Appeals",0641,1637,683,2320,3840,60.42%,1322,911,2233
"Chief Justice, 1st Court of Appeals",0642,1030,270,1300,1783,72.91%,1008,256,1264
"Chief Justice, 1st Court of Appeals",0643,1951,593,2544,4189,60.73%,1183,1280,2463
"Chief Justice, 1st Court of Appeals",0644,2087,689,2776,4446,62.44%,1570,1096,2666
"Chief Justice, 1st Court of Appeals",0645,2151,769,2920,4517,64.64%,1203,1584,2787
"Chief Justice, 1st Court of Appeals",0646,925,399,1324,2422,54.67%,327,928,1255
Office,Precinct,Early Ballots Cast,Election Ballots Cast,Total Ballots Cast,Registered Voters,Percent Turnout,REP Sherry Radack,DEM Jim Peacock,Totals
"Chief Justice, 1st Court of Appeals",0647,1373,526,1899,4349,43.67%,406,1374,1780
"Chief Justice, 1st Court of Appeals",0648,1859,500,2359,3487,67.65%,1627,655,2282
"Chief Justice, 1st Court of Appeals",0649,1549,775,2324,4755,48.87%,569,1647,2216
"Chief Justice, 1st Court of Appeals",0650,2033,819,2852,4039,70.61%,1910,842,2752
"Chief Justice, 1st Court of Appeals",0651,1734,551,2285,3873,59.00%,1208,986,2194
"Chief Justice, 1st Court of Appeals",0652,1167,545,1712,2979,57.47%,280,1386,1666
"Chief Justice, 1st Court of Appeals",0653,186,110,296,604,49.01%,61,224,285
"Chief Justice, 1st Court of Appeals",0654,2387,698,3085,5063,60.93%,1535,1412,2947
"Chief Justice, 1st Court of Appeals",0655,1953,761,2724,4495,60.60%,1464,1122,2586
"Chief Justice, 1st Court of Appeals",0656,1106,401,1507,2737,55.06%,76,1380,1456
"Chief Justice, 1st Court of Appeals",0657,684,276,960,1487,64.56%,319,598,917
"Chief Justice, 1st Court of Appeals",0658,1299,494,1793,2901,61.81%,1080,652,1732
"Chief Justice, 1st Court of Appeals",0659,2808,733,3541,5161,68.61%,2387,1027,3414
"Chief Justice, 1st Court of Appeals",0660,1575,345,1920,3087,62.20%,192,1664,1856
"Chief Justice, 1st Court of Appeals",0661,1949,774,2723,4363,62.41%,1316,1291,2607
"Chief Justice, 1st Court of Appeals",0662,2268,571,2839,4002,70.94%,2259,492,2751
"Chief Justice, 1st Court of Appeals",0663,1338,448,1786,2340,76.32%,926,741,1667
"Chief Justice, 1st Court of Appeals",0664,909,513,1422,2992,47.53%,267,1083,1350
"Chief Justice, 1st Court of Appeals",0665,1327,360,1687,2354,71.67%,1307,319,1626
"Chief Justice, 1st Court of Appeals",0666,0,0,0,0,0.00%,0,0,0
"Chief Justice, 1st Court of Appeals",0667,1109,400,1509,2175,69.38%,1122,326,1448
"Chief Justice, 1st Court of Appeals",0668,1552,719,2271,3669,61.90%,1328,860,2188
"Chief Justice, 1st Court of Appeals",0669,1889,702,2591,3585,72.27%,1751,741,2492
"Chief Justice, 1st Court of Appeals",0670,1996,416,2412,3335,72.32%,1897,431,2328
"Chief Justice, 1st Court of Appeals",0671,1398,588,1986,3198,62.10%,1057,851,1908
"Chief Justice, 1st Court of Appeals",0672,1724,489,2213,3433,64.46%,1488,660,2148
"Chief Justice, 1st Court of Appeals",0673,1525,467,2092,3051,68.57%,1621,408,2029
"Chief Justice, 1st Court of Appeals",0674,2356,610,2966,4228,70.15%,2096,771,2867
"Chief Justice, 1st Court of Appeals",0675,0,0,0,0,0.00%,0,0,0
"Chief Justice, 1st Court of Appeals",0676,1087,465,1552,2976,52.15%,574,903,1477
"Chief Justice, 1st Court of Appeals",0677,423,259,682,1300,52.46%,164,468,632
"Chief Justice, 1st Court of Appeals",0678,1164,294,1458,2660,54.81%,153,1253,1406
"Chief Justice, 1st Court of Appeals",0679,1718,529,2247,3542,63.44%,1517,636,2153
"Chief Justice, 1st Court of Appeals",0680,98,17,115,179,64.25%,51,62,113
Office,Precinct,Early Ballots Cast,Election Ballots Cast,Total Ballots Cast,Registered Voters,Percent Turnout,REP Sherry Radack,DEM Jim Peacock,Totals
"Chief Justice, 1st Court of Appeals",0681,e,0,6,4,150.00%,2,4,6
"Chief Justice, 1st Court of Appeals",0682,2113,690,2803,4313,64.99%,1977,731,2708
"Chief Justice, 1st Court of Appeals",0683,82,5,87,302,28.81%,20,63,83
"Chief Justice, 1st Court of Appeals",0684,1581,640,2321,3559,65.21%,1407,822,2229
"Chief Justice, 1st Court of Appeals",0685,139,28,167,285,58.60%,81,72,153
"Chief Justice, 1st Court of Appeals",0686,53,5,58,221,26.24%,16,40,56
"Chief Justice, 1st Court of Appeals",0687,1510,400,1910,2713,70.40%,1242,589,1831
"Chief Justice, 1st Court of Appeals",0688,2333,594,2927,3922,74.63%,2282,565,2847
"Chief Justice, 1st Court of Appeals",0689,727,604,1331,2449,54.35%,549,693,1242
"Chief Justice, 1st Court of Appeals",0690,1957,553,2520,3614,69.73%,1903,522,2425
"Chief Justice, 1st Court of Appeals",0691,2132,551,2683,3690,72.71%,2032,574,2606
"Chief Justice, 1st Court of Appeals",0692,1279,678,1957,3118,62.76%,1359,507,1866
"Chief Justice, 1st Court of Appeals",0693,309,110,419,681,61.53%,115,281,396
"Chief Justice, 1st Court of Appeals",0694,1005,319,1324,2478,53.43%,519,758,1277
"Chief Justice, 1st Court of Appeals",0695,628,315,943,1842,51.19%,540,354,894
"Chief Justice, 1st Court of Appeals",0696,727,312,1039,2027,51.26%,596,411,1007
"Chief Justice, 1st Court of Appeals",0697,1299,552,1851,3238,57.16%,456,1325,1781
"Chief Justice, 1st Court of Appeals",0698,1275,520,1795,3339,53.76%,210,1516,1726
"Chief Justice, 1st Court of Appeals",0699,1277,398,1675,2387,70.17%,1043,535,1578
"Chief Justice, 1st Court of Appeals",0700,726,247,973,1536,63.35%,794,149,943
"Chief Justice, 1st Court of Appeals",0701,208,73,281,614,45.77%,116,141,257
"Chief Justice, 1st Court of Appeals",0702,183,69,252,550,45.82%,37,204,241
"Chief Justice, 1st Court of Appeals",0703,899,528,1427,1943,73.44%,1016,357,1373
"Chief Justice, 1st Court of Appeals",0704,1698,512,2210,3121,70.81%,1755,386,2141
"Chief Justice, 1st Court of Appeals",0705,331,206,537,1513,35.49%,55,466,521
"Chief Justice, 1st Court of Appeals",0706,1248,372,1620,2821,57.43%,604,924,1528
"Chief Justice, 1st Court of Appeals",0707,377,69,446,757,58.92%,269,159,428
"Chief Justice, 1st Court of Appeals",0708,162,98,260,592,43.92%,83,165,248
"Chief Justice, 1st Court of Appeals",0709,2257,528,2785,4136,67.34%,1463,1221,2684
"Chief Justice, 1st Court of Appeals",0710,1132,450,1582,2096,75.48%,872,616,1488
"Chief Justice, 1st Court of Appeals",0711,1980,599,2579,3820,67.51%,1349,1118,2467
"Chief Justice, 1st Court of Appeals",0712,1720,627,2347,4002,58.65%,816,1464,2280
"Chief Justice, 1st Court of Appeals",0713,770,365,1135,2006,56.58%,524,567,1091
"Chief Justice, 1st Court of Appeals",0714,102,28,130,306,42.48%,57,63,120
Office,Precinct,Early Ballots Cast,Election Ballots Cast,Total Ballots Cast,Registered Voters,Percent Turnout,REP Sherry Radack,DEM Jim Peacock,Totals
"Chief Justice, 1st Court of Appeals",0715,553,239,792,1549,51.13%,368,384,752
"Chief Justice, 1st Court of Appeals",0716,1218,419,1637,2720,60.18%,1125,448,1573
"Chief Justice, 1st Court of Appeals",0717,974,232,1206,2082,57.93%,160,994,1154
"Chief Justice, 1st Court of Appeals",0718,2243,872,3115,4412,70.60%,1979,968,2947
"Chief Justice, 1st Court of Appeals",0719,624,223,847,1644,51.52%,401,400,801
"Chief Justice, 1st Court of Appeals",0720,2498,709,3207,4709,68.10%,2135,959,3094
"Chief Justice, 1st Court of Appeals",0721,1455,503,2059,2926,70.71%,1311,656,1967
"Chief Justice, 1st Court of Appeals",0722,1929,609,2538,4638,54.72%,158,2286,2444
"Chief Justice, 1st Court of Appeals",0723,897,261,1158,1959,59.11%,225,886,1111
"Chief Justice, 1st Court of Appeals",0724,395,146,541,800,67.63%,356,166,522
"Chief Justice, 1st Court of Appeals",0725,976,294,1270,2336,54.37%,486,708,1194
"Chief Justice, 1st Court of Appeals",0726,1271,321,1592,2207,72.13%,1358,190,1548
"Chief Justice, 1st Court of Appeals",0727,983,415,1398,2708,51.62%,379,970,1349
"Chief Justice, 1st Court of Appeals",0728,399,198,597,942,63.38%,351,215,566
"Chief Justice, 1st Court of Appeals",0729,235,49,284,471,60.30%,153,120,273
"Chief Justice, 1st Court of Appeals",0730,1361,406,1767,2435,72.57%,1123,562,1685
"Chief Justice, 1st Court of Appeals",0731,2087,624,2711,4834,56.08%,1084,1513,2597
"Chief Justice, 1st Court of Appeals",0732,793,449,1242,1943,63.92%,705,464,1169
"Chief Justice, 1st Court of Appeals",0733,55,25,80,303,26.40%,24,52,76
"Chief Justice, 1st Court of Appeals",0734,2307,556,2863,4294,66.67%,1823,938,2761
"Chief Justice, 1st Court of Appeals",0735,157,61,218,251,86.85%,120,94,214
"Chief Justice, 1st Court of Appeals",0736,14,3,17,42,40.48%,1,13,14
"Chief Justice, 1st Court of Appeals",0737,21,6,27,56,48.21%,20,7,27
"Chief Justice, 1st Court of Appeals",0738,435,214,649,1497,43.35%,108,525,633
"Chief Justice, 1st Court of Appeals",0739,979,440,1419,2971,47.76%,595,754,1349
"Chief Justice, 1st Court of Appeals",0740,280,169,449,1005,44.68%,223,199,422
"Chief Justice, 1st Court of Appeals",0741,923,262,1185,1895,62.53%,287,839,1126
"Chief Justice, 1st Court of Appeals",0742,1536,498,2034,2859,71.14%,1243,711,1954
"Chief Justice, 1st Court of Appeals",0743,54,60,114,234,48.72%,36,72,108
"Chief Justice, 1st Court of Appeals",0744,1010,444,1454,2103,69.14%,853,533,1386
"Chief Justice, 1st Court of Appeals",0745,1214,446,1660,2543,65.28%,1005,587,1592
"Chief Justice, 1st Court of Appeals",0746,245,121,366,732,50.00%,171,164,335
"Chief Justice, 1st Court of Appeals",0747,1746,693,2439,4096,59.55%,1038,1305,2343
"Chief Justice, 1st Court of Appeals",0748,564,245,809,1556,51.99%,370,400,770
Office,Precinct,Early Ballots Cast,Election Ballots Cast,Total Ballots Cast,Registered Voters,Percent Turnout,REP Sherry Radack,DEM Jim Peacock,Totals
"Chief Justice, 1st Court of Appeals",0749,115,1,116,432,26.85%,19,94,113
"Chief Justice, 1st Court of Appeals",0750,294,122,416,809,51.42%,222,170,392
"Chief Justice, 1st Court of Appeals",0751,2937,1013,3950,5893,67.03%,2376,1422,3798
"Chief Justice, 1st Court of Appeals",0752,660,227,887,1484,59.77%,573,275,848
"Chief Justice, 1st Court of Appeals",0753,258,53,311,512,60.74%,121,175,296
"Chief Justice, 1st Court of Appeals",0754,388,262,650,1590,40.88%,35,598,633
"Chief Justice, 1st Court of Appeals",0755,1784,955,2739,5015,54.62%,930,1668,2598
"Chief Justice, 1st Court of Appeals",0756,687,309,996,1723,57.81%,315,635,950
"Chief Justice, 1st Court of Appeals",0757,1867,601,2468,4792,51.50%,396,1987,2383
"Chief Justice, 1st Court of Appeals",0758,2105,595,2700,3803,71.00%,2024,563,2587
"Chief Justice, 1st Court of Appeals",0759,1389,375,1764,2779,63.48%,1021,670,1691
"Chief Justice, 1st Court of Appeals",0760,1219,268,1487,2162,68.78%,1212,222,1434
"Chief Justice, 1st Court of Appeals",0761,1089,167,1256,1598,78.60%,908,306,1214
"Chief Justice, 1st Court of Appeals",0762,929,303,1232,1828,67.40%,546,627,1173
"Chief Justice, 1st Court of Appeals",0763,370,264,634,1249,50.76%,195,410,605
"Chief Justice, 1st Court of Appeals",0764,2472,677,3149,4827,65.24%,1859,1152,3011
"Chief Justice, 1st Court of Appeals",0765,2056,874,2930,5742,51.03%,784,2037,2821
"Chief Justice, 1st Court of Appeals",0766,126,59,185,428,43.22%,30,140,170
"Chief Justice, 1st Court of Appeals",0767,31,15,46,92,50.00%,20,23,43
"Chief Justice, 1st Court of Appeals",0768,1479,387,1866,2643,70.60%,1444,366,1810
"Chief Justice, 1st Court of Appeals",0769,85,14,99,184,53.80%,6,92,98
"Chief Justice, 1st Court of Appeals",0770,103,42,145,388,37.37%,45,92,137
"Chief Justice, 1st Court of Appeals",0771,572,210,782,1588,49.24%,325,421,746
"Chief Justice, 1st Court of Appeals",0772,2807,477,3284,4606,71.30%,2425,735,3160
"Chief Justice, 1st Court of Appeals",0773,1694,638,2332,4414,52.83%,578,1601,2179
"Chief Justice, 1st Court of Appeals",0774,151,66,217,426,50.94%,49,161,210
"Chief Justice, 1st Court of Appeals",0775,50,1,51,102,50.00%,1,49,50
"Chief Justice, 1st Court of Appeals",0776,1433,538,1971,3276,60.16%,1095,797,1892
"Chief Justice, 1st Court of Appeals",0777,201,105,306,767,39.90%,78,215,293
"Chief Justice, 1st Court of Appeals",0778,0,3,3,0,0.00%,0,3,3
"Chief Justice, 1st Court of Appeals",0779,263,160,423,1019,41.51%,91,291,382
"Chief Justice, 1st Court of Appeals",0780,170,130,300,666,45.05%,92,182,274
"Chief Justice, 1st Court of Appeals",0781,1235,612,1847,3782,48.84%,561,1148,1709
"Chief Justice, 1st Court of Appeals",0782,1048,368,1416,2355,60.13%,825,518,1343
Office,Precinct,Early Ballots Cast,Election Ballots Cast,Total Ballots Cast,Registered Voters,Percent Turnout,REP Sherry Radack,DEM Jim Peacock,Totals
"Chief Justice, 1st Court of Appeals",0783,197,90,287,520,55.19%,23,256,279
"Chief Justice, 1st Court of Appeals",0784,408,119,527,1062,49.62%,16,492,508
"Chief Justice, 1st Court of Appeals",0785,1230,357,1587,1896,83.70%,817,705,1522
"Chief Justice, 1st Court of Appeals",0786,396,177,573,1258,45.55%,172,376,548
"Chief Justice, 1st Court of Appeals",0787,180,83,263,542,48.52%,75,169,244
"Chief Justice, 1st Court of Appeals",0788,2,0,2,13,15.38%,2,0,2
"Chief Justice, 1st Court of Appeals",0789,1377,420,1797,2998,59.94%,1034,702,1736
"Chief Justice, 1st Court of Appeals",0790,1143,329,1472,2523,58.34%,501,916,1417
"Chief Justice, 1st Court of Appeals",0791,9,3,12,29,41.38%,3,9,12
"Chief Justice, 1st Court of Appeals",0792,545,415,1063,1954,54.40%,245,767,1012
"Chief Justice, 1st Court of Appeals",0793,984,416,1400,2620,53.44%,706,623,1329
"Chief Justice, 1st Court of Appeals",0794,626,411,1037,3208,32.33%,105,895,1000
"Chief Justice, 1st Court of Appeals",0795,396,2,398,1281,31.07%,113,255,368
"Chief Justice, 1st Court of Appeals",0796,1371,455,1535,3041,60.37%,754,1025,1779
"Chief Justice, 1st Court of Appeals",0797,0,0,0,0,0.00%,0,0,0
"Chief Justice, 1st Court of Appeals",0798,222,142,364,521,69.87%,134,211,345
"Chief Justice, 1st Court of Appeals",0799,55,26,84,171,49.12%,15,68,83
"Chief Justice, 1st Court of Appeals",0800,1934,730,2664,4216,63.19%,1626,936,2562
"Chief Justice, 1st Court of Appeals",0801,90,44,134,261,51.34%,43,85,128
"Chief Justice, 1st Court of Appeals",0802,54,21,75,224,33.48%,19,52,71
"Chief Justice, 1st Court of Appeals",0803,2555,547,3213,4514,71.18%,2223,882,3105
"Chief Justice, 1st Court of Appeals",0804,2703,682,3385,5303,63.83%,1767,1513,3280
"Chief Justice, 1st Court of Appeals",0805,1598,454,2052,2874,71.40%,1572,393,1965
"Chief Justice, 1st Court of Appeals",0806,1002,324,1326,1889,70.20%,794,490,1284
"Chief Justice, 1st Court of Appeals",0807,793,349,1142,2163,52.80%,198,909,1107
"Chief Justice, 1st Court of Appeals",0808,142,57,199,232,85.78%,70,117,187
"Chief Justice, 1st Court of Appeals",0809,19,7,26,98,26.53%,13,12,25
"Chief Justice, 1st Court of Appeals",0810,47,31,78,197,39.59%,11,59,70
"Chief Justice, 1st Court of Appeals",0811,52,68,150,277,54.15%,29,114,143
"Chief Justice, 1st Court of Appeals",0812,0,0,0,0,0.00%,0,0,0
"Chief Justice, 1st Court of Appeals",0813,1742,434,2176,3488,62.39%,937,1164,2101
"Chief Justice, 1st Court of Appeals",0814,1973,827,2800,5483,51.07%,561,2139,2700
"Chief Justice, 1st Court of Appeals",0815,0,0,0,0,0.00%,0,0,0
"Chief Justice, 1st Court of Appeals",0816,23,10,33,64,51.56%,4,26,30
Office,Precinct,Early Ballots Cast,Election Ballots Cast,Total Ballots Cast,Registered Voters,Percent Turnout,REP Sherry Radack,DEM Jim Peacock,Totals
"Chief Justice, 1st Court of Appeals",0817,2789,550,3339,4700,71.04%,2312,926,3238
"Chief Justice, 1st Court of Appeals",0818,209,104,313,737,42.47%,66,235,301
"Chief Justice, 1st Court of Appeals",0819,108,31,139,228,60.96%,79,51,130
"Chief Justice, 1st Court of Appeals",0820,0,0,0,0,0.00%,0,0,0
"Chief Justice, 1st Court of Appeals",0821,362,188,550,1295,42.47%,72,451,523
"Chief Justice, 1st Court of Appeals",0822,571,185,756,1574,48.03%,28,695,723
"Chief Justice, 1st Court of Appeals",0823,1339,410,1749,3017,57.97%,926,748,1674
"Chief Justice, 1st Court of Appeals",0824,1057,410,1467,2762,53.11%,305,1109,1414
"Chief Justice, 1st Court of Appeals",0825,9,7,16,21,76.19%,3,12,15
"Chief Justice, 1st Court of Appeals",0826,177,70,247,355,69.58%,131,101,232
"Chief Justice, 1st Court of Appeals",0827,218,234,452,1042,43.38%,143,299,442
"Chief Justice, 1st Court of Appeals",0828,1174,281,1455,1965,74.05%,1124,273,1397
"Chief Justice, 1st Court of Appeals",0829,101,19,120,235,51.06%,38,76,114
"Chief Justice, 1st Court of Appeals",0830,2,2,4,2,200.00%,4,0,4
"Chief Justice, 1st Court of Appeals",0831,8,5,13,36,36.11%,6,6,12
"Chief Justice, 1st Court of Appeals",0832,124,50,174,364,47.80%,43,122,165
"Chief Justice, 1st Court of Appeals",0833,3,2,5,20,25.00%,1,4,5
"Chief Justice, 1st Court of Appeals",0834,142,61,203,388,52.32%,22,177,199
"Chief Justice, 1st Court of Appeals",0835,87,71,158,311,50.80%,41,109,150
"Chief Justice, 1st Court of Appeals",0836,128,0,128,248,51.61%,19,100,119
"Chief Justice, 1st Court of Appeals",0837,0,0,0,0,0.00%,0,0,0
"Chief Justice, 1st Court of Appeals",0838,0,0,0,0,0.00%,0,0,0
"Chief Justice, 1st Court of Appeals",0839,419,174,593,1190,49.83%,129,441,570
"Chief Justice, 1st Court of Appeals",0840,829,228,1057,1780,59.38%,348,659,1007
"Chief Justice, 1st Court of Appeals",0841,1474,475,1949,3431,56.81%,436,1447,1883
"Chief Justice, 1st Court of Appeals",0842,1340,513,1853,3390,54.66%,715,1051,1766
"Chief Justice, 1st Court of Appeals",0843,595,298,893,1387,64.38%,158,697,855
"Chief Justice, 1st Court of Appeals",0844,4,0,4,10,40.00%,0,4,4
"Chief Justice, 1st Court of Appeals",0845,152,13,165,218,75.69%,101,56,157
"Chief Justice, 1st Court of Appeals",0846,61,22,83,229,36.24%,1,79,80
"Chief Justice, 1st Court of Appeals",0847,993,330,1323,2310,57.27%,348,932,1280
"Chief Justice, 1st Court of Appeals",0848,1011,201,1212,1875,64.64%,389,769,1158
"Chief Justice, 1st Court of Appeals",0849,731,455,1186,2272,52.20%,314,786,1100
"Chief Justice, 1st Court of Appeals",0850,129,19,148,208,71.15%,59,83,142
Office,Precinct,Early Ballots Cast,Election Ballots Cast,Total Ballots Cast,Registered Voters,Percent Turnout,REP Sherry Radack,DEM Jim Peacock,Totals
"Chief Justice, 1st Court of Appeals",0851,1886,441,2327,3597,64.69%,1526,712,2238
"Chief Justice, 1st Court of Appeals",0852,0,0,0,1,0.00%,0,0,0
"Chief Justice, 1st Court of Appeals",0853,1637,487,2124,2986,71.13%,1566,495,2061
"Chief Justice, 1st Court of Appeals",0854,40,19,59,175,33.71%,9,48,57
"Chief Justice, 1st Court of Appeals",0855,7,2,9,21,42.86%,5,3,8
"Chief Justice, 1st Court of Appeals",0856,0,3,3,0,0.00%,0,1,1
"Chief Justice, 1st Court of Appeals",0857,0,0,0,1,0.00%,0,0,0
"Chief Justice, 1st Court of Appeals",0858,121,35,156,334,46.71%,5,142,147
"Chief Justice, 1st Court of Appeals",0859,391,143,534,945,56.51%,113,396,509
"Chief Justice, 1st Court of Appeals",0860,1,1,2,0,0.00%,0,2,2
"Chief Justice, 1st Court of Appeals",0861,777,272,1049,1941,54.04%,167,849,1016
"Chief Justice, 1st Court of Appeals",0862,1989,508,2497,3739,66.78%,1438,969,2407
"Chief Justice, 1st Court of Appeals",0863,192,64,256,581,44.06%,14,236,250
"Chief Justice, 1st Court of Appeals",0864,693,574,1267,2708,46.79%,271,925,1196
"Chief Justice, 1st Court of Appeals",0865,9,2,11,21,52.38%,1,10,11
"Chief Justice, 1st Court of Appeals",0866,0,0,0,0,0.00%,0,0,0
"Chief Justice, 1st Court of Appeals",0867,0,0,0,0,0.00%,0,0,0
"Chief Justice, 1st Court of Appeals",0868,737,495,1232,2446,50.37%,307,864,1171
"Chief Justice, 1st Court of Appeals",0869,166,55,221,480,46.04%,28,188,216
"Chief Justice, 1st Court of Appeals",0870,0,2,2,0,0.00%,1,1,2
"Chief Justice, 1st Court of Appeals",0871,2,1,3,3,100.00%,1,2,3
"Chief Justice, 1st Court of Appeals",0872,16,6,22,68,32.35%,12,10,22
"Chief Justice, 1st Court of Appeals",0873,296,111,407,778,52.31%,99,296,395
"Chief Justice, 1st Court of Appeals",0874,1681,670,2351,3294,71.37%,1691,573,2264
"Chief Justice, 1st Court of Appeals",0875,1948,501,2449,3592,68.18%,1138,1225,2363
"Chief Justice, 1st Court of Appeals",0876,1945,577,2522,3485,72.37%,1739,701,2440
"Chief Justice, 1st Court of Appeals",0877,1805,528,2333,3651,63.90%,881,1376,2257
"Chief Justice, 1st Court of Appeals",0878,685,110,795,1039,76.52%,634,131,765
"Chief Justice, 1st Court of Appeals",0879,1215,413,1628,2843,57.26%,672,889,1561
"Chief Justice, 1st Court of Appeals",0880,1355,471,1826,2467,74.02%,1357,410,1767
"Chief Justice, 1st Court of Appeals",0881,2465,927,3392,5638,60.16%,891,2392,3283
"Chief Justice, 1st Court of Appeals",0882,1952,595,2547,4317,59.00%,763,1679,2442
"Chief Justice, 1st Court of Appeals",0883,2252,928,3180,5613,56.65%,554,2505,3059
"Chief Justice, 1st Court of Appeals",0884,149,55,204,396,51.52%,30,168,198
Office,Precinct,Early Ballots Cast,Election Ballots Cast,Total Ballots Cast,Registered Voters,Percent Turnout,REP Sherry Radack,DEM Jim Peacock,Totals
"Chief Justice, 1st Court of Appeals",0885,1571,323,1894,2811,67.38%,1056,782,1838
"Chief Justice, 1st Court of Appeals",0886,496,152,648,906,71.52%,353,253,606
"Chief Justice, 1st Court of Appeals",0887,234,95,329,492,66.87%,169,132,301
"Chief Justice, 1st Court of Appeals",0888,817,289,1106,1867,59.24%,351,712,1063
"Chief Justice, 1st Court of Appeals",0889,113,28,141,238,59.24%,36,98,134
"Chief Justice, 1st Court of Appeals",0890,447,98,545,1214,44.89%,232,276,508
"Chief Justice, 1st Court of Appeals",0891,753,194,947,1376,68.82%,375,528,903
"Chief Justice, 1st Court of Appeals",0892,426,123,549,900,61.00%,193,326,519
"Chief Justice, 1st Court of Appeals",0893,1,4,5,9,55.56%,2,3,5
"Chief Justice, 1st Court of Appeals",0894,801,305,1106,2087,52.99%,152,919,1071
"Chief Justice, 1st Court of Appeals",0895,417,252,669,834,80.22%,316,313,629
"Chief Justice, 1st Court of Appeals",0896,839,254,1093,1467,74.51%,420,623,1043
"Chief Justice, 1st Court of Appeals",0897,813,365,1178,1766,66.70%,615,506,1121
"Chief Justice, 1st Court of Appeals",0898,792,301,1093,1821,60.02%,435,629,1064
"Chief Justice, 1st Court of Appeals",0899,747,165,912,1264,72.15%,569,319,888
"Chief Justice, 1st Court of Appeals",0900,7,0,7,12,58.33%,1,6,7
"Chief Justice, 1st Court of Appeals",0901,0,0,0,0,0.00%,0,0,0
"Chief Justice, 1st Court of Appeals",0902,1311,361,1672,2217,75.42%,886,694,1580
"Chief Justice, 1st Court of Appeals",0903,1314,354,1668,2558,65.21%,1206,408,1614
"Chief Justice, 1st Court of Appeals",0904,2,0,2,8,25.00%,1,1,2
"Chief Justice, 1st Court of Appeals",0905,390,136,526,946,55.60%,197,308,505
"Chief Justice, 1st Court of Appeals",0906,19,3,22,28,78.57%,13,9,22
"Chief Justice, 1st Court of Appeals",0907,53,37,90,201,44.78%,8,79,87
"Chief Justice, 1st Court of Appeals",0908,0,0,0,0,0.00%,0,0,0
"Chief Justice, 1st Court of Appeals",0909,7,1,8,21,38.10%,3,5,8
"Chief Justice, 1st Court of Appeals",0910,78,37,115,236,48.73%,38,68,106
"Chief Justice, 1st Court of Appeals",0911,237,63,300,576,52.08%,186,105,291
"Chief Justice, 1st Court of Appeals",0912,712,167,879,1341,65.55%,501,335,836
"Chief Justice, 1st Court of Appeals",0913,102,12,114,241,47.30%,19,90,109
"Chief Justice, 1st Court of Appeals",0914,42,0,42,124,33.87%,9,31,40
"Chief Justice, 1st Court of Appeals",0915,0,0,0,0,0.00%,0,0,0
"Chief Justice, 1st Court of Appeals",0916,1472,308,1780,2205,80.73%,1339,371,1710
"Chief Justice, 1st Court of Appeals",0917,33,9,42,147,28.57%,4,34,38
"Chief Justice, 1st Court of Appeals",0918,3,1,4,7,57.14%,1,3,4
Office,Precinct,Early Ballots Cast,Election Ballots Cast,Total Ballots Cast,Registered Voters,Percent Turnout,REP Sherry Radack,DEM Jim Peacock,Totals
"Chief Justice, 1st Court of Appeals",0919,1,0,1,1,100.00%,0,1,1
"Chief Justice, 1st Court of Appeals",0920,41,13,54,79,68.35%,31,21,52
"Chief Justice, 1st Court of Appeals",0921,27,6,33,61,54.10%,7,26,33
"Chief Justice, 1st Court of Appeals",0922,0,0,0,0,0.00%,0,0,0
"Chief Justice, 1st Court of Appeals",0923,2331,350,2681,3536,75.82%,2001,623,2624
"Chief Justice, 1st Court of Appeals",0924,0,0,0,0,0.00%,0,0,0
"Chief Justice, 1st Court of Appeals",0925,0,0,0,0,0.00%,0,0,0
"Chief Justice, 1st Court of Appeals",0926,550,149,699,967,72.29%,467,203,670
"Chief Justice, 1st Court of Appeals",0927,968,173,1141,1771,64.43%,579,499,1078
"Chief Justice, 1st Court of Appeals",0928,4,1,5,7,71.43%,0,5,5
"Chief Justice, 1st Court of Appeals",0929,0,0,0,0,0.00%,0,0,0
"Chief Justice, 1st Court of Appeals",0930,217,83,300,606,49.50%,17,271,288
"Chief Justice, 1st Court of Appeals",0931,87,28,115,141,81.56%,53,52,105
"Chief Justice, 1st Court of Appeals",0932,0,1,1,0,0.00%,0,1,1
"Chief Justice, 1st Court of Appeals",0933,297,93,390,668,58.38%,123,254,377
"Chief Justice, 1st Court of Appeals",0934,9,4,13,37,35.14%,7,6,13
"Chief Justice, 1st Court of Appeals",0935,12,9,21,55,38.18%,8,13,21
"Chief Justice, 1st Court of Appeals",0936,23,9,32,76,42.11%,8,21,29
"Chief Justice, 1st Court of Appeals",0937,0,0,0,0,0.00%,0,0,0
"Chief Justice, 1st Court of Appeals",0938,72,19,91,255,35.69%,30,61,91
"Chief Justice, 1st Court of Appeals",0939,1,1,2,4,50.00%,1,1,2
"Chief Justice, 1st Court of Appeals",0940,9,3,12,28,42.86%,1,11,12
"Chief Justice, 1st Court of Appeals",0941,285,144,429,870,49.31%,205,199,404
"Chief Justice, 1st Court of Appeals",0942,102,16,118,152,77.63%,79,36,115
"Chief Justice, 1st Court of Appeals",0943,192,28,220,774,28.42%,48,157,205
"Chief Justice, 1st Court of Appeals",0944,1,0,1,1,100.00%,0,1,1
"Chief Justice, 1st Court of Appeals",0945,8,6,14,21,66.67%,3,10,13
"Chief Justice, 1st Court of Appeals",0946,4,2,6,14,42.86%,2,4,6
"Chief Justice, 1st Court of Appeals",0947,428,198,626,820,76.34%,322,270,592
"Chief Justice, 1st Court of Appeals",0948,0,0,0,1,0.00%,0,0,0
"Chief Justice, 1st Court of Appeals",0949,84,61,145,210,69.05%,71,66,137
"Chief Justice, 1st Court of Appeals",0950,0,0,0,0,0.00%,0,0,0
"Chief Justice, 1st Court of Appeals",0951,114,62,176,304,57.89%,39,125,164
"Chief Justice, 1st Court of Appeals",0952,32,15,47,65,72.31%,33,14,47
Office,Precinct,Early Ballots Cast,Election Ballots Cast,Total Ballots Cast,Registered Voters,Percent Turnout,REP Sherry Radack,DEM Jim Peacock,Totals
"Chief Justice, 1st Court of Appeals",0953,4,0,4,8,50.00%,0,4,4
"Chief Justice, 1st Court of Appeals",0954,0,0,0,0,0.00%,0,0,0
"Chief Justice, 1st Court of Appeals",0955,3539,572,4111,5108,80.48%,2883,1064,3947
"Chief Justice, 1st Court of Appeals",0956,0,0,0,0,0.00%,0,0,0
"Chief Justice, 1st Court of Appeals",0957,283,39,322,585,55.04%,45,265,310
"Chief Justice, 1st Court of Appeals",0958,430,231,661,1202,54.99%,123,508,631
"Chief Justice, 1st Court of Appeals",0959,0,0,0,0,0.00%,0,0,0
"Chief Justice, 1st Court of Appeals",0960,829,235,1064,1471,72.33%,224,803,1027
"Chief Justice, 1st Court of Appeals",0961,821,318,1139,2369,48.08%,177,910,1087
"Chief Justice, 1st Court of Appeals",0962,33,12,45,88,51.14%,8,35,43
"Chief Justice, 1st Court of Appeals",0963,225,91,316,528,59.85%,128,172,300
"Chief Justice, 1st Court of Appeals",0964,2146,325,2471,3179,77.73%,1394,984,2378
"Chief Justice, 1st Court of Appeals",0965,101,35,136,345,39.42%,89,41,130
"Chief Justice, 1st Court of Appeals",0966,368,189,557,1332,41.82%,129,395,524
"Chief Justice, 1st Court of Appeals",0967,82,24,106,186,56.99%,39,62,101
"Chief Justice, 1st Court of Appeals",0968,455,127,582,906,64.24%,122,441,563
"Chief Justice, 1st Court of Appeals",0969,299,71,370,624,59.29%,8,353,361
"Chief Justice, 1st Court of Appeals",0970,223,102,325,810,40.12%,31,274,305
"Chief Justice, 1st Court of Appeals",0971,0,0,0,0,0.00%,0,0,0
"Chief Justice, 1st Court of Appeals",0972,0,0,0,0,0.00%,0,0,0
"Chief Justice, 1st Court of Appeals",0973,504,138,642,999,64.26%,413,198,611
"Chief Justice, 1st Court of Appeals",0974,0,1,1,0,0.00%,1,0,1
"Chief Justice, 1st Court of Appeals",0975,104,26,130,190,68.42%,60,61,121
"Chief Justice, 1st Court of Appeals",0976,190,152,342,712,48.03%,160,160,320
"Chief Justice, 1st Court of Appeals",0977,160,108,268,617,43.44%,91,168,259
"Chief Justice, 1st Court of Appeals",0978,0,0,0,0,0.00%,0,0,0
"Chief Justice, 1st Court of Appeals",0979,0,0,0,0,0.00%,0,0,0
"Chief Justice, 1st Court of Appeals",0980,686,333,1019,1412,72.17%,703,267,970
"Chief Justice, 1st Court of Appeals",0981,12,2,14,31,45.16%,1,12,13
"Chief Justice, 1st Court of Appeals",0982,1898,501,2399,2916,82.27%,1796,517,2313
"Chief Justice, 1st Court of Appeals",0983,65,17,82,198,41.41,%,44,36,80
"Chief Justice, 1st Court of Appeals",0984,76,57,133,341,39.00%,9,122,131
"Chief Justice, 1st Court of Appeals",0985,222,56,278,355,78.31%,132,135,267
"Chief Justice, 1st Court of Appeals",0986,154,78,232,537,43.20%,24,200,224
Office,Precinct,Early Ballots Cast,Election Ballots Cast,Total Ballots Cast,Registered Voters,Percent Turnout,REP Sherry Radack,DEM Jim Peacock,Totals
"Chief Justice, 1st Court of Appeals",0987,476,130,606,1183,51.23%,40,539,579
"Chief Justice, 1st Court of Appeals",0988,62,15,77,117,65.81%,68,7,75
"Chief Justice, 1st Court of Appeals",0989,0,0,0,0,0.00%,0,0,0
"Chief Justice, 1st Court of Appeals",0990,5,6,11,66,16.67%,4,7,11
"Chief Justice, 1st Court of Appeals",0991,0,1,1,2,50.00%,0,1,1
"Chief Justice, 1st Court of Appeals",0992,456,106,562,1075,52.28%,260,271,531
"Chief Justice, 1st Court of Appeals",0993,0,0,0,0,0.00%,0,0,0
"Chief Justice, 1st Court of Appeals",0994,56,12,68,75,90.67%,21,46,67
"Chief Justice, 1st Court of Appeals",0995,753,193,946,1576,60.03%,95,810,905
"Chief Justice, 1st Court of Appeals",0996,403,70,473,708,66.81%,245,199,444
"Chief Justice, 1st Court of Appeals",0997,522,283,805,1909,42.17%,144,642,786
"Chief Justice, 1st Court of Appeals",0998,24,12,36,68,52.94%,22,13,35
"Chief Justice, 1st Court of Appeals",0999,0,0,0,0,0.00%,0,0,0
"Chief Justice, 1st Court of Appeals",1000,122,22,144,428,33.64%,25,115,140
"Chief Justice, 1st Court of Appeals",1001,519,280,799,1654,48.31%,154,610,764
"Chief Justice, 1st Court of Appeals",1002,480,270,750,1804,41.57%,110,599,709
"Chief Justice, 1st Court of Appeals",1003,0,0,0,0,0.00%,0,0,0
"Chief Justice, 1st Court of Appeals",1004,351,114,465,691,67.29%,229,215,444
"Chief Justice, 1st Court of Appeals",1005,0,0,0,0,0.00%,0,0,0
"Chief Justice, 1st Court of Appeals",1006,0,0,0,0,0.00%,0,0,0
"Chief Justice, 1st Court of Appeals",1007,695,306,1001,1775,56.39%,223,741,964
"Chief Justice, 1st Court of Appeals",1008,620,107,727,1011,71.91%,560,138,698
"Chief Justice, 1st Court of Appeals",1009,0,0,0,0,0.00%,0,0,0
"Chief Justice, 1st Court of Appeals",1010,292,96,388,647,59.97%,73,302,375
"Chief Justice, 1st Court of Appeals",1011,9,6,15,31,48.39%,9,6,15
"Chief Justice, 1st Court of Appeals",1012,543,362,905,1633,55.42%,212,647,859
"Chief Justice, 1st Court of Appeals",Totals;,982016,353327,1335343,2182980,619676,657270,1276946
