Office,Precinct,Early Ballots Cast,Election Ballots Cast,Total Ballots Cast,Registered Voters,Percent Turnout,REP Mike Sullivan,DEM Ann Harris Bennett,Totals
County Tax Assessor-Collector,0001,1416,496,1912,2682,71.29%,748,1065,1813
County Tax Assessor-Collector,0002,1000,370,1370,2099,65.27%,615,689,1304
County Tax Assessor-Collector,0003,875,336,1211,1625,74.52%,507,656,1163
County Tax Assessor-Collector,0004,954,369,1323,1709,77.41%,513,753,1266
County Tax Assessor-Collector,0005,759,380,1139,1470,77.48%,469,631,1100
County Tax Assessor-Collector,0006,1840,628,2468,4084,60.43%,1226,1158,2384
County Tax Assessor-Collector,0007,430,125,555,1002,55.39%,26,514,540
County Tax Assessor-Collector,0008,889,351,1240,1848,67.10%,623,575,1198
County Tax Assessor-Collector,0009,658,312,970,1861,52.12%,267,644,911
County Tax Assessor-Collector,0010,701,232,933,1830,50.98%,230,633,863
County Tax Assessor-Collector,0011,617,258,875,1748,50.06%,203,621,824
County Tax Assessor-Collector,0012,230,65,295,731,40.36%,152,131,283
County Tax Assessor-Collector,0013,1230,382,1612,2751,58.60%,1075,475,1550
County Tax Assessor-Collector,0014,989,429,1418,1924,73.70%,750,611,1361
County Tax Assessor-Collector,0015,1489,849,2338,2852,81.98%,1361,878,2239
County Tax Assessor-Collector,0016,676,189,865,1284,67.37%,425,402,827
County Tax Assessor-Collector,0017,451,293,744,1198,62.10%,318,391,709
County Tax Assessor-Collector,0018,743,367,1110,1456,76.24%,543,530,1073
County Tax Assessor-Collector,0019,647,293,940,1288,72.98%,358,537,895
County Tax Assessor-Collector,0020,1007,335,1342,2780,48.27%,476,808,1284
County Tax Assessor-Collector,0021,539,207,746,1229,60.70%,190,526,716
County Tax Assessor-Collector,0022,935,419,1354,2501,54.14%,242,1068,1310
County Tax Assessor-Collector,0023,132,74,206,551,37.39%,44,154,198
County Tax Assessor-Collector,0024,292,36,328,712,46.07%,69,250,319
County Tax Assessor-Collector,0025,239,292,531,1105,48.05%,33,483,516
County Tax Assessor-Collector,0026,834,313,1147,1969,58.25%,272,807,1079
County Tax Assessor-Collector,0027,1391,508,1899,3271,58.06%,444,1342,1786
County Tax Assessor-Collector,0028,1513,446,1959,3307,59.24%,1130,779,1909
County Tax Assessor-Collector,0029,548,490,1138,2722,41.81%,358,721,1079
County Tax Assessor-Collector,0030,1285,546,1831,2818,64.98%,592,1133,1725
County Tax Assessor-Collector,0031,784,453,1237,2656,46.57%,56,1135,1191
County Tax Assessor-Collector,0032,1245,504,1749,2728,64.11%,812,838,1650
County Tax Assessor-Collector,0033,2072,554,2525,3907,67.21%,1037,1439,2476
County Tax Assessor-Collector,0034,1511,517,2128,3044,69.91%,532,1514,2046
Office,Precinct,Early Ballots Cast,Election Ballots Cast,Total Ballots Cast,Registered Voters,Percent Turnout,REP Mike Sullivan,DEM Ann Harris Bennett,Totals
County Tax Assessor-Collector,0035,5,0,5,14,35.71%,3,2,5
County Tax Assessor-Collector,0036,1032,516,1548,3100,49.94%,379,1098,1477
County Tax Assessor-Collector,0037,1521,409,1930,2467,78.23%,743,1093,1836
County Tax Assessor-Collector,0038,1876,436,2312,3081,75.04%,846,1367,2213
County Tax Assessor-Collector,0039,1703,492,2195,3070,71.50%,655,1424,2079
County Tax Assessor-Collector,0040,275,107,382,527,72.49%,177,181,358
County Tax Assessor-Collector,0041,712,264,976,1518,64.30%,421,525,946
County Tax Assessor-Collector,0042,438,109,547,1062,51.51%,18,520,538
County Tax Assessor-Collector,0043,815,300,1115,1972,56.54%,478,579,1057
County Tax Assessor-Collector,0044,726,310,1036,2126,48.73%,250,715,965
County Tax Assessor-Collector,0045,2263,1021,3284,5740,57.21%,729,2427,3156
County Tax Assessor-Collector,0046,875,341,1216,2568,47.35%,243,910,1153
County Tax Assessor-Collector,0047,505,268,773,1618,47.78%,52,704,756
County Tax Assessor-Collector,0048,348,168,516,967,53.36%,69,420,489
County Tax Assessor-Collector,0049,1546,731,2277,3709,61.39%,1517,685,2202
County Tax Assessor-Collector,0050,1836,680,2516,4314,58.32%,1229,1216,2445
County Tax Assessor-Collector,0051,828,271,1099,1734,63.38%,828,241,1069
County Tax Assessor-Collector,0052,1400,456,1856,2581,71.91%,909,841,1750
County Tax Assessor-Collector,0053,1675,613,2288,3083,74.21%,1055,1120,2175
County Tax Assessor-Collector,0054,1052,211,1263,1619,78.01%,647,546,1193
County Tax Assessor-Collector,0055,1262,410,1672,2094,79.85%,776,804,1580
County Tax Assessor-Collector,0056,698,283,981,1393,70.42%,593,353,946
County Tax Assessor-Collector,0057,2043,567,2610,3325,78.50%,1158,1323,2481
County Tax Assessor-Collector,0058,1716,484,2200,3031,72.58%,1053,1041,2094
County Tax Assessor-Collector,0059,1589,439,2028,2671,75.93%,906,1048,1954
County Tax Assessor-Collector,0060,1473,537,2010,2766,72.67%,590,1313,1903
County Tax Assessor-Collector,0061,519,423,942,1847,51.00%,283,609,892
County Tax Assessor-Collector,0062,689,452,1141,2195,51.98%,243,837,1080
County Tax Assessor-Collector,0063,767,391,1158,1903,60.85%,935,197,1132
County Tax Assessor-Collector,0064,678,368,1046,2220,47.12%,222,760,982
County Tax Assessor-Collector,0065,638,435,1073,2178,49.27%,219,808,1027
County Tax Assessor-Collector,0066,247,255,502,1135,44.23%,104,375,479
County Tax Assessor-Collector,0067,942,521,1463,3019,48.46%,342,1034,1376
County Tax Assessor-Collector,0068,1171,430,1601,3096,51.71%,61,1494,1555
Office,Precinct,Early Ballots Cast,Election Ballots Cast,Total Ballots Cast,Registered Voters,Percent Turnout,REP Mike Sullivan,DEM Ann Harris Bennett,Totals
County Tax Assessor-Collector,0069,375,222,597,1309,45.61%,123,437,560
County Tax Assessor-Collector,0070,2288,670,2958,3815,77.54%,1740,1104,2844
County Tax Assessor-Collector,0071,2703,947,3650,5016,72.77%,1898,1585,3483
County Tax Assessor-Collector,0072,736,418,1154,2029,56.88%,342,761,1103
County Tax Assessor-Collector,0073,813,282,1095,1621,67.55%,586,462,1048
County Tax Assessor-Collector,0074,2503,268,2771,3578,77.45%,2093,594,2687
County Tax Assessor-Collector,0075,1000,286,1286,1684,76.37%,612,613,1225
County Tax Assessor-Collector,0076,1015,427,1442,2441,59.07%,744,647,1391
County Tax Assessor-Collector,0077,2,5,7,17,41.18%,1,6,7
County Tax Assessor-Collector,0078,618,254,872,1608,54.23%,251,571,822
County Tax Assessor-Collector,0079,831,602,1433,2963,48.36%,307,1042,1349
County Tax Assessor-Collector,0080,1174,466,1640,2840,57.75%,397,1174,1571
County Tax Assessor-Collector,0081,776,273,1049,1964,53.41%,329,670,999
County Tax Assessor-Collector,0082,1585,756,2341,3539,66.15%,1687,583,2270
County Tax Assessor-Collector,0083,1829,540,2369,4174,56.76%,927,1374,2301
County Tax Assessor-Collector,0084,573,257,830,1421,58.41%,583,223,806
County Tax Assessor-Collector,0085,587,329,916,2169,42.23%,54,836,890
County Tax Assessor-Collector,0086,2032,493,2525,3449,73.21%,1270,1149,2419
County Tax Assessor-Collector,0087,1451,719,2170,2839,76.44%,1345,742,2087
County Tax Assessor-Collector,0088,338,141,479,784,61.10%,323,138,461
County Tax Assessor-Collector,0089,398,424,822,1094,75.14%,464,323,787
County Tax Assessor-Collector,0090,1856,890,2746,3883,70.72%,2042,623,2665
County Tax Assessor-Collector,0091,673,339,1012,1724,58.70%,571,391,962
County Tax Assessor-Collector,0092,1263,474,1737,2260,76.86%,1176,515,1691
County Tax Assessor-Collector,0093,1048,619,1667,3536,47.14%,522,1071,1593
County Tax Assessor-Collector,0094,202,63,265,580,45.69%,55,200,255
County Tax Assessor-Collector,0095,2022,534,2556,3394,75.31%,1676,809,2485
County Tax Assessor-Collector,0096,828,306,1134,2060,55.05%,193,906,1099
County Tax Assessor-Collector,0097,2511,467,2978,4414,67.47%,2239,651,2890
County Tax Assessor-Collector,0098,1385,594,1979,3161,62.61%,1648,284,1932
County Tax Assessor-Collector,0099,681,295,976,2192,44.53%,411,529,940
County Tax Assessor-Collector,0100,529,276,805,1825,44.11%,337,447,784
County Tax Assessor-Collector,0101,221,129,350,988,35.43%,87,251,338
County Tax Assessor-Collector,0102,580,227,807,1907,42.32%,221,551,772
Office,Precinct,Early Ballots Cast,Election Ballots Cast,Total Ballots Cast,Registered Voters,Percent Turnout,REP Mike Sullivan,DEM Ann Harris Bennett,Totals
County Tax Assessor-Collector,0103,2140,985,3125,5097,61.31%,1567,1486,3053
County Tax Assessor-Collector,0104,913,211,1124,1920,58.54%,46,1056,1102
County Tax Assessor-Collector,0105,709,433,1142,2304,49.57%,332,756,1088
County Tax Assessor-Collector,0106,73,59,132,299,44.15%,46,85,131
County Tax Assessor-Collector,0107,592,403,995,2230,44.62%,184,778,962
County Tax Assessor-Collector,0108,1461,448,1909,3674,51.96%,939,879,1818
County Tax Assessor-Collector,0109,1098,278,1376,2909,47.30%,49,1290,1339
County Tax Assessor-Collector,0110,1661,481,2142,3222,66.48%,1266,823,2089
County Tax Assessor-Collector,0111,2699,866,3565,4792,74.39%,2502,951,3453
County Tax Assessor-Collector,0112,1507,598,2105,3188,66.03%,1398,635,2033
County Tax Assessor-Collector,0113,1307,418,1725,2718,63.47%,927,749,1676
County Tax Assessor-Collector,0114,2290,506,2796,3885,71.97%,2053,653,2706
County Tax Assessor-Collector,0115,609,272,881,1843,47.80%,96,745,841
County Tax Assessor-Collector,0116,1898,599,2497,3194,78.18%,1906,520,2426
County Tax Assessor-Collector,0117,573,379,952,1900,50.11%,359,547,906
County Tax Assessor-Collector,0118,1823,530,2353,3181,73.97%,1306,979,2285
County Tax Assessor-Collector,0119,2755,409,3164,4682,67.58%,2486,584,3070
County Tax Assessor-Collector,0120,1804,588,2392,3732,64.09%,1438,872,2310
County Tax Assessor-Collector,0121,354,221,575,966,59.52%,362,200,562
County Tax Assessor-Collector,0122,732,284,1016,1904,53.36%,61,918,979
County Tax Assessor-Collector,0123,749,287,1036,1585,65.36%,286,710,996
County Tax Assessor-Collector,0124,3136,888,4024,5393,74.62%,3188,757,3945
County Tax Assessor-Collector,0125,1207,400,1607,2593,61.97%,866,690,1556
County Tax Assessor-Collector,0126,2017,427,2444,3380,72.31%,2081,297,2378
County Tax Assessor-Collector,0127,978,214,1192,2091,57.01%,844,305,1149
County Tax Assessor-Collector,0128,1107,612,1719,2322,74.03%,1076,566,1642
County Tax Assessor-Collector,0129,2540,1052,3592,5172,69.45%,2125,1334,3459
County Tax Assessor-Collector,0130,1310,433,1743,2289,76.15%,1235,454,1689
County Tax Assessor-Collector,0131,798,371,1169,2147,54.45%,263,878,1141
County Tax Assessor-Collector,0132,1028,322,1350,2378,56.77%,65,1260,1325
County Tax Assessor-Collector,0133,1411,746,2157,2690,80.19%,1226,833,2059
County Tax Assessor-Collector,0134,593,345,938,1513,62.00%,399,501,900
County Tax Assessor-Collector,0135,1514,551,2165,2777,77.96%,1393,683,2076
County Tax Assessor-Collector,0136,982,352,1334,2116,63.04%,108,1183,1291
Office,Precinct,Early Ballots Cast,Election Ballots Cast,Total Ballots Cast,Registered Voters,Percent Turnout,REP Mike Sullivan,DEM Ann Harris Bennett,Totals
County Tax Assessor-Collector,0137,993,259,1252,1986,63.04%,832,380,1212
County Tax Assessor-Collector,0138,600,228,828,1723,48.06%,51,758,809
County Tax Assessor-Collector,0139,1939,601,2540,3435,73.94%,1240,1170,2410
County Tax Assessor-Collector,0140,1513,510,2023,3270,61.87%,356,1577,1933
County Tax Assessor-Collector,0141,217,153,370,904,40.93%,210,143,353
County Tax Assessor-Collector,0142,293,140,433,933,46.41%,104,302,406
County Tax Assessor-Collector,0143,1868,267,2135,2582,82.69%,1413,678,2091
County Tax Assessor-Collector,0144,442,125,567,1086,52.21%,26,525,551
County Tax Assessor-Collector,0145,560,256,816,1564,52.17%,21,768,789
County Tax Assessor-Collector,0146,1000,494,1494,2073,72.07%,683,764,1447
County Tax Assessor-Collector,0147,1411,354,1765,3211,54.97%,248,1471,1719
County Tax Assessor-Collector,0148,1265,652,1917,2571,74.56%,786,1035,1821
County Tax Assessor-Collector,0149,2938,573,3511,4756,73.82%,1961,1461,3422
County Tax Assessor-Collector,0150,582,223,805,1574,51.14%,43,734,777
County Tax Assessor-Collector,0151,282,107,389,826,47.09%,22,353,375
County Tax Assessor-Collector,0152,838,524,1362,3059,44.52%,319,977,1296
County Tax Assessor-Collector,0153,544,399,943,1873,50.35%,235,672,907
County Tax Assessor-Collector,0154,913,289,1202,2293,52.42%,291,846,1137
County Tax Assessor-Collector,0155,2275,576,2851,4065,70.14%,1780,975,2755
County Tax Assessor-Collector,0156,1413,403,1815,3223,56.35%,134,1626,1760
County Tax Assessor-Collector,0157,880,278,1158,2265,51.13%,77,1052,1129
County Tax Assessor-Collector,0158,1143,365,1508,3049,49.46%,55,1419,1474
County Tax Assessor-Collector,0159,348,147,495,997,49.65%,81,397,478
County Tax Assessor-Collector,0160,286,67,353,717,49.23%,15,324,339
County Tax Assessor-Collector,0161,378,173,551,992,55.54%,24,510,534
County Tax Assessor-Collector,0162,364,267,631,1312,48.09%,174,421,595
County Tax Assessor-Collector,0163,1080,524,1604,3075,52.16%,502,965,1467
County Tax Assessor-Collector,0164,441,258,699,1407,49.68%,37,642,679
County Tax Assessor-Collector,0165,1169,469,1638,2460,66.59%,957,612,1569
County Tax Assessor-Collector,0166,562,261,823,1171,70.28%,310,482,792
County Tax Assessor-Collector,0167,5,2,7,24,29.17%,0,6,6
County Tax Assessor-Collector,0168,196,59,255,512,49.80%,5,246,251
County Tax Assessor-Collector,0169,985,247,1232,2548,48.35%,60,1140,1200
County Tax Assessor-Collector,0170,553,262,925,1958,47.24%,428,436,864
Office,Precinct,Early Ballots Cast,Election Ballots Cast,Total Ballots Cast,Registered Voters,Percent Turnout,REP Mike Sullivan,DEM Ann Harris Bennett,Totals
County Tax Assessor-Collector,0171,482,283,765,1648,46.42%,59,677,736
County Tax Assessor-Collector,0172,245,103,348,661,52.65%,105,232,337
County Tax Assessor-Collector,0173,2259,683,2942,3966,74.18%,2216,635,2851
County Tax Assessor-Collector,0174,1718,707,2423,3389,71.50%,1639,698,2337
County Tax Assessor-Collector,0175,1402,691,2093,2711,77.20%,1100,913,2013
County Tax Assessor-Collector,0176,767,375,1142,1533,74.49%,591,493,1084
County Tax Assessor-Collector,0177,937,333,1270,1715,74.05%,720,484,1204
County Tax Assessor-Collector,0178,1116,273,1389,1795,77.38%,930,396,1326
County Tax Assessor-Collector,0179,771,244,1015,1673,60.67%,495,468,963
County Tax Assessor-Collector,0180,928,463,1391,2914,47.74%,74,1265,1339
County Tax Assessor-Collector,0181,697,439,1136,2195,51.75%,290,800,1090
County Tax Assessor-Collector,0182,1943,994,2937,4071,72.14%,1639,1148,2787
County Tax Assessor-Collector,0183,1286,715,2001,2535,78.93%,1296,618,1914
County Tax Assessor-Collector,0184,278,219,497,1048,47.42%,145,328,473
County Tax Assessor-Collector,0185,709,444,1153,2054,56.13%,329,770,1099
County Tax Assessor-Collector,0186,252,150,402,798,50.38%,45,345,390
County Tax Assessor-Collector,0187,96,51,147,309,47.57%,29,107,136
County Tax Assessor-Collector,0188,499,306,805,1711,47.05%,276,497,773
County Tax Assessor-Collector,0189,804,279,1083,1505,71.96%,627,411,1038
County Tax Assessor-Collector,0190,571,326,897,1849,48.51%,276,572,848
County Tax Assessor-Collector,0191,327,259,586,1408,41.62%,192,370,562
County Tax Assessor-Collector,0192,757,259,1016,1959,51.86%,87,893,980
County Tax Assessor-Collector,0193,375,211,586,1099,53.32%,30,537,567
County Tax Assessor-Collector,0194,1138,449,1587,2172,73.07%,471,1038,1509
County Tax Assessor-Collector,0195,606,344,950,1739,54.63%,70,837,907
County Tax Assessor-Collector,0196,132,37,169,313,53.99%,20,142,162
County Tax Assessor-Collector,0197,998,372,1368,2969,46.08%,57,1277,1334
County Tax Assessor-Collector,0198,161,82,243,619,39.26%,12,221,233
County Tax Assessor-Collector,0199,1929,815,2744,4063,67.54%,2097,575,2672
County Tax Assessor-Collector,0200,2307,377,2684,3692,72.70%,1268,1302,2570
County Tax Assessor-Collector,0201,221,105,326,773,42.17%,14,305,319
County Tax Assessor-Collector,0202,421,233,654,1410,46.38%,34,595,629
County Tax Assessor-Collector,0203,298,111,409,988,41.40%,82,303,385
County Tax Assessor-Collector,0204,2099,577,2676,3568,75.00%,1492,1055,2547
Office,Precinct,Early Ballots Cast,Election Ballots Cast,Total Ballots Cast,Registered Voters,Percent Turnout,REP Mike Sullivan,DEM Ann Harris Bennett,Totals
County Tax Assessor-Collector,0205,771,171,942,1724,54.64%,40,880,920
County Tax Assessor-Collector,0206,1277,494,1771,2965,59.73%,575,1107,1682
County Tax Assessor-Collector,0207,605,212,817,1166,70.07%,294,494,788
County Tax Assessor-Collector,0208,909,338,1247,2256,55.27%,345,852,1197
County Tax Assessor-Collector,0209,0,0,0,0,0.00%,0,0,0
County Tax Assessor-Collector,0210,1259,489,1748,2781,62.86%,313,1381,1694
County Tax Assessor-Collector,0211,964,595,1559,3130,49.81%,484,993,1477
County Tax Assessor-Collector,0212,309,323,632,1370,46.13%,116,481,597
County Tax Assessor-Collector,0213,1782,795,2577,3406,75.66%,2015,486,2501
County Tax Assessor-Collector,0214,1016,418,1434,1911,75.04%,876,488,1364
County Tax Assessor-Collector,0215,1096,636,1732,2286,75.77%,1027,633,1660
County Tax Assessor-Collector,0216,778,244,1022,1966,51.98%,86,902,988
County Tax Assessor-Collector,0217,1545,618,2163,2736,79.06%,1362,720,2082
County Tax Assessor-Collector,0218,1099,457,1556,2467,63.07%,461,998,1459
County Tax Assessor-Collector,0219,1117,515,1632,2868,56.90%,189,1371,1560
County Tax Assessor-Collector,0220,832,306,1138,2362,48.18%,748,346,1094
County Tax Assessor-Collector,0221,1032,473,1505,2598,57.93%,569,880,1449
County Tax Assessor-Collector,0222,1460,671,2131,2728,78.12%,1020,1009,2029
County Tax Assessor-Collector,0223,1750,517,2267,3664,61.87%,660,1486,2146
County Tax Assessor-Collector,0224,1155,495,1551,2313,71.81%,765,824,1589
County Tax Assessor-Collector,0225,1353,596,1949,3689,52.83%,855,1028,1883
County Tax Assessor-Collector,0226,840,421,1261,2554,49.37%,288,923,1211
County Tax Assessor-Collector,0227,1071,359,1430,1810,79.01%,1037,343,1380
County Tax Assessor-Collector,0228,625,159,784,1175,66.72%,65,711,776
County Tax Assessor-Collector,0229,227,168,395,828,47.71%,122,254,376
County Tax Assessor-Collector,0230,353,185,518,1094,47.35%,38,465,503
County Tax Assessor-Collector,0231,801,445,1246,2376,52.44%,283,916,1199
County Tax Assessor-Collector,0232,941,438,1379,1826,75.52%,766,570,1336
County Tax Assessor-Collector,0233,2571,703,3274,4713,69.47%,1575,1535,3110
County Tax Assessor-Collector,0234,2419,728,3147,4042,77.86%,2328,711,3039
County Tax Assessor-Collector,0235,461,203,664,1421,46.73%,35,606,641
County Tax Assessor-Collector,0236,555,308,964,2104,45.82%,62,877,939
County Tax Assessor-Collector,0237,739,312,1051,2146,48.97%,35,994,1029
County Tax Assessor-Collector,0238,606,317,923,1948,47.38%,52,843,895
Office,Precinct,Early Ballots Cast,Election Ballots Cast,Total Ballots Cast,Registered Voters,Percent Turnout,REP Mike Sullivan,DEM Ann Harris Bennett,Totals
County Tax Assessor-Collector,0239,694,334,1028,1984,51.81%,50,959,1009
County Tax Assessor-Collector,0240,1007,292,1299,2601,49.94%,54,1222,1276
County Tax Assessor-Collector,0241,651,383,1034,2466,41,93%,357,642,999
County Tax Assessor-Collector,0242,506,314,820,1744,47.02%,378,394,772
County Tax Assessor-Collector,0243,244,42,286,475,60.21%,9,274,283
County Tax Assessor-Collector,0244,1409,538,1947,3296,59.07%,951,931,1882
County Tax Assessor-Collector,0245,2100,811,2911,4679,62.21%,1842,968,2810
County Tax Assessor-Collector,0246,2209,482,2691,3971,67.77%,1715,914,2629
County Tax Assessor-Collector,0247,440,376,816,1595,51.16%,34,769,803
County Tax Assessor-Collector,0248,453,347,800,2147,37.26%,189,576,765
County Tax Assessor-Collector,0249,1124,365,1489,2825,52.71%,936,520,1456
County Tax Assessor-Collector,0250,288,183,471,925,50.92%,27,437,464
County Tax Assessor-Collector,0251,806,378,1184,2132,55.53%,86,1062,1148
County Tax Assessor-Collector,0252,925,309,1235,2292,53.88%,43,1169,1212
County Tax Assessor-Collector,0253,759,311,1070,2154,49.68%,46,1004,1050
County Tax Assessor-Collector,0254,411,280,691,1675,41.25%,167,488,655
County Tax Assessor-Collector,0255,1253,586,1839,2489,73.89%,824,942,1766
County Tax Assessor-Collector,0256,1398,583,1981,3321,59.65%,713,1183,1896
County Tax Assessor-Collector,0257,997,622,1619,3497,46.30%,418,1138,1556
County Tax Assessor-Collector,0258,1948,608,2555,3346,76.39%,1848,625,2473
County Tax Assessor-Collector,0259,1030,414,1444,2312,62.46%,64,1351,1415
County Tax Assessor-Collector,0260,547,227,774,1300,59.54%,386,350,736
County Tax Assessor-Collector,0261,442,531,973,1457,66.78%,300,632,932
County Tax Assessor-Collector,0262,1847,676,2523,4397,57.38%,1365,1051,2416
County Tax Assessor-Collector,0263,2208,665,2873,4016,71.54%,2057,719,2776
County Tax Assessor-Collector,0264,1110,627,1737,3101,56.01%,911,756,1667
County Tax Assessor-Collector,0265,1991,608,2599,3582,72.56%,1855,637,2492
County Tax Assessor-Collector,0266,737,443,1180,2147,54.96%,478,657,1135
County Tax Assessor-Collector,0267,421,293,714,1433,49.83%,278,404,682
County Tax Assessor-Collector,0268,1174,689,1863,2528,73.69%,1093,669,1762
County Tax Assessor-Collector,0269,1305,365,1670,2114,79.00%,1266,344,1610
County Tax Assessor-Collector,0270,1816,688,2504,3985,62.84%,1320,1091,2411
County Tax Assessor-Collector,0271,1150,346,1496,2558,58.48%,53,1419,1472
County Tax Assessor-Collector,0272,870,415,1285,2334,55.06%,458,771,1229
Office,Precinct,Early Ballots Cast,Election Ballots Cast,Total Ballots Cast,Registered Voters,Percent Turnout,REP Mike Sullivan,DEM Ann Harris Bennett,Totals
County Tax Assessor-Collector,0273,1175,647,1822,2485,73.32%,1424,344,1768
County Tax Assessor-Collector,0274,1251,311,1572,2223,70.72%,993,513,1506
County Tax Assessor-Collector,0275,585,334,919,2059,44.63%,177,715,892
County Tax Assessor-Collector,0276,1027,255,1282,2458,52.16%,35,1222,1257
County Tax Assessor-Collector,0277,573,338,911,1898,48.00%,336,549,885
County Tax Assessor-Collector,0278,1059,469,1528,2602,58.72%,675,792,1467
County Tax Assessor-Collector,0279,789,314,1103,2073,53.21%,633,430,1063
County Tax Assessor-Collector,0280,444,362,806,1656,48.67%,245,521,766
County Tax Assessor-Collector,0281,1287,590,1877,2507,74.87%,948,844,1792
County Tax Assessor-Collector,0282,773,604,1377,2144,64.23%,793,535,1328
County Tax Assessor-Collector,0283,2351,1143,3494,6365,54.89%,556,2836,3392
County Tax Assessor-Collector,0284,1585,574,2159,4079,52.93%,758,1312,2070
County Tax Assessor-Collector,0285,1077,431,1508,2680,56.27%,133,1331,1464
County Tax Assessor-Collector,0286,1708,545,2253,3757,59.97%,235,1971,2206
County Tax Assessor-Collector,0287,851,408,1259,1658,75.93%,619,590,1209
County Tax Assessor-Collector,0288,881,314,1195,2208,54.12%,39,1134,1173
County Tax Assessor-Collector,0289,481,352,833,1584,52.59%,322,465,787
County Tax Assessor-Collector,0290,705,332,1037,1623,63.89%,770,242,1012
County Tax Assessor-Collector,0291,503,233,836,1218,68.64%,372,431,803
County Tax Assessor-Collector,0292,549,178,727,1379,52.72%,98,604,702
County Tax Assessor-Collector,0293,778,475,1253,1811,69.19%,555,635,1190
County Tax Assessor-Collector,0294,852,198,1050,2054,51.12%,21,1013,1034
County Tax Assessor-Collector,0295,270,111,381,894,42.62%,15,361,376
County Tax Assessor-Collector,0296,701,385,1086,1705,63.70%,574,456,1030
County Tax Assessor-Collector,0297,729,341,1070,2055,52.07%,385,642,1027
County Tax Assessor-Collector,0298,1095,387,1482,2236,66.28%,755,671,1426
County Tax Assessor-Collector,0299,499,236,735,1506,48.80%,243,456,699
County Tax Assessor-Collector,0300,3385,728,4113,5480,75.05%,3112,875,3987
County Tax Assessor-Collector,0301,737,392,1129,2337,48.31%,408,670,1078
County Tax Assessor-Collector,0302,1197,591,1788,3277,54.56%,929,803,1732
County Tax Assessor-Collector,0303,1896,692,2588,3375,76.68%,1977,523,2500
County Tax Assessor-Collector,0304,1190,474,1664,2326,71.54%,937,650,1587
County Tax Assessor-Collector,0305,2154,545,2799,4838,57.85%,956,1752,2708
County Tax Assessor-Collector,0306,1095,299,1395,1896,73.58%,985,369,1354
Office,Precinct,Early Ballots Cast,Election Ballots Cast,Total Ballots Cast,Registered Voters,Percent Turnout,REP Mike Sullivan,DEM Ann Harris Bennett,Totals
County Tax Assessor-Collector,0307,1456,801,2257,3270,69.02%,1506,655,2161
County Tax Assessor-Collector,0308,526,225,751,1457,51.54%,201,502,703
County Tax Assessor-Collector,0309,2160,591,2751,3495,78.71%,2132,537,2669
County Tax Assessor-Collector,0310,709,326,1035,1464,70.70%,643,350,993
County Tax Assessor-Collector,0311,930,643,1573,3222,48.82%,727,757,1484
County Tax Assessor-Collector,0312,1705,552,2257,3724,60.61%,1187,977,2164
County Tax Assessor-Collector,0313,23,8,31,61,50.82%,17,8,25
County Tax Assessor-Collector,0314,2997,817,3814,5606,68.03%,2224,1496,3720
County Tax Assessor-Collector,0315,801,353,1154,1636,70.54%,686,433,1119
County Tax Assessor-Collector,0316,739,340,1079,1513,71.32%,613,430,1043
County Tax Assessor-Collector,0317,593,252,845,1661,50.87%,236,571,807
County Tax Assessor-Collector,0318,1726,529,2255,3776,59.72%,185,2013,2198
County Tax Assessor-Collector,0319,994,271,1265,2199,57.53%,97,1138,1235
County Tax Assessor-Collector,0320,554,238,792,1570,50.45%,302,454,756
County Tax Assessor-Collector,0321,867,363,1230,2483,49.54%,376,774,1150
County Tax Assessor-Collector,0322,426,124,550,1210,45.45%,173,363,536
County Tax Assessor-Collector,0323,700,296,996,1793,55.55%,394,564,958
County Tax Assessor-Collector,0324,1444,560,2004,2607,76.87%,1275,665,1940
County Tax Assessor-Collector,0325,802,257,1059,2176,48.67%,225,791,1016
County Tax Assessor-Collector,0326,271,129,400,736,54.35%,157,223,380
County Tax Assessor-Collector,0327,738,141,879,1758,50.00%,33,826,859
County Tax Assessor-Collector,0328,425,286,711,1631,43.59%,232,445,677
County Tax Assessor-Collector,0329,589,260,849,1621,52.38%,287,527,814
County Tax Assessor-Collector,0330,863,326,1189,2146,55.41%,563,582,1145
County Tax Assessor-Collector,0331,884,234,1118,1612,69.35%,702,372,1074
County Tax Assessor-Collector,0332,1355,503,1858,2926,63.50%,246,1545,1791
County Tax Assessor-Collector,0333,1385,942,2327,3296,70.60%,1647,587,2234
County Tax Assessor-Collector,0334,246,104,350,786,44.53%,66,272,338
County Tax Assessor-Collector,0335,489,293,782,1679,46.58%,217,520,737
County Tax Assessor-Collector,0336,2489,689,3178,4771,66.61%,377,2726,3103
County Tax Assessor-Collector,0337,367,155,522,1108,47.11%,87,409,496
County Tax Assessor-Collector,0338,1626,632,2258,5001,45.15%,621,1546,2167
County Tax Assessor-Collector,0339,704,303,1007,1909,52.75%,225,734,959
County Tax Assessor-Collector,0340,2040,654,2694,4012,67.15%,1940,679,2619
Office,Precinct,Early Ballots Cast,Election Ballots Cast,Total Ballots Cast,Registered Voters,Percent Turnout,REP Mike Sullivan,DEM Ann Harris Bennett,Totals
County Tax Assessor-Collector,0341,380,278,658,1372,47.96%,172,452,624
County Tax Assessor-Collector,0342,311,225,536,1092,49.08%,129,381,510
County Tax Assessor-Collector,0343,722,370,1092,2099,52.02%,249,793,1042
County Tax Assessor-Collector,0344,381,207,588,1225,48.00%,43,522,565
County Tax Assessor-Collector,0345,575,349,924,1945,47.51%,202,670,872
County Tax Assessor-Collector,0346,1,0,1,1,100.00%,0,0,0
County Tax Assessor-Collector,0347,1461,618,2079,3614,57.53%,1230,789,2019
County Tax Assessor-Collector,0348,830,242,1072,1796,59.69%,741,303,1044
County Tax Assessor-Collector,0349,458,369,827,1372,60.28%,497,307,804
County Tax Assessor-Collector,0350,1674,582,2256,3269,69.01%,861,1259,2120
County Tax Assessor-Collector,0351,2855,570,3425,4799,71.37%,2603,730,3333
County Tax Assessor-Collector,0352,2023,538,2561,4278,59.86%,1797,679,2476
County Tax Assessor-Collector,0353,1715,659,2374,4156,57.12%,465,1844,2309
County Tax Assessor-Collector,0354,1569,429,1998,3520,56.76%,534,1397,1931
County Tax Assessor-Collector,0355,821,239,1060,1714,61.84%,134,900,1034
County Tax Assessor-Collector,0356,1542,582,2124,3126,67.95%,1201,835,2036
County Tax Assessor-Collector,0357,1882,557,2439,3685,66.19%,1782,576,2358
County Tax Assessor-Collector,0358,775,376,1151,2634,43.70%,150,962,1112
County Tax Assessor-Collector,0359,803,496,1299,3320,39.13%,151,1111,1262
County Tax Assessor-Collector,0360,1858,597,2455,3309,74.19%,1198,1138,2336
County Tax Assessor-Collector,0361,323,688,1011,1808,55.92%,163,751,914
County Tax Assessor-Collector,0362,2865,553,3418,5161,66.23%,2398,919,3317
County Tax Assessor-Collector,0363,1826,635,2461,4160,59.16%,1021,1389,2410
County Tax Assessor-Collector,0364,1190,528,1718,2827,60.77%,813,837,1650
County Tax Assessor-Collector,0365,827,174,1001,1348,74.26%,139,840,979
County Tax Assessor-Collector,0366,988,524,1512,2887,52.37%,341,1114,1455
County Tax Assessor-Collector,0367,453,204,657,1256,52.31%,165,463,628
County Tax Assessor-Collector,0368,433,122,555,1024,54.20%,155,384,539
County Tax Assessor-Collector,0369,132,29,161,678,23.75%,60,93,153
County Tax Assessor-Collector,0370,2525,627,3152,4531,69.57%,2295,779,3074
County Tax Assessor-Collector,0371,210,78,288,537,53.63%,16,267,283
County Tax Assessor-Collector,0372,509,180,689,1274,54.08%,95,573,668
County Tax Assessor-Collector,0373,61,13,74,163,45.40%,3,67,70
County Tax Assessor-Collector,0374,176,165,341,720,47.36%,88,243,331
Office,Precinct,Early Ballots Cast,Election Ballots Cast,Total Ballots Cast,Registered Voters,Percent Turnout,REP Mike Sullivan,DEM Ann Harris Bennett,Totals
County Tax Assessor-Collector,0375,745,510,1255,2836,44.25%,476,725,1201
County Tax Assessor-Collector,0376,753,344,1097,2060,53.25%,431,620,1051
County Tax Assessor-Collector,0377,1381,643,2024,3137,64.52%,1537,424,1961
County Tax Assessor-Collector,0378,621,447,1068,1856,57.54%,658,386,1044
County Tax Assessor-Collector,0379,857,388,1245,2149,57.93%,135,1076,1211
County Tax Assessor-Collector,0380,2732,551,3283,4380,74.95%,1782,1417,3199
County Tax Assessor-Collector,0381,1185,432,1517,3141,51.48%,669,891,1560
County Tax Assessor-Collector,0382,429,206,635,1035,61.35%,398,217,615
County Tax Assessor-Collector,0383,722,458,1180,2373,49.73%,384,748,1132
County Tax Assessor-Collector,0384,1152,444,1596,2725,58.57%,388,1154,1542
County Tax Assessor-Collector,0385,1141,561,1702,2207,77.12%,1289,356,1645
County Tax Assessor-Collector,0386,1658,419,2077,3105,66.89%,1492,542,2034
County Tax Assessor-Collector,0387,1702,780,2482,4340,57.19%,1687,724,2411
County Tax Assessor-Collector,0388,2899,711,3510,5413,66.69%,1728,1770,3498
County Tax Assessor-Collector,0389,397,293,690,1359,50.77%,108,545,653
County Tax Assessor-Collector,0390,698,271,969,1482,65.38%,151,791,942
County Tax Assessor-Collector,0391,986,336,1322,1978,66.84%,792,489,1281
County Tax Assessor-Collector,0392,652,145,797,1426,55.89%,30,745,775
County Tax Assessor-Collector,0393,427,257,684,1274,53.69%,337,322,659
County Tax Assessor-Collector,0394,236,126,362,914,39.61%,130,215,345
County Tax Assessor-Collector,0395,1007,371,1378,1875,73.49%,938,404,1342
County Tax Assessor-Collector,0396,1035,204,1239,2072,59.80%,51,1157,1208
County Tax Assessor-Collector,0397,204,117,321,796,40.33%,120,185,305
County Tax Assessor-Collector,0398,1761,654,2415,4200,57.50%,1102,1233,2335
County Tax Assessor-Collector,0399,1291,546,1837,3340,55.00%,712,1078,1790
County Tax Assessor-Collector,0400,1457,372,1839,2661,69.11%,1185,604,1789
County Tax Assessor-Collector,0401,703,257,960,1971,48.71%,66,856,922
County Tax Assessor-Collector,0402,897,262,1159,1911,60.65%,87,1044,1131
County Tax Assessor-Collector,0403,959,387,1346,1719,78.30%,729,560,1289
County Tax Assessor-Collector,0404,1033,445,1478,2717,54.40%,731,706,1437
County Tax Assessor-Collector,0405,1910,457,2367,3067,77.18%,1791,538,2329
County Tax Assessor-Collector,0406,275,65,340,649,52.39%,10,319,329
County Tax Assessor-Collector,0407,1703,860,2563,3969,64.58%,1560,905,2465
County Tax Assessor-Collector,0408,520,313,833,1740,47.87%,293,495,788
Office,Precinct,Early Ballots Cast,Election Ballots Cast,Total Ballots Cast,Registered Voters,Percent Turnout,REP Mike Sullivan,DEM Ann Harris Bennett,Totals
County Tax Assessor-Collector,0409,501,280,781,1608,48.57%,251,493,744
County Tax Assessor-Collector,0410,381,96,477,934,51.07%,95,368,463
County Tax Assessor-Collector,0411,699,418,1117,2426,46.04%,322,748,1070
County Tax Assessor-Collector,0412,156,80,236,478,49.37%,15,215,230
County Tax Assessor-Collector,0413,1546,456,2002,3081,64.98%,801,1135,1936
County Tax Assessor-Collector,0414,1573,514,2087,3586,58.20%,1530,502,2032
County Tax Assessor-Collector,0415,1076,573,1649,2284,72.20%,1138,457,1595
County Tax Assessor-Collector,0416,1443,845,2288,4009,57.07%,1155,1047,2202
County Tax Assessor-Collector,0417,1104,397,1501,2589,57.98%,664,785,1449
County Tax Assessor-Collector,0418,1336,663,1999,3940,50.74%,684,1208,1892
County Tax Assessor-Collector,0419,1166,477,1643,2702,60.81%,969,626,1595
County Tax Assessor-Collector,0420,2687,731,3418,4946,69.11%,2793,547,3340
County Tax Assessor-Collector,0421,1240,273,1513,2023,74.79%,737,733,1470
County Tax Assessor-Collector,0422,1357,401,1768,3348,52.81%,95,1639,1734
County Tax Assessor-Collector,0423,316,288,604,1423,42.45%,139,446,585
County Tax Assessor-Collector,0424,548,158,706,1079,65.43%,383,299,682
County Tax Assessor-Collector,0425,257,139,396,878,45.10%,120,258,378
County Tax Assessor-Collector,0426,485,228,713,1266,56.32%,375,311,686
County Tax Assessor-Collector,0427,437,155,592,1120,52.86%,209,353,562
County Tax Assessor-Collector,0428,1588,865,2553,5151,49.56%,662,1765,2427
County Tax Assessor-Collector,0429,947,649,1596,3311,48.20%,362,1165,1527
County Tax Assessor-Collector,0430,524,291,815,1794,45.43%,143,622,765
County Tax Assessor-Collector,0431,1218,604,1822,3860,47.20%,394,1348,1742
County Tax Assessor-Collector,0432,456,249,705,1568,44.96%,228,437,665
County Tax Assessor-Collector,0433,163,88,251,561,44.74%,61,179,240
County Tax Assessor-Collector,0434,831,293,1124,1557,72.19%,652,410,1062
County Tax Assessor-Collector,0435,1951,567,2518,3363,74.87%,1589,831,2420
County Tax Assessor-Collector,0436,2008,678,2686,3809,70.52%,1518,1051,2569
County Tax Assessor-Collector,0437,1148,425,1573,2094,75.12%,1039,483,1522
County Tax Assessor-Collector,0438,2288,475,2763,3789,72.92%,1903,761,2664
County Tax Assessor-Collector,0439,1854,749,2603,3701,70.33%,1749,752,2501
County Tax Assessor-Collector,0440,1498,749,2247,2973,75.58%,1724,447,2171
County Tax Assessor-Collector,0441,824,408,1232,1695,72.68%,872,319,1191
County Tax Assessor-Collector,0442,2441,685,3126,4315,72.44%,2537,504,3041
Office,Precinct,Early Ballots Cast,Election Ballots Cast,Total Ballots Cast,Registered Voters,Percent Turnout,REP Mike Sullivan,DEM Ann Harris Bennett,Totals
County Tax Assessor-Collector,0443,415,83,498,642,77.57%,362,122,484
County Tax Assessor-Collector,0444,1620,679,2299,3625,63.42%,1289,912,2201
County Tax Assessor-Collector,0445,1036,382,1418,2134,66.45%,870,515,1385
County Tax Assessor-Collector,0446,89,45,134,309,43.37%,58,71,129
County Tax Assessor-Collector,0447,2411,464,2875,3727,77.14%,1903,877,2780
County Tax Assessor-Collector,0448,1763,529,2292,3155,72.65%,1312,870,2182
County Tax Assessor-Collector,0449,73,26,99,225,44.00%,12,85,97
County Tax Assessor-Collector,0450,1104,394,1498,2890,51.83%,402,1050,1452
County Tax Assessor-Collector,0451,1719,367,2086,2771,75.28%,1671,361,2032
County Tax Assessor-Collector,0452,1871,662,2533,3789,66.85%,1710,749,2459
County Tax Assessor-Collector,0453,661,417,1078,2039,52.87%,318,713,1031
County Tax Assessor-Collector,0454,1043,288,1331,2509,53.05%,29,1267,1296
County Tax Assessor-Collector,0455,669,173,842,1713,49.15%,45,773,818
County Tax Assessor-Collector,0456,1,1404,553,1957,3793,51.60%,1054,832,1886
County Tax Assessor-Collector,0457,0,0,0,0,0.00%,0,0,0
County Tax Assessor-Collector,0458,914,253,1167,2025,57.63%,99,1029,1128
County Tax Assessor-Collector,0459,2362,432,2794,3942,70.88%,2137,589,2726
County Tax Assessor-Collector,0460,1613,472,2085,3280,63.57%,569,1456,2025
County Tax Assessor-Collector,0461,2242,669,2911,4054,71.81%,1812,975,2787
County Tax Assessor-Collector,0462,1474,738,2212,3507,63.07%,786,1369,2155
County Tax Assessor-Collector,0463,1673,564,2237,3773,59.29%,898,1286,2184
County Tax Assessor-Collector,0464,967,582,1549,2343,66.11%,994,496,1490
County Tax Assessor-Collector,0465,1628,594,2222,3778,58.81%,1034,1111,2145
County Tax Assessor-Collector,0466,2274,509,2783,4327,64.32%,1460,1250,2710
County Tax Assessor-Collector,0467,501,225,726,1320,55.00%,171,530,701
County Tax Assessor-Collector,0468,1379,747,2126,4040,52.62%,549,1490,2039
County Tax Assessor-Collector,0469,1867,462,2329,3257,71.51%,1806,469,2275
County Tax Assessor-Collector,0470,555,232,787,1358,57.95%,585,176,761
County Tax Assessor-Collector,0471,1057,458,1515,2473,61.26%,1146,326,1472
County Tax Assessor-Collector,0472,463,339,802,1131,70.91%,356,404,760
County Tax Assessor-Collector,0473,944,390,1334,1787,74.65%,936,362,1298
County Tax Assessor-Collector,0474,1417,624,2041,3127,65.27%,1341,638,1979
County Tax Assessor-Collector,0475,791,261,1052,1936,54.34%,432,581,1013
County Tax Assessor-Collector,0476,1077,405,1482,2458,60.29%,797,641,1438
Office,Precinct,Early Ballots Cast,Election Ballots Cast,Total Ballots Cast,Registered Voters,Percent Turnout,REP Mike Sullivan,DEM Ann Harris Bennett,Totals
County Tax Assessor-Collector,0477,2027,640,2667,4010,66.51%,1863,713,2576
County Tax Assessor-Collector,0478,2271,683,2954,4696,62.90%,1866,988,2854
County Tax Assessor-Collector,0479,1978,755,2733,3851,70.97%,2025,654,2679
County Tax Assessor-Collector,0480,1445,538,1983,2978,66.59%,1345,597,1942
County Tax Assessor-Collector,0481,1756,667,2423,3609,67.14%,1757,587,2344
County Tax Assessor-Collector,0482,2259,618,2877,4405,65.31%,1963,823,2786
County Tax Assessor-Collector,0483,2305,538,2843,4495,63.25%,1465,1268,2733
County Tax Assessor-Collector,0484,2020,700,2720,3981,68.32%,1737,907,2644
County Tax Assessor-Collector,0485,2118,567,2685,4051,66.28%,1930,680,2610
County Tax Assessor-Collector,0486,2310,721,3031,4195,72.25%,2319,628,2947
County Tax Assessor-Collector,0487,1405,527,1932,4142,46.64%,504,1290,1794
County Tax Assessor-Collector,0488,842,511,1353,2382,56.80%,398,902,1300
County Tax Assessor-Collector,0489,865,344,1209,1958,61.75%,355,811,1166
County Tax Assessor-Collector,0490,980,346,1326,2105,62.99%,434,840,1274
County Tax Assessor-Collector,0491,937,488,1425,2110,67.54%,770,596,1366
County Tax Assessor-Collector,0492,1217,396,1613,2552,63.21%,826,739,1565
County Tax Assessor-Collector,0493,1404,555,1959,3338,58.69%,747,1128,1875
County Tax Assessor-Collector,0494,1079,419,1498,2787,53.75%,214,1232,1446
County Tax Assessor-Collector,0495,1414,376,1790,2488,71.95%,1229,498,1727
County Tax Assessor-Collector,0496,687,549,1236,2325,53.16%,448,739,1187
County Tax Assessor-Collector,0497,91,e,281,1197,2148,55.73%,73,1090,1163
County Tax Assessor-Collector,0498,1069,423,1492,2527,59.04%,550,885,1435
County Tax Assessor-Collector,0499,1433,397,1830,2336,78.34%,1314,466,1780
County Tax Assessor-Collector,0500,1869,651,2520,3698,68.14%,1595,848,2443
County Tax Assessor-Collector,0501,1146,406,1552,2016,76.98%,691,788,1479
County Tax Assessor-Collector,0502,1,355,293,1559,2595,63.93%,1287,322,1609
County Tax Assessor-Collector,0503,1397,306,1703,2236,76.16%,1276,378,1654
County Tax Assessor-Collector,0504,1270,482,1752,2318,75.58%,1141,559,1700
County Tax Assessor-Collector,0505,1750,735,2485,4076,60.97%,1156,1216,2372
County Tax Assessor-Collector,0506,1513,696,2209,3544,62.33%,376,1767,2143
County Tax Assessor-Collector,0507,599,319,918,2562,35.83%,208,621,829
County Tax Assessor-Collector,0508,1519,828,2347,4767,49.23%,691,1505,2196
County Tax Assessor-Collector,0509,2504,569,3173,5153,61.58%,2010,1070,3080
County Tax Assessor-Collector,0510,1701,666,2367,3822,61.93%,1034,1270,2304
Office,Precinct,Early Ballots Cast,Election Ballots Cast,Total Ballots Cast,Registered Voters,Percent Turnout,REP Mike Sullivan,DEM Ann Harris Bennett,Totals
County Tax Assessor-Collector,0511,2933,574,3507,4620,75.91%,2126,1293,3419
County Tax Assessor-Collector,0512,1668,871,2539,4559,55.69%,1004,1443,2447
County Tax Assessor-Collector,0513,1754,413,2187,3003,72.16%,1570,537,2107
County Tax Assessor-Collector,0514,2288,613,2899,4378,66.22%,2005,812,2817
County Tax Assessor-Collector,0515,1836,468,2304,3182,72.41%,1847,407,2254
County Tax Assessor-Collector,0516,1316,363,1679,2799,59.99%,824,805,1629
County Tax Assessor-Collector,0517,1610,509,2119,3744,56.60%,946,1098,2044
County Tax Assessor-Collector,0518,1886,676,2562,4049,63.27%,1519,961,2480
County Tax Assessor-Collector,0519,1421,518,1939,3098,62.59%,1321,557,1878
County Tax Assessor-Collector,0520,1785,670,2456,5202,47.21%,432,1980,2412
County Tax Assessor-Collector,0521,1350,578,1928,3070,62.80%,948,932,1880
County Tax Assessor-Collector,0522,1508,464,1972,2815,70.05%,1447,487,1934
County Tax Assessor-Collector,0523,1978,537,2515,4027,62.45%,1568,854,2422
County Tax Assessor-Collector,0524,1392,637,2029,3598,56.39%,578,1380,1958
County Tax Assessor-Collector,0525,1440,574,2014,3260,61.78%,475,1460,1935
County Tax Assessor-Collector,0526,235,157,392,820,47.80%,95,278,373
County Tax Assessor-Collector,0527,156,38,194,580,33.45%,76,107,183
County Tax Assessor-Collector,0528,17,8,25,78,32.05%,2,22,24
County Tax Assessor-Collector,0529,2107,434,2541,3842,66.14%,2094,360,2454
County Tax Assessor-Collector,0530,375,212,587,1236,47.49%,130,413,543
County Tax Assessor-Collector,0531,1234,166,1400,2250,62.22%,1032,310,1342
County Tax Assessor-Collector,0532,478,140,618,1058,58.41%,416,191,607
County Tax Assessor-Collector,0533,352,169,521,1164,44.76%,268,225,493
County Tax Assessor-Collector,0534,1895,577,2472,3918,63.09%,1724,661,2385
County Tax Assessor-Collector,0535,132,62,194,413,46.97%,66,117,183
County Tax Assessor-Collector,0536,2104,1053,3157,5637,56.00%,1128,1892,3020
County Tax Assessor-Collector,0537,1958,464,2422,3174,76.31%,1734,621,2355
County Tax Assessor-Collector,0538,371,203,574,1332,43.09%,22,540,562
County Tax Assessor-Collector,0539,811,234,1045,1535,68.08%,579,433,1012
County Tax Assessor-Collector,0540,997,349,1346,1759,76.52%,494,785,1279
County Tax Assessor-Collector,0541,2157,761,2918,5001,58.35%,529,2274,2803
County Tax Assessor-Collector,0542,1156,406,1562,2654,58.85%,128,1389,1517
County Tax Assessor-Collector,0543,553,321,874,1658,52.71%,236,605,841
County Tax Assessor-Collector,0544,84,54,138,313,44.09%,19,115,134
Office,Precinct,Early Ballots Cast,Election Ballots Cast,Total Ballots Cast,Registered Voters,Percent Turnout,REP Mike Sullivan,DEM Ann Harris Bennett,Totals
County Tax Assessor-Collector,0545,2015,468,2483,3949,62.88%,1137,1255,2392
County Tax Assessor-Collector,0546,1524,278,1802,2471,72.93%,1530,249,1779
County Tax Assessor-Collector,0547,1413,270,1683,2534,66.42%,1115,509,1624
County Tax Assessor-Collector,0548,882,395,1277,2339,54.60%,594,656,1250
County Tax Assessor-Collector,0549,1105,447,1552,2786,55.71%,232,1285,1517
County Tax Assessor-Collector,0550,1171,553,1724,3245,53.13%,748,937,1685
County Tax Assessor-Collector,0551,2586,793,3379,4428,76.31%,2556,720,3276
County Tax Assessor-Collector,0552,2090,784,2874,3762,76.40%,2319,482,2801
County Tax Assessor-Collector,0553,962,317,1279,2193,58.32%,487,757,1244
County Tax Assessor-Collector,0554,597,271,868,1774,48.93%,185,661,846
County Tax Assessor-Collector,0555,639,390,1029,2286,45.01%,179,812,991
County Tax Assessor-Collector,0556,759,435,1194,2491,47.93%,260,896,1156
County Tax Assessor-Collector,0557,925,460,1385,2955,46.87%,403,886,1289
County Tax Assessor-Collector,0558,1812,721,2533,4718,53.69%,782,1673,2455
County Tax Assessor-Collector,0559,1901,701,2602,4984,52.21%,626,1884,2510
County Tax Assessor-Collector,0560,290,247,537,1141,47.06%,116,390,506
County Tax Assessor-Collector,0561,1023,624,1647,3138,52.49%,965,613,1578
County Tax Assessor-Collector,0562,222,116,338,691,48.91%,54,255,309
County Tax Assessor-Collector,0563,2069,337,2406,3468,69.38%,1858,486,2344
County Tax Assessor-Collector,0564,1551,526,2077,3240,64.10%,625,1363,1988
County Tax Assessor-Collector,0565,336,148,484,1414,34.23%,79,384,463
County Tax Assessor-Collector,0566,1183,441,1624,3029,53.62%,435,1131,1566
County Tax Assessor-Collector,0567,965,390,1355,2851,47.53%,363,915,1278
County Tax Assessor-Collector,0568,1833,697,2530,3638,69.54%,1654,774,2428
County Tax Assessor-Collector,0569,2027,747,2774,4125,67.25%,1365,1276,2641
County Tax Assessor-Collector,0570,766,278,1044,1598,65.33%,405,587,992
County Tax Assessor-Collector,0571,521,314,835,1950,42.82%,270,531,801
County Tax Assessor-Collector,0572,1522,444,1966,3308,59.43%,887,1016,1903
County Tax Assessor-Collector,0573,489,215,704,1625,43.32%,25,671,696
County Tax Assessor-Collector,0574,112,74,186,391,47.57%,23,152,175
County Tax Assessor-Collector,0575,1905,535,2440,3557,68.60%,1380,977,2357
County Tax Assessor-Collector,0576,1107,375,1482,2830,52.37%,110,1334,1444
County Tax Assessor-Collector,0577,885,205,1090,1586,68.73%,661,396,1057
County Tax Assessor-Collector,0578,1026,405,1431,1862,76.85%,907,466,1373
Office,Precinct,Early Ballots Cast,Election Ballots Cast,Total Ballots Cast,Registered Voters,Percent Turnout,REP Mike Sullivan,DEM Ann Harris Bennett,Totals
County Tax Assessor-Collector,0579,287,181,468,1139,41.09%,89,362,451
County Tax Assessor-Collector,0580,366,108,474,985,48.12%,27,443,470
County Tax Assessor-Collector,0581,456,137,593,1033,57.41%,32,545,577
County Tax Assessor-Collector,0582,543,232,775,1607,48.23%,59,687,746
County Tax Assessor-Collector,0583,433,155,588,1286,45.72%,32,545,577
County Tax Assessor-Collector,0584,367,120,487,1062,45.86%,44,426,470
County Tax Assessor-Collector,0585,829,280,1109,2346,47.27%,74,998,1072
County Tax Assessor-Collector,0586,1790,790,2580,4521,57.07%,1472,1024,2496
County Tax Assessor-Collector,0587,1204,431,1635,2870,56.97%,563,1026,1589
County Tax Assessor-Collector,0588,1940,606,2546,3780,67.35%,1685,802,2487
County Tax Assessor-Collector,0589,1539,545,2084,3780,55.13%,1016,1005,2021
County Tax Assessor-Collector,0590,1230,400,1630,2176,74.91%,1275,310,1585
County Tax Assessor-Collector,0591,651,462,1113,2274,48.94%,313,751,1064
County Tax Assessor-Collector,0592,449,272,721,1446,49.86%,157,535,692
County Tax Assessor-Collector,0593,1581,755,2316,4179,55.42%,950,1273,2223
County Tax Assessor-Collector,0594,1243,316,1559,2578,60.47%,445,1076,1521
County Tax Assessor-Collector,0595,600,299,899,1833,49.05%,153,719,872
County Tax Assessor-Collector,0596,1377,501,1878,3574,52.55%,863,930,1793
County Tax Assessor-Collector,0597,1204,609,1813,3587,50.54%,637,1097,1734
County Tax Assessor-Collector,0598,2389,731,3120,5253,59.39%,1068,1934,3002
County Tax Assessor-Collector,0599,1378,493,1871,3005,62.26%,672,1151,1823
County Tax Assessor-Collector,0600,1602,776,2378,4204,56.57%,812,1466,2278
County Tax Assessor-Collector,0601,2220,670,2890,4151,69.62%,2108,714,2822
County Tax Assessor-Collector,0602,754,234,988,1441,68.56%,670,290,960
County Tax Assessor-Collector,0603,2335,725,3060,4666,65.58%,1746,1216,2962
County Tax Assessor-Collector,0604,1816,375,2191,3189,68.70%,1839,292,2131
County Tax Assessor-Collector,0605,1711,599,2310,4217,54.78%,592,1623,2215
County Tax Assessor-Collector,0606,319,111,430,970,44.33%,12,408,420
County Tax Assessor-Collector,0607,163,51,214,712,30.06%,28,179,207
County Tax Assessor-Collector,0608,156,77,233,570,40.88%,81,142,223
County Tax Assessor-Collector,0609,2037,729,2766,4305,64.25%,1599,1067,2666
County Tax Assessor-Collector,0610,665,343,1008,2086,48.32%,433,526,959
County Tax Assessor-Collector,0611,980,229,1209,2527,47.84%,68,1120,1188
County Tax Assessor-Collector,0612,1927,431,2358,3388,69.60%,1790,503,2293
Office,Precinct,Early Ballots Cast,Election Ballots Cast,Total Ballots Cast,Registered Voters,Percent Turnout,REP Mike Sullivan,DEM Ann Harris Bennett,Totals
County Tax Assessor-Collector,0613,937,339,1276,2368,53.89%,242,990,1232
County Tax Assessor-Collector,0614,1949,645,2594,4566,56.81%,793,1718,2511
County Tax Assessor-Collector,0615,1075,301,1376,2086,65.96%,725,605,1330
County Tax Assessor-Collector,0616,1809,611,2420,3516,68.83%,1604,728,2332
County Tax Assessor-Collector,0617,1704,650,2354,4179,56.33%,798,1478,2276
County Tax Assessor-Collector,0618,1698,545,2243,3801,59.01%,925,1255,2180
County Tax Assessor-Collector,0619,2792,663,3455,4916,70.28%,2533,857,3390
County Tax Assessor-Collector,0620,1747,333,2080,3318,62.69%,1088,911,1999
County Tax Assessor-Collector,0621,536,200,736,1272,57.86%,316,388,704
County Tax Assessor-Collector,0622,2129,591,2720,4562,59.62%,1466,1163,2629
County Tax Assessor-Collector,0623,1960,461,2421,3919,61.78%,1537,816,2353
County Tax Assessor-Collector,0624,297,59,356,456,78.07%,274,74,348
County Tax Assessor-Collector,0625,924,372,1296,1864,69.53%,710,540,1250
County Tax Assessor-Collector,0626,2280,784,3064,4816,63.62%,1628,1337,2965
County Tax Assessor-Collector,0627,935,649,1584,3235,48.96%,438,1080,1518
County Tax Assessor-Collector,0628,716,545,1261,2420,52.11%,439,756,1195
County Tax Assessor-Collector,0629,162,96,258,750,34.40%,32,218,250
County Tax Assessor-Collector,0630,2662,541,3203,4738,67.60%,403,2732,3135
County Tax Assessor-Collector,0631,1841,398,2239,3263,68.62%,1486,678,2164
County Tax Assessor-Collector,0632,4,1,5,241,2.07%,0,5,5
County Tax Assessor-Collector,0633,2286,601,2887,3912,73.80%,1999,815,2814
County Tax Assessor-Collector,0634,1435,499,1934,3259,59.34%,1120,763,1883
County Tax Assessor-Collector,0635,1645,520,2165,3512,61.65%,1597,496,2093
County Tax Assessor-Collector,0636,2303,922,3225,4569,70.58%,2814,346,3160
County Tax Assessor-Collector,0637,1095,423,1518,2591,58.59%,363,1064,1427
County Tax Assessor-Collector,0638,850,348,1198,2310,51.86%,120,1053,1173
County Tax Assessor-Collector,0639,1386,284,1670,2560,65.23%,1281,333,1614
County Tax Assessor-Collector,0640,1619,615,2234,3927,56.89%,1284,889,2173
County Tax Assessor-Collector,0641,1637,683,2320,3840,60.42%,1372,869,2241
County Tax Assessor-Collector,0642,1030,270,1300,1783,72.91%,1020,254,1274
County Tax Assessor-Collector,0643,1948,593,2541,4189,60.66%,1213,1257,2470
County Tax Assessor-Collector,0644,2087,689,2776,4446,62.44%,1609,1076,2685
County Tax Assessor-Collector,0645,2145,769,2914,4517,64.51%,1241,1567,2808
County Tax Assessor-Collector,0646,925,399,1324,2422,54.67%,354,912,1266
Office,Precinct,Early Ballots Cast,Election Ballots Cast,Total Ballots Cast,Registered Voters,Percent Turnout,REP Mike Sullivan,DEM Ann Harris Bennett,Totals
County Tax Assessor-Collector,0647,1372,526,1898,4349,43.64%,418,1367,1785
County Tax Assessor-Collector,0648,1859,500,2359,3487,67.65%,1646,661,2307
County Tax Assessor-Collector,0649,1549,775,2324,4755,48.87%,626,1619,2245
County Tax Assessor-Collector,0650,2033,819,2852,4039,70.61%,1919,850,2769
County Tax Assessor-Collector,0651,1734,551,2285,3873,59.00%,1219,986,2205
County Tax Assessor-Collector,0652,1165,545,1710,2979,57.40%,288,1383,1671
County Tax Assessor-Collector,0653,185,110,295,604,48.84%,69,217,286
County Tax Assessor-Collector,0654,2381,698,3079,5063,60.81%,1656,1334,2990
County Tax Assessor-Collector,0655,1959,761,2720,4495,60.51%,1499,1117,2616
County Tax Assessor-Collector,0656,1106,401,1507,2737,55.06%,90,1375,1465
County Tax Assessor-Collector,0657,683,276,959,1487,64.49%,340,585,925
County Tax Assessor-Collector,0658,1299,494,1793,2901,61.81%,1098,650,1748
County Tax Assessor-Collector,0659,2806,733,3539,5161,68.57%,2441,999,3440
County Tax Assessor-Collector,0660,1575,345,1920,3087,62.20%,240,1633,1873
County Tax Assessor-Collector,0661,1945,774,2720,4363,62.34%,1381,1245,2626
County Tax Assessor-Collector,0662,2267,571,2838,4002,70.91%,2312,470,2782
County Tax Assessor-Collector,0663,1338,448,1786,2340,76.32%,962,744,1706
County Tax Assessor-Collector,0664,909,513,1422,2992,47.53%,306,1059,1365
County Tax Assessor-Collector,0665,1327,360,1687,2354,71.67%,1360,285,1645
County Tax Assessor-Collector,0666,0,0,0,0,0.00%,0,0,0
County Tax Assessor-Collector,0667,1109,400,1509,2175,69.38%,1118,346,1464
County Tax Assessor-Collector,0668,1552,719,2271,3669,61.90%,1364,837,2201
County Tax Assessor-Collector,0669,1889,702,2591,3585,72.27%,1763,755,2518
County Tax Assessor-Collector,0670,1996,416,2412,3335,72.32%,1911,444,2355
County Tax Assessor-Collector,0671,1398,588,1986,3198,62.10%,1085,830,1915
County Tax Assessor-Collector,0672,1724,489,2213,3433,64.46%,1536,631,2167
County Tax Assessor-Collector,0673,1525,467,2092,3051,68.57%,1680,365,2045
County Tax Assessor-Collector,0674,2354,610,2964,4228,70.10%,2153,732,2885
County Tax Assessor-Collector,0675,0,0,0,0,0.00%,0,0,0
County Tax Assessor-Collector,0676,1087,465,1552,2976,52.15%,588,897,1485
County Tax Assessor-Collector,0677,423,259,682,1300,52.46%,194,447,641
County Tax Assessor-Collector,0678,1164,294,1458,2660,54.81%,178,1237,1415
County Tax Assessor-Collector,0679,1718,529,2247,3542,63.44%,1576,595,2171
County Tax Assessor-Collector,0680,98,17,115,179,64.25%,51,63,114
Office,Precinct,Early Ballots Cast,Election Ballots Cast,Total Ballots Cast,Registered Voters,Percent Turnout,REP Mike Sullivan,DEM Ann Harris Bennett,Totals
County Tax Assessor-Collector,0681,6,0,6,4,150.00%,4,2,6
County Tax Assessor-Collector,0682,2112,690,2802,4313,64.97%,2017,709,2726
County Tax Assessor-Collector,0683,82,5,87,302,28.81%,22,61,83
County Tax Assessor-Collector,0684,1680,640,2320,3559,65.19%,1432,807,2239
County Tax Assessor-Collector,0685,139,28,167,285,58.60%,86,68,154
County Tax Assessor-Collector,0686,53,5,58,221,26.24%,16,40,56
County Tax Assessor-Collector,0687,1510,400,1910,2713,70.40%,1260,585,1845
County Tax Assessor-Collector,0688,2333,594,2927,3922,74.63%,2311,556,2867
County Tax Assessor-Collector,0689,725,604,1330,2449,54.31%,577,684,1261
County Tax Assessor-Collector,0690,1967,553,2520,3614,69.73%,1926,513,2439
County Tax Assessor-Collector,0691,2131,551,2682,3690,72.68%,2053,568,2621
County Tax Assessor-Collector,0692,1278,678,1956,3118,62.73%,1370,519,1889
County Tax Assessor-Collector,0693,309,110,419,681,61.53%,116,286,402
County Tax Assessor-Collector,0694,1005,319,1324,2478,53.43%,551,732,1283
County Tax Assessor-Collector,0695,628,315,943,1842,51.19%,561,341,902
County Tax Assessor-Collector,0696,723,312,1035,2027,51.06%,621,395,1016
County Tax Assessor-Collector,0697,1299,552,1851,3238,57.16%,470,1320,1790
County Tax Assessor-Collector,0698,1275,520,1795,3339,53.76%,247,1495,1742
County Tax Assessor-Collector,0699,1276,398,1674,2387,70.13%,1078,527,1605
County Tax Assessor-Collector,0700,726,247,973,1536,63.35%,823,128,951
County Tax Assessor-Collector,0701,208,73,281,614,45.77%,123,139,262
County Tax Assessor-Collector,0702,183,69,252,550,45.82%,38,204,242
County Tax Assessor-Collector,0703,899,528,1427,1943,73.44%,1007,374,1381
County Tax Assessor-Collector,0704,1698,512,2210,3121,70.81%,1801,365,2166
County Tax Assessor-Collector,0705,331,206,537,1513,35.49%,56,470,526
County Tax Assessor-Collector,0706,1248,372,1620,2821,57.43%,603,943,1546
County Tax Assessor-Collector,0707,377,69,446,757,58.92%,268,159,427
County Tax Assessor-Collector,0708,162,98,260,592,43.92%,89,163,252
County Tax Assessor-Collector,0709,2257,528,2785,4136,67.34%,1495,1214,2709
County Tax Assessor-Collector,0710,1132,450,1582,2096,75.48%,885,617,1502
County Tax Assessor-Collector,0711,1978,599,2577,3820,67.46%,1351,1143,2494
County Tax Assessor-Collector,0712,1720,627,2347,4002,58.65%,852,1438,2290
County Tax Assessor-Collector,0713,770,365,1135,2006,56.58%,553,549,1102
County Tax Assessor-Collector,0714,102,28,130,306,42.48%,60,65,125
Office,Precinct,Early Ballots Cast,Election Ballots Cast,Total Ballots Cast,Registered Voters,Percent Turnout,REP Mike Sullivan,DEM Ann Harris Bennett,Totals
County Tax Assessor-Collector,0715,553,239,792,1549,51.13%,392,377,769
County Tax Assessor-Collector,0716,1215,419,1635,2720,60.11%,1161,426,1587
County Tax Assessor-Collector,0717,974,232,1206,2082,57.93%,187,980,1167
County Tax Assessor-Collector,0718,2243,872,3115,4412,70.60%,2045,954,2999
County Tax Assessor-Collector,0719,624,223,847,1644,51.52%,434,382,816
County Tax Assessor-Collector,0720,2498,709,3207,4709,68.10%,2169,936,3105
County Tax Assessor-Collector,0721,1455,803,2059,2926,70.71%,1350,647,1997
County Tax Assessor-Collector,0722,1929,609,2538,4638,54.72%,213,2250,2463
County Tax Assessor-Collector,0723,897,261,1158,1959,59.11%,243,874,1117
County Tax Assessor-Collector,0724,395,146,541,800,67.63%,366,162,528
County Tax Assessor-Collector,0725,976,294,1270,2336,54.37%,532,690,1222
County Tax Assessor-Collector,0726,1271,321,1592,2207,72.13%,1377,181,1558
County Tax Assessor-Collector,0727,981,415,1396,2708,51.55%,394,972,1366
County Tax Assessor-Collector,0728,399,198,597,942,63.38%,359,212,571
County Tax Assessor-Collector,0729,235,49,284,471,60.30%,163,113,276
County Tax Assessor-Collector,0730,1360,406,1766,2435,72.53%,1138,559,1697
County Tax Assessor-Collector,0731,2087,624,2711,4834,56.08%,1154,1472,2626
County Tax Assessor-Collector,0732,791,449,1240,1943,63.82%,730,463,1193
County Tax Assessor-Collector,0733,55,25,80,303,26.40%,28,50,78
County Tax Assessor-Collector,0734,2307,556,2863,4294,66.67%,1874,906,2780
County Tax Assessor-Collector,0735,157,61,218,251,86.85%,122,92,214
County Tax Assessor-Collector,0736,14,3,17,42,40.48%,0,13,13
County Tax Assessor-Collector,0737,21,6,27,56,48.21%,20,7,27
County Tax Assessor-Collector,0738,435,214,649,1497,43.35%,118,514,632
County Tax Assessor-Collector,0739,978,440,1418,2971,47.73%,641,726,1367
County Tax Assessor-Collector,0740,280,169,449,1005,44.68%,231,196,427
County Tax Assessor-Collector,0741,923,262,1185,1895,62.53%,303,830,1133
County Tax Assessor-Collector,0742,1532,498,2030,2859,71.00%,1281,686,1967
County Tax Assessor-Collector,0743,54,60,114,234,48.72%,39,68,107
County Tax Assessor-Collector,0744,1009,444,1453,2103,69.09%,860,542,1402
County Tax Assessor-Collector,0745,1213,446,1659,2543,65.24%,1030,583,1613
County Tax Assessor-Collector,0746,244,121,365,732,49.86%,175,168,343
County Tax Assessor-Collector,0747,1746,693,2439,4096,59.55%,1080,1278,2358
County Tax Assessor-Collector,0748,563,245,808,1556,51.93%,395,388,783
Office,Precinct,Early Ballots Cast,Election Ballots Cast,Total Ballots Cast,Registered Voters,Percent Turnout,REP Mike Sullivan,DEM Ann Harris Bennett,Totals
County Tax Assessor-Collector,0749,115,1,116,432,26.85%,19,94,113
County Tax Assessor-Collector,0750,294,122,416,809,51.42%,229,164,393
County Tax Assessor-Collector,0751,2931,1013,3944,5893,66.93%,2423,1401,3824
County Tax Assessor-Collector,0752,659,227,886,1484,59.70%,602,253,855
County Tax Assessor-Collector,0753,258,53,311,512,60.74%,132,170,302
County Tax Assessor-Collector,0754,386,262,648,1590,40.75%,39,592,631
County Tax Assessor-Collector,0755,1782,955,2737,5015,54.58%,1003,1626,2629
County Tax Assessor-Collector,0756,687,309,996,1723,57.81%,339,622,961
County Tax Assessor-Collector,0757,1867,601,2468,4792,51.50%,450,1947,2397
County Tax Assessor-Collector,0758,2104,595,2699,3803,70.97%,2068,551,2619
County Tax Assessor-Collector,0759,1389,375,1764,2779,63.48%,1052,655,1707
County Tax Assessor-Collector,0760,1219,268,1487,2162,68.78%,1220,240,1460
County Tax Assessor-Collector,0761,1088,167,1255,1598,78.54%,895,317,1212
County Tax Assessor-Collector,0762,924,303,1227,1828,67.12%,578,606,1184
County Tax Assessor-Collector,0763,370,264,634,1249,50.76%,209,397,606
County Tax Assessor-Collector,0764,2472,677,3149,4827,65.24%,1941,1105,3046
County Tax Assessor-Collector,0765,2051,874,2925,5742,50.94%,812,2021,2833
County Tax Assessor-Collector,0766,126,59,185,428,43.22%,36,131,167
County Tax Assessor-Collector,0767,31,15,46,92,50.00%,23,21,44
County Tax Assessor-Collector,0768,1479,387,1866,2643,70.60%,1457,359,1816
County Tax Assessor-Collector,0769,85,14,99,184,53.80%,8,89,97
County Tax Assessor-Collector,0770,103,42,145,388,37.37%,47,92,139
County Tax Assessor-Collector,0771,572,210,782,1588,49.24%,351,405,756
County Tax Assessor-Collector,0772,2805,477,3282,4606,71.25%,2454,737,3191
County Tax Assessor-Collector,0773,1693,638,2331,4414,52.81%,605,1594,2199
County Tax Assessor-Collector,0774,150,66,216,426,50.70%,53,158,211
County Tax Assessor-Collector,0775,50,1,51,102,50.00%,1,49,50
County Tax Assessor-Collector,0776,1432,538,1970,3276,60.13%,1118,786,1904
County Tax Assessor-Collector,0777,201,105,306,767,39.90%,81,216,297
County Tax Assessor-Collector,0778,0,3,3,0,0.00%,0,3,3
County Tax Assessor-Collector,0779,263,160,423,1019,41.51%,116,275,391
County Tax Assessor-Collector,0780,170,130,300,666,45.05%,107,173,280
County Tax Assessor-Collector,0781,1235,612,1847,3782,48.84%,600,1123,1723
County Tax Assessor-Collector,0782,1048,368,1416,2355,60.13%,870,497,1367
Office,Precinct,Early Ballots Cast,Election Ballots Cast,Total Ballots Cast,Registered Voters,Percent Turnout,REP Mike Sullivan,DEM Ann Harris Bennett,Totals
County Tax Assessor-Collector,0783,197,90,287,520,55.19%,29,249,278
County Tax Assessor-Collector,0784,408,119,527,1062,49.62%,20,492,512
County Tax Assessor-Collector,0785,1229,357,1586,1896,83.65%,831,701,1532
County Tax Assessor-Collector,0786,396,177,573,1258,45.55%,187,362,549
County Tax Assessor-Collector,0787,180,83,263,542,48.52%,91,160,251
County Tax Assessor-Collector,0788,2,0,2,13,15.38%,2,0,2
County Tax Assessor-Collector,0789,1377,420,1797,2998,59.94%,1052,690,1742
County Tax Assessor-Collector,0790,1143,329,1472,2523,58.34%,520,906,1426
County Tax Assessor-Collector,0791,9,3,12,29,41.38%,2,10,12
County Tax Assessor-Collector,0792,648,415,1063,1954,54.40%,275,748,1023
County Tax Assessor-Collector,0793,984,416,1400,2620,53.44%,738,611,1349
County Tax Assessor-Collector,0794,626,411,1037,3208,32.33%,128,878,1006
County Tax Assessor-Collector,0795,396,2,398,1281,31.07%,124,248,372
County Tax Assessor-Collector,0796,1371,455,1835,3041,60.37%,769,1018,1787
County Tax Assessor-Collector,0797,0,0,0,0,0.00%,0,0,0
County Tax Assessor-Collector,0798,222,142,364,521,69.87%,143,211,354
County Tax Assessor-Collector,0799,58,26,84,171,49.12%,20,64,84
County Tax Assessor-Collector,0800,1934,730,2664,4216,63.19%,1659,925,2584
County Tax Assessor-Collector,0801,90,44,134,261,51.34%,53,77,130
County Tax Assessor-Collector,0802,54,21,75,224,33.48%,21,50,71
County Tax Assessor-Collector,0803,2655,547,3212,4514,71.16%,2231,896,3127
County Tax Assessor-Collector,0804,2703,682,3385,5303,63.83%,1820,1488,3308
County Tax Assessor-Collector,0805,1597,454,2051,2874,71.36%,1607,388,1995
County Tax Assessor-Collector,0806,1001,324,1325,1889,70.14%,833,462,1295
County Tax Assessor-Collector,0807,792,349,1141,2163,52.75%,219,888,1107
County Tax Assessor-Collector,0808,142,57,199,232,85.78%,79,110,189
County Tax Assessor-Collector,0809,19,7,26,98,26.53%,13,12,25
County Tax Assessor-Collector,0810,47,31,78,197,39.59%,15,56,71
County Tax Assessor-Collector,0811,82,68,150,277,54.15%,40,106,146
County Tax Assessor-Collector,0812,0,0,0,0,0.00%,0,0,0
County Tax Assessor-Collector,0813,1742,434,2176,3488,62.39%,998,1124,2122
County Tax Assessor-Collector,0814,1968,827,2795,5483,50.98%,608,2099,2707
County Tax Assessor-Collector,0815,0,0,0,0,0.00%,0,0,0
County Tax Assessor-Collector,0816,23,10,33,64,51.56%,5,25,30
Office,Precinct,Early Ballots Cast,Election Ballots Cast,Total Ballots Cast,Registered Voters,Percent Turnout,REP Mike Sullivan,DEM Ann Harris Bennett,Totals
County Tax Assessor-Collector,0817,2787,550,3337,4700,71.00%,2360,895,3255
County Tax Assessor-Collector,0818,208,104,312,737,42.33%,73,230,303
County Tax Assessor-Collector,0819,108,31,139,228,60.96%,77,54,131
County Tax Assessor-Collector,0820,0,0,0,0,0.00%,0,0,0
County Tax Assessor-Collector,0821,362,188,550,1295,42.47%,83,444,527
County Tax Assessor-Collector,0822,571,185,756,1574,48.03%,40,687,727
County Tax Assessor-Collector,0823,1339,410,1749,3017,57.97%,941,746,1687
County Tax Assessor-Collector,0824,1057,410,1467,2762,53.11%,348,1075,1423
County Tax Assessor-Collector,0825,9,7,15,21,76.19%,4,11,15
County Tax Assessor-Collector,0826,177,70,247,355,69.58%,134,100,234
County Tax Assessor-Collector,0827,218,234,452,1042,43.38%,155,288,443
County Tax Assessor-Collector,0828,1174,281,1455,1965,74.05%,1121,294,1415
County Tax Assessor-Collector,0829,101,19,120,235,51.06%,35,81,116
County Tax Assessor-Collector,0830,2,2,4,2,200.00%,4,0,4
County Tax Assessor-Collector,0831,8,5,13,36,36.11%,6,6,12
County Tax Assessor-Collector,0832,124,50,174,364,47.80%,49,117,166
County Tax Assessor-Collector,0833,3,2,5,20,25.00%,1,4,5
County Tax Assessor-Collector,0834,142,61,203,388,52.32%,22,178,200
County Tax Assessor-Collector,0835,87,71,158,311,50.80%,45,106,151
County Tax Assessor-Collector,0836,128,0,128,248,51.61%,12,106,118
County Tax Assessor-Collector,0837,0,0,0,0,0.00%,0,0,0
County Tax Assessor-Collector,0838,0,0,0,0,0.00%,0,0,0
County Tax Assessor-Collector,0839,419,174,593,1190,49.83%,145,425,570
County Tax Assessor-Collector,0840,829,228,1057,1780,59.38%,370,651,1021
County Tax Assessor-Collector,0841,1473,475,1948,3431,56.78%,490,1407,1897
County Tax Assessor-Collector,0842,1338,513,1851,3390,54.60%,766,1010,1776
County Tax Assessor-Collector,0843,595,298,893,1387,64.38%,175,687,862
County Tax Assessor-Collector,0844,4,0,4,10,40.00%,0,4,4
County Tax Assessor-Collector,0845,151,13,164,218,75.23%,104,55,159
County Tax Assessor-Collector,0846,51,22,83,229,36.24%,4,76,80
County Tax Assessor-Collector,0847,993,330,1323,2310,57.27%,372,908,1280
County Tax Assessor-Collector,0848,1011,201,1212,1875,64.64%,409,762,1171
County Tax Assessor-Collector,0849,731,455,1186,2272,52.20%,342,772,1114
County Tax Assessor-Collector,0850,129,19,148,208,71.15%,63,81,144
Office,Precinct,Early Ballots Cast,Election Ballots Cast,Total Ballots Cast,Registered Voters,Percent Turnout,REP Mike Sullivan,DEM Ann Harris Bennett,Totals
County Tax Assessor-Collector,0851,1885,441,2326,3597,64.66%,1580,687,2267
County Tax Assessor-Collector,0852,0,0,0,1,0.00%,0,0,0
County Tax Assessor-Collector,0853,1637,487,2124,2986,71.13%,1594,487,2081
County Tax Assessor-Collector,0854,40,19,59,175,33.71%,8,49,57
County Tax Assessor-Collector,0855,7,2,9,21,42.86%,4,4,8
County Tax Assessor-Collector,0856,0,3,3,0,0.00%,1,0,1
County Tax Assessor-Collector,0857,0,0,0,1,0.00%,0,0,0
County Tax Assessor-Collector,0858,121,35,156,334,46.71%,4,144,148
County Tax Assessor-Collector,0859,391,143,534,945,56.51%,123,392,515
County Tax Assessor-Collector,0860,1,1,2,0,0.00%,0,2,2
County Tax Assessor-Collector,0861,777,272,1049,1941,54.04%,191,828,1019
County Tax Assessor-Collector,0862,1989,508,2497,3739,66.78%,1470,956,2426
County Tax Assessor-Collector,0863,192,64,256,581,44.06%,18,234,252
County Tax Assessor-Collector,0864,693,574,1267,2708,46.79%,302,904,1206
County Tax Assessor-Collector,0865,9,2,11,21,52.38%,0,11,11
County Tax Assessor-Collector,0866,0,0,0,0,0.00%,0,0,0
County Tax Assessor-Collector,0867,0,0,0,0,0.00%,0,0,0
County Tax Assessor-Collector,0868,736,495,1231,2446,50.33%,336,841,1177
County Tax Assessor-Collector,0869,165,55,220,480,45.83%,30,187,217
County Tax Assessor-Collector,0870,0,2,2,0,0.00%,1,1,2
County Tax Assessor-Collector,0871,2,1,3,3,100.00%,0,3,3
County Tax Assessor-Collector,0872,16,6,22,68,32.35%,12,10,22
County Tax Assessor-Collector,0873,296,111,407,778,52.31%,106,290,396
County Tax Assessor-Collector,0874,1681,670,2351,3294,71.37%,1726,567,2293
County Tax Assessor-Collector,0875,1947,501,2448,3592,68.15%,1179,1197,2376
County Tax Assessor-Collector,0876,1945,577,2522,3485,72.37%,1764,693,2457
County Tax Assessor-Collector,0877,1803,528,2331,3651,63.85%,930,1342,2272
County Tax Assessor-Collector,0878,685,110,795,1039,76.52%,640,133,773
County Tax Assessor-Collector,0879,1215,413,1628,2843,57.26%,703,868,1571
County Tax Assessor-Collector,0880,1354,471,1825,2467,73.98%,1386,405,1791
County Tax Assessor-Collector,0881,2465,927,3392,5638,60.16%,947,2357,3304
County Tax Assessor-Collector,0882,1952,595,2547,4317,59.00%,813,1646,2459
County Tax Assessor-Collector,0883,2252,928,3180,5613,56.65%,624,2452,3076
County Tax Assessor-Collector,0884,149,55,204,396,51.52%,29,170,199
Office,Precinct,Early Ballots Cast,Election Ballots Cast,Total Ballots Cast,Registered Voters,Percent Turnout,REP Mike Sullivan,DEM Ann Harris Bennett,Totals
County Tax Assessor-Collector,0885,1570,323,1893,2811,67.34%,1087,761,1848
County Tax Assessor-Collector,0886,495,152,647,906,71.41,%,363,253,616
County Tax Assessor-Collector,0887,234,95,329,492,66.87%,177,124,301
County Tax Assessor-Collector,0888,817,289,1106,1867,59.24%,371,703,1074
County Tax Assessor-Collector,0889,113,28,141,238,59.24%,46,90,136
County Tax Assessor-Collector,0890,445,98,543,1214,44.73%,230,283,513
County Tax Assessor-Collector,0891,753,194,947,1376,68.82%,362,551,913
County Tax Assessor-Collector,0892,420,123,543,900,60.33%,205,308,513
County Tax Assessor-Collector,0893,1,4,5,9,55.56%,2,3,5
County Tax Assessor-Collector,0894,801,305,1106,2087,52.99%,178,893,1071
County Tax Assessor-Collector,0895,417,252,669,834,80.22%,292,343,635
County Tax Assessor-Collector,0896,838,254,1092,1467,74.44%,382,668,1050
County Tax Assessor-Collector,0897,812,365,1177,1766,66.65%,639,495,1134
County Tax Assessor-Collector,0898,792,301,1093,1821,60.02%,451,611,1062
County Tax Assessor-Collector,0899,745,165,911,1264,72.07%,585,312,897
County Tax Assessor-Collector,0900,7,0,7,12,58.33%,1,6,7
County Tax Assessor-Collector,0901,0,0,0,0,0.00%,0,0,0
County Tax Assessor-Collector,0902,1310,361,1671,2217,75.37%,917,683,1600
County Tax Assessor-Collector,0903,1314,354,1668,2558,65.21%,1231,400,1631
County Tax Assessor-Collector,0904,2,0,2,8,25.00%,1,1,2
County Tax Assessor-Collector,0905,390,136,526,946,55.60%,217,296,513
County Tax Assessor-Collector,0906,19,3,22,28,78.57%,11,11,22
County Tax Assessor-Collector,0907,53,37,90,201,44.78%,9,80,89
County Tax Assessor-Collector,0908,0,0,0,0,0.00%,0,0,0
County Tax Assessor-Collector,0909,7,1,8,21,38.10%,3,5,8
County Tax Assessor-Collector,0910,78,37,115,236,48.73%,43,65,108
County Tax Assessor-Collector,0911,237,63,300,576,52.08%,196,99,295
County Tax Assessor-Collector,0912,712,167,879,1341,65.55%,530,322,852
County Tax Assessor-Collector,0913,102,12,114,241,47.30%,20,90,110
County Tax Assessor-Collector,0914,42,0,42,124,33.87%,8,33,41
County Tax Assessor-Collector,0915,0,0,0,0,0.00%,0,0,0
County Tax Assessor-Collector,0916,1472,308,1780,2205,80.73%,1355,370,1725
County Tax Assessor-Collector,0917,33,9,42,147,28.57%,5,34,39
County Tax Assessor-Collector,0918,3,1,4,7,57.14%,1,3,4
Office,Precinct,Early Ballots Cast,Election Ballots Cast,Total Ballots Cast,Registered Voters,Percent Turnout,REP Mike Sullivan,DEM Ann Harris Bennett,Totals
County Tax Assessor-Collector,0919,1,0,1,1,100.00%,0,1,1
County Tax Assessor-Collector,0920,41,13,54,79,68.35%,33,19,52
County Tax Assessor-Collector,0921,27,6,33,61,54.10%,6,26,32
County Tax Assessor-Collector,0922,0,0,0,0,0.00%,0,0,0
County Tax Assessor-Collector,0923,2331,350,2681,3536,75.82%,2024,616,2640
County Tax Assessor-Collector,0924,0,0,0,0,0.00%,0,0,0
County Tax Assessor-Collector,0925,0,0,0,0,0.00%,0,0,0
County Tax Assessor-Collector,0926,550,149,699,967,72.29%,484,196,680
County Tax Assessor-Collector,0927,966,173,1139,1771,64.31%,602,494,1096
County Tax Assessor-Collector,0928,4,1,5,7,71.43%,0,5,5
County Tax Assessor-Collector,0929,0,0,0,0,0.00%,0,0,0
County Tax Assessor-Collector,0930,217,83,300,606,49.50%,27,263,290
County Tax Assessor-Collector,0931,87,28,115,141,81.56%,60,47,107
County Tax Assessor-Collector,0932,0,1,1,0,0.00%,0,1,1
County Tax Assessor-Collector,0933,297,93,390,668,58.38%,128,249,377
County Tax Assessor-Collector,0934,9,4,13,37,35.14%,7,6,13
County Tax Assessor-Collector,0935,12,9,21,55,38.18%,11,9,20
County Tax Assessor-Collector,0936,23,9,32,76,42.11%,11,19,30
County Tax Assessor-Collector,0937,0,0,0,0,0.00%,0,0,0
County Tax Assessor-Collector,0938,72,19,91,255,35.69%,26,64,90
County Tax Assessor-Collector,0939,1,1,2,4,50.00%,1,1,2
County Tax Assessor-Collector,0940,9,3,12,28,42.86%,1,11,12
County Tax Assessor-Collector,0941,284,144,428,870,49.20%,216,190,406
County Tax Assessor-Collector,0942,102,16,118,152,77.63%,85,32,117
County Tax Assessor-Collector,0943,192,28,220,774,28.42%,52,156,208
County Tax Assessor-Collector,0944,1,0,1,1,100.00%,0,1,1
County Tax Assessor-Collector,0945,8,6,14,21,66.67%,4,9,13
County Tax Assessor-Collector,0946,4,2,6,14,42.86%,2,4,6
County Tax Assessor-Collector,0947,428,198,626,820,76.34%,321,276,597
County Tax Assessor-Collector,0948,0,0,0,1,0.00%,0,0,0
County Tax Assessor-Collector,0949,84,61,145,210,69.05%,71,68,139
County Tax Assessor-Collector,0950,0,0,0,0,0.00%,0,0,0
County Tax Assessor-Collector,0951,114,62,176,304,57.89%,43,125,168
County Tax Assessor-Collector,0952,32,15,47,65,72.31%,29,17,46
Office,Precinct,Early Ballots Cast,Election Ballots Cast,Total Ballots Cast,Registered Voters,Percent Turnout,REP Mike Sullivan,DEM Ann Harris Bennett,Totals
County Tax Assessor-Collector,0953,4,0,4,8,50.00%,0,4,4
County Tax Assessor-Collector,0954,0,0,0,0,0.00%,0,0,0
County Tax Assessor-Collector,0955,3528,572,4100,5108,80.27%,2935,1033,3968
County Tax Assessor-Collector,0956,0,0,0,0,0.00%,0,0,0
County Tax Assessor-Collector,0957,282,39,321,585,54.87%,46,265,311
County Tax Assessor-Collector,0958,430,231,661,1202,54.99%,142,495,637
County Tax Assessor-Collector,0959,0,0,0,0,0.00%,0,0,0
County Tax Assessor-Collector,0960,829,235,1064,1471,72.33%,251,787,1038
County Tax Assessor-Collector,0961,820,318,1138,2369,48.04%,201,895,1096
County Tax Assessor-Collector,0962,33,12,45,88,51.14%,11,32,43
County Tax Assessor-Collector,0963,225,91,316,528,59.85%,134,167,301
County Tax Assessor-Collector,0964,2145,325,2470,3179,77.70%,1458,949,2407
County Tax Assessor-Collector,0965,101,35,136,345,39.42%,92,42,134
County Tax Assessor-Collector,0966,368,189,557,1332,41.82%,139,385,524
County Tax Assessor-Collector,0967,82,24,106,186,56.99%,41,60,101
County Tax Assessor-Collector,0968,455,127,582,906,64.24%,132,436,568
County Tax Assessor-Collector,0969,299,71,370,624,59.29%,14,348,362
County Tax Assessor-Collector,0970,223,102,325,810,40.12%,34,272,306
County Tax Assessor-Collector,0971,0,0,0,0,0.00%,0,0,0
County Tax Assessor-Collector,0972,0,0,0,0,0.00%,0,0,0
County Tax Assessor-Collector,0973,504,138,642,999,64.26%,428,198,626
County Tax Assessor-Collector,0974,0,1,1,0,0.00%,1,0,1
County Tax Assessor-Collector,0975,104,26,130,190,68.42%,57,65,122
County Tax Assessor-Collector,0976,190,152,342,712,48.03%,173,151,324
County Tax Assessor-Collector,0977,160,108,268,617,43.44%,96,165,261
County Tax Assessor-Collector,0978,0,0,0,0,0.00%,0,0,0
County Tax Assessor-Collector,0979,0,0,0,0,0.00%,0,0,0
County Tax Assessor-Collector,0980,686,333,1019,1412,72.17%,725,265,990
County Tax Assessor-Collector,0981,12,2,14,31,45.16%,2,12,14
County Tax Assessor-Collector,0982,1898,501,2399,2916,82.27%,1841,502,2343
County Tax Assessor-Collector,0983,65,17,82,198,41.41,%,44,36,80
County Tax Assessor-Collector,0984,76,57,133,341,39.00%,11,120,131
County Tax Assessor-Collector,0985,222,56,278,355,78.31%,135,135,270
County Tax Assessor-Collector,0986,153,78,231,537,43.02%,29,194,223
Office,Precinct,Early Ballots Cast,Election Ballots Cast,Total Ballots Cast,Registered Voters,Percent Turnout,REP Mike Sullivan,DEM Ann Harris Bennett,Totals
County Tax Assessor-Collector,0987,476,130,606,1183,51.23%,47,538,585
County Tax Assessor-Collector,0988,62,15,77,117,65.81%,65,10,75
County Tax Assessor-Collector,0989,0,0,0,0,0.00%,0,0,0
County Tax Assessor-Collector,0990,5,6,11,66,16.67%,4,7,11
County Tax Assessor-Collector,0991,0,1,1,2,50.00%,0,1,1
County Tax Assessor-Collector,0992,456,106,562,1075,52.28%,266,271,537
County Tax Assessor-Collector,0993,0,0,0,0,0.00%,0,0,0
County Tax Assessor-Collector,0994,56,12,68,75,90.67%,21,45,66
County Tax Assessor-Collector,0995,753,193,946,1576,60.03%,119,801,920
County Tax Assessor-Collector,0996,403,70,473,708,66.81%,268,190,458
County Tax Assessor-Collector,0997,521,283,804,1909,42.12%,163,625,788
County Tax Assessor-Collector,0998,24,12,36,68,52.94%,24,10,34
County Tax Assessor-Collector,0999,0,0,0,0,0.00%,0,0,0
County Tax Assessor-Collector,1000,122,22,144,428,33.64%,23,117,140
County Tax Assessor-Collector,1001,519,280,799,1654,48.31%,169,595,764
County Tax Assessor-Collector,1002,480,270,750,1804,41.57%,118,598,716
County Tax Assessor-Collector,1003,0,0,0,0,0.00%,0,0,0
County Tax Assessor-Collector,1004,349,114,463,691,67.00%,240,210,450
County Tax Assessor-Collector,1005,0,0,0,0,0.00%,0,0,0
County Tax Assessor-Collector,1006,0,0,0,0,0.00%,0,0,0
County Tax Assessor-Collector,1007,694,306,1000,1775,56.34%,252,719,971
County Tax Assessor-Collector,1008,620,107,727,1011,71.91%,576,135,711
County Tax Assessor-Collector,1009,0,0,0,0,0.00%,0,0,0
County Tax Assessor-Collector,1010,292,96,388,647,59.97%,78,299,377
County Tax Assessor-Collector,1011,9,6,15,31,48.39%,11,4,15
County Tax Assessor-Collector,1012,543,362,905,1633,55.42%,250,617,867
County Tax Assessor-Collector,Totals:,981446,353327,1334773,2182980,640140,648243,1288383
