Office,Precinct,Early Ballots Cast,Election Ballots Cast,Total Ballots Cast,Registered Voters,Percent Turnout,REP Mary McFaden,DEM Maria T. (Terri) Jackson,Totals
"District Judge, 339th Judicial District",0001,1416,496,1912,2682,71.29%,670,1095,1765
"District Judge, 339th Judicial District",0002,1000,370,1370,2099,65.27%,551,722,1273
"District Judge, 339th Judicial District",0003,875,336,1211,1625,74.52%,447,658,1105
"District Judge, 339th Judicial District",0004,954,369,1323,1709,77.41%,465,749,1214
"District Judge, 339th Judicial District",0005,759,380,1139,1470,77.48%,411,642,1053
"District Judge, 339th Judicial District",0006,1840,628,2468,4084,60.43%,1176,1166,2342
"District Judge, 339th Judicial District",0007,430,125,555,1002,55.39%,15,524,539
"District Judge, 339th Judicial District",0008,889,351,1240,1848,67.10%,575,599,1174
"District Judge, 339th Judicial District",0009,658,312,970,1861,52.12%,217,677,894
"District Judge, 339th Judicial District",0010,701,232,933,1830,50.98%,163,679,842
"District Judge, 339th Judicial District",0011,617,258,875,1748,50.06%,164,640,804
"District Judge, 339th Judicial District",0012,230,65,295,731,40.36%,144,133,277
"District Judge, 339th Judicial District",0013,1230,382,1612,2751,58.60%,1031,482,1513
"District Judge, 339th Judicial District",0014,989,429,1418,1924,73.70%,686,633,1319
"District Judge, 339th Judicial District",0015,1489,849,2338,2852,81.98%,1292,873,2165
"District Judge, 339th Judicial District",0016,676,189,865,1284,67.37%,385,429,814
"District Judge, 339th Judicial District",0017,451,293,744,1198,62.10%,285,402,687
"District Judge, 339th Judicial District",0018,743,367,1110,1456,76.24%,493,546,1039
"District Judge, 339th Judicial District",0019,647,293,940,1288,72.98%,310,568,878
"District Judge, 339th Judicial District",0020,1007,335,1342,2780,48.27%,418,828,1246
"District Judge, 339th Judicial District",0021,539,207,746,1229,60.70%,161,544,705
"District Judge, 339th Judicial District",0022,935,419,1354,2501,54.14%,219,1076,1295
"District Judge, 339th Judicial District",0023,132,74,206,551,37.39%,32,164,196
"District Judge, 339th Judicial District",0024,292,36,328,712,46.07%,60,254,314
"District Judge, 339th Judicial District",0025,239,292,531,1105,48.05%,24,490,514
"District Judge, 339th Judicial District",0026,834,313,1147,1969,58.25%,222,836,1058
"District Judge, 339th Judicial District",0027,1391,508,1899,3271,58.06%,379,1378,1757
"District Judge, 339th Judicial District",0028,1513,446,1959,3307,59.24%,1084,794,1878
"District Judge, 339th Judicial District",0029,648,490,1138,2722,41.81%,326,740,1066
"District Judge, 339th Judicial District",0030,1285,546,1831,2818,64.98%,520,1177,1697
"District Judge, 339th Judicial District",0031,784,453,1237,2656,46.57%,41,1145,1186
"District Judge, 339th Judicial District",0032,1245,504,1749,2728,64.11%,720,888,1608
"District Judge, 339th Judicial District",0033,2072,554,2626,3907,67.21%,920,1475,2395
"District Judge, 339th Judicial District",0034,1511,517,2128,3044,69.91%,469,1545,2014
Office,Precinct,Early Ballots Cast,Election Ballots Cast,Total Ballots Cast,Registered Voters,Percent Turnout,REP Mary McFaden,DEM Maria T. (Terri) Jackson,Totals
"District Judge, 339th Judicial District",0035,5,0,5,14,35.71%,3,2,5
"District Judge, 339th Judicial District",0036,1032,516,1548,3100,49.94%,324,1141,1465
"District Judge, 339th Judicial District",0037,1521,409,1930,2467,78.23%,656,1121,1777
"District Judge, 339th Judicial District",0038,1876,436,2312,3081,75.04%,753,1399,2152
"District Judge, 339th Judicial District",0039,1703,492,2195,3070,71.50%,567,1459,2026
"District Judge, 339th Judicial District",0040,275,107,382,527,72.49%,172,182,354
"District Judge, 339th Judicial District",0041,712,264,976,1518,64.30%,393,536,929
"District Judge, 339th Judicial District",0042,438,109,547,1062,51.51%,14,522,536
"District Judge, 339th Judicial District",0043,815,300,1115,1972,56.54%,447,602,1049
"District Judge, 339th Judicial District",0044,726,310,1036,2126,48.73%,203,730,933
"District Judge, 339th Judicial District",0045,2263,1021,3284,5740,57.21%,603,2516,3119
"District Judge, 339th Judicial District",0046,875,341,1216,2568,47.35%,184,957,1141
"District Judge, 339th Judicial District",0047,505,268,773,1618,47.78%,40,710,750
"District Judge, 339th Judicial District",0048,348,168,516,967,53.36%,49,439,488
"District Judge, 339th Judicial District",0049,1545,731,2277,3709,61.39%,1472,706,2178
"District Judge, 339th Judicial District",0050,1836,680,2516,4314,58.32%,1184,1235,2419
"District Judge, 339th Judicial District",0051,828,271,1099,1734,63.38%,801,256,1057
"District Judge, 339th Judicial District",0052,1400,456,1856,2581,71.91%,837,883,1720
"District Judge, 339th Judicial District",0053,1675,613,2288,3083,74.21%,914,1175,2089
"District Judge, 339th Judicial District",0054,1052,211,1263,1619,78.01%,593,562,1155
"District Judge, 339th Judicial District",0055,1252,410,1672,2094,79.85%,681,851,1532
"District Judge, 339th Judicial District",0056,698,283,981,1393,70.42%,546,373,919
"District Judge, 339th Judicial District",0057,2043,567,2610,3325,78.50%,1024,1377,2401
"District Judge, 339th Judicial District",0058,1716,484,2200,3031,72.58%,961,1079,2040
"District Judge, 339th Judicial District",0059,1589,439,2028,2671,75.93%,819,1075,1894
"District Judge, 339th Judicial District",0060,1473,537,2010,2766,72.67%,522,1347,1869
"District Judge, 339th Judicial District",0061,519,423,942,1847,51.00%,241,634,875
"District Judge, 339th Judicial District",0062,689,452,1141,2195,51.98%,200,852,1052
"District Judge, 339th Judicial District",0063,767,391,1158,1903,60.85%,905,200,1105
"District Judge, 339th Judicial District",0064,678,368,1046,2220,47.12%,177,794,971
"District Judge, 339th Judicial District",0065,638,435,1073,2178,49.27%,171,843,1014
"District Judge, 339th Judicial District",0066,247,255,502,1135,44.23%,85,382,467
"District Judge, 339th Judicial District",0067,942,521,1463,3019,48.46%,265,1085,1350
"District Judge, 339th Judicial District",0068,1171,430,1601,3096,51.71%,39,1501,1540
Office,Precinct,Early Ballots Cast,Election Ballots Cast,Total Ballots Cast,Registered Voters,Percent Turnout,REP Mary McFaden,DEM Maria T. (Terri) Jackson,Totals
"District Judge, 339th Judicial District",0069,375,222,597,1309,45.61%,90,450,540
"District Judge, 339th Judicial District",0070,2288,670,2958,3815,77.54%,1606,1157,2763
"District Judge, 339th Judicial District",0071,2703,947,3650,5016,72.77%,1751,1653,3404
"District Judge, 339th Judicial District",0072,736,418,1154,2029,56.88%,270,801,1071
"District Judge, 339th Judicial District",0073,813,282,1095,1621,67.55%,542,476,1018
"District Judge, 339th Judicial District",0074,2503,268,2771,3578,77.45%,2032,608,2640
"District Judge, 339th Judicial District",0075,1000,286,1286,1684,76.37%,563,621,1184
"District Judge, 339th Judicial District",0076,1015,427,1442,2441,59.07%,680,680,1360
"District Judge, 339th Judicial District",0077,2,5,7,17,41.18%,1,6,7
"District Judge, 339th Judicial District",0078,618,254,872,1608,54.23%,204,593,797
"District Judge, 339th Judicial District",0079,831,602,1433,2963,48.36%,233,1084,1317
"District Judge, 339th Judicial District",0080,1174,466,1640,2840,57.75%,347,1199,1546
"District Judge, 339th Judicial District",0081,776,273,1049,1964,53.41%,293,695,988
"District Judge, 339th Judicial District",0082,1585,756,2341,3539,66.15%,1650,590,2240
"District Judge, 339th Judicial District",0083,1829,540,2369,4174,56.76%,866,1404,2270
"District Judge, 339th Judicial District",0084,573,257,830,1421,58.41%,569,230,799
"District Judge, 339th Judicial District",0085,587,329,916,2169,42.23%,42,840,882
"District Judge, 339th Judicial District",0086,2032,493,2525,3449,73.21%,1143,1212,2355
"District Judge, 339th Judicial District",0087,1451,719,2170,2839,76.44%,1295,736,2031
"District Judge, 339th Judicial District",0088,338,141,479,784,61.10%,307,144,451
"District Judge, 339th Judicial District",0089,398,424,822,1094,75.14%,419,332,751
"District Judge, 339th Judicial District",0090,1856,890,2746,3883,70.72%,1969,649,2618
"District Judge, 339th Judicial District",0091,673,339,1012,1724,58.70%,555,387,942
"District Judge, 339th Judicial District",0092,1263,474,1737,2260,76.86%,1086,543,1629
"District Judge, 339th Judicial District",0093,1048,619,1667,3536,47.14%,458,1120,1578
"District Judge, 339th Judicial District",0094,202,63,265,580,45.69%,46,205,251
"District Judge, 339th Judicial District",0095,2022,534,2556,3394,75.31%,1591,830,2421
"District Judge, 339th Judicial District",0096,828,306,1134,2060,55.05%,153,931,1084
"District Judge, 339th Judicial District",0097,2511,467,2978,4414,67.47%,2170,661,2831
"District Judge, 339th Judicial District",0098,1385,594,1979,3161,62.61%,1593,304,1897
"District Judge, 339th Judicial District",0099,681,295,976,2192,44.53%,401,525,926
"District Judge, 339th Judicial District",0100,529,276,805,1825,44.11%,320,453,773
"District Judge, 339th Judicial District",0101,221,129,350,988,35.43%,79,254,333
"District Judge, 339th Judicial District",0102,580,227,807,1907,42.32%,193,566,759
Office,Precinct,Early Ballots Cast,Election Ballots Cast,Total Ballots Cast,Registered Voters,Percent Turnout,REP Mary McFaden,DEM Maria T. (Terri) Jackson,Totals
"District Judge, 339th Judicial District",0103,2140,985,3125,5097,61.31%,1475,1542,3017
"District Judge, 339th Judicial District",0104,913,211,1124,1920,58.54%,27,1064,1091
"District Judge, 339th Judicial District",0105,709,433,1142,2304,49.57%,271,791,1062
"District Judge, 339th Judicial District",0106,73,59,132,299,44.15%,40,89,129
"District Judge, 339th Judicial District",0107,592,403,995,2230,44.62%,144,808,952
"District Judge, 339th Judicial District",0108,1461,448,1909,3674,51.96%,885,903,1788
"District Judge, 339th Judicial District",0109,1098,278,1376,2909,47.30%,31,1298,1329
"District Judge, 339th Judicial District",0110,1661,481,2142,3222,66.48%,1195,855,2050
"District Judge, 339th Judicial District",0111,2699,866,3565,4792,74.39%,2416,976,3392
"District Judge, 339th Judicial District",0112,1507,598,2105,3188,66.03%,1350,654,2004
"District Judge, 339th Judicial District",0113,1307,418,1725,2718,63.47%,874,784,1658
"District Judge, 339th Judicial District",0114,2290,506,2796,3885,71.97%,1982,685,2667
"District Judge, 339th Judicial District",0115,609,272,881,1843,47.80%,81,762,843
"District Judge, 339th Judicial District",0116,1898,599,2497,3194,78.18%,1818,559,2377
"District Judge, 339th Judicial District",0117,573,379,952,1900,50.11%,315,573,888
"District Judge, 339th Judicial District",0118,1823,530,2353,3181,73.97%,1199,1028,2227
"District Judge, 339th Judicial District",0119,2755,409,3164,4682,67.58%,2401,615,3016
"District Judge, 339th Judicial District",0120,1804,588,2392,3732,64.09%,1383,885,2268
"District Judge, 339th Judicial District",0121,354,221,575,966,59.52%,347,210,557
"District Judge, 339th Judicial District",0122,732,284,1016,1904,53.36%,50,922,972
"District Judge, 339th Judicial District",0123,749,287,1036,1585,65.36%,265,711,976
"District Judge, 339th Judicial District",0124,3136,888,4024,5393,74.62%,3103,784,3887
"District Judge, 339th Judicial District",0125,1207,400,1607,2593,61.97%,828,706,1534
"District Judge, 339th Judicial District",0126,2017,427,2444,3380,72.31%,2038,299,2337
"District Judge, 339th Judicial District",0127,978,214,1192,2091,57.01%,821,302,1123
"District Judge, 339th Judicial District",0128,1107,612,1719,2322,74.03%,998,579,1577
"District Judge, 339th Judicial District",0129,2540,1052,3592,5172,69.45%,2029,1363,3392
"District Judge, 339th Judicial District",0130,1310,433,1743,2289,76.15%,1210,446,1656
"District Judge, 339th Judicial District",0131,798,371,1169,2147,54.45%,228,903,1131
"District Judge, 339th Judicial District",0132,1028,322,1350,2378,56.77%,41,1279,1320
"District Judge, 339th Judicial District",0133,1411,746,2157,2690,80.19%,1138,851,1989
"District Judge, 339th Judicial District",0134,593,345,938,1513,62.00%,358,519,877
"District Judge, 339th Judicial District",0135,1614,551,2165,2777,77.96%,1328,699,2027
"District Judge, 339th Judicial District",0136,982,352,1334,2116,63.04%,78,1203,1281
Office,Precinct,Early Ballots Cast,Election Ballots Cast,Total Ballots Cast,Registered Voters,Percent Turnout,REP Mary McFaden,DEM Maria T. (Terri) Jackson,Totals
"District Judge, 339th Judicial District",0137,993,259,1252,1986,63.04%,815,381,1196
"District Judge, 339th Judicial District",0138,600,228,828,1723,48.06%,34,772,806
"District Judge, 339th Judicial District",0139,1939,601,2540,3435,73.94%,1122,1217,2339
"District Judge, 339th Judicial District",0140,1513,510,2023,3270,61.87%,296,1610,1906
"District Judge, 339th Judicial District",0141,217,153,370,904,40.93%,189,152,341
"District Judge, 339th Judicial District",0142,293,140,433,933,46.41%,82,320,402
"District Judge, 339th Judicial District",0143,1868,267,2135,2582,82.69%,1362,698,2060
"District Judge, 339th Judicial District",0144,442,125,567,1086,52.21%,20,525,545
"District Judge, 339th Judicial District",0145,560,256,816,1564,52.17%,16,773,789
"District Judge, 339th Judicial District",0146,1000,494,1494,2073,72.07%,602,798,1400
"District Judge, 339th Judicial District",0147,1411,354,1765,3211,54.97%,214,1491,1705
"District Judge, 339th Judicial District",0148,1265,652,1917,2571,74.56%,716,1053,1769
"District Judge, 339th Judicial District",0149,2938,573,3511,4756,73.82%,1896,1483,3379
"District Judge, 339th Judicial District",0150,582,223,805,1574,51.14%,32,744,776
"District Judge, 339th Judicial District",0151,282,107,389,826,47.09%,15,356,371
"District Judge, 339th Judicial District",0152,838,524,1362,3059,44.52%,265,1017,1282
"District Judge, 339th Judicial District",0153,544,399,943,1873,50.35%,198,693,891
"District Judge, 339th Judicial District",0154,913,289,1202,2293,52.42%,238,873,1111
"District Judge, 339th Judicial District",0155,2275,576,2851,4065,70.14%,1722,972,2694
"District Judge, 339th Judicial District",0156,1413,403,1815,3223,56.35%,95,1646,1741
"District Judge, 339th Judicial District",0157,880,278,1158,2265,51.13%,58,1062,1120
"District Judge, 339th Judicial District",0158,1143,365,1508,3049,49.46%,40,1427,1467
"District Judge, 339th Judicial District",0159,348,147,495,997,49.65%,68,408,476
"District Judge, 339th Judicial District",0160,286,67,353,717,49.23%,13,326,339
"District Judge, 339th Judicial District",0161,378,173,551,992,55.54%,15,513,528
"District Judge, 339th Judicial District",0162,364,267,631,1312,48.09%,149,434,583
"District Judge, 339th Judicial District",0163,1080,524,1604,3075,52.16%,411,1023,1434
"District Judge, 339th Judicial District",0164,441,258,699,1407,49.68%,21,650,671
"District Judge, 339th Judicial District",0165,1169,469,1638,2460,66.59%,894,639,1533
"District Judge, 339th Judicial District",0166,562,261,823,1171,70.28%,267,495,762
"District Judge, 339th Judicial District",0167,5,2,7,24,29.17%,0,6,6
"District Judge, 339th Judicial District",0168,196,59,255,512,49.80%,5,245,250
"District Judge, 339th Judicial District",0169,985,247,1232,2548,48.35%,38,1152,1190
"District Judge, 339th Judicial District",0170,553,262,925,1958,47.24%,410,446,856
Office,Precinct,Early Ballots Cast,Election Ballots Cast,Total Ballots Cast,Registered Voters,Percent Turnout,REP Mary McFaden,DEM Maria T. (Terri) Jackson,Totals
"District Judge, 339th Judicial District",0171,482,283,765,1648,46.42%,35,690,725
"District Judge, 339th Judicial District",0172,245,103,348,661,52.65%,79,249,328
"District Judge, 339th Judicial District",0173,2259,683,2942,3966,74.18%,2138,662,2800
"District Judge, 339th Judicial District",0174,171,5,707,2423,3389,71.50%,1537,734,2271
"District Judge, 339th Judicial District",0175,1402,691,2093,2711,77.20%,1011,926,1937
"District Judge, 339th Judicial District",0176,767,375,1142,1533,74.49%,535,510,1045
"District Judge, 339th Judicial District",0177,937,333,1270,1715,74.05%,647,522,1169
"District Judge, 339th Judicial District",0178,1116,273,1389,1795,77.38%,875,410,1285
"District Judge, 339th Judicial District",0179,771,244,1015,1673,60.67%,457,490,947
"District Judge, 339th Judicial District",0180,928,463,1391,2914,47.74%,52,1282,1334
"District Judge, 339th Judicial District",0181,697,439,1136,2195,51.75%,238,838,1076
"District Judge, 339th Judicial District",0182,1943,994,2937,4071,72.14%,1505,1181,2686
"District Judge, 339th Judicial District",0183,1286,715,2001,2535,78.93%,1207,648,1855
"District Judge, 339th Judicial District",0184,278,219,497,1048,47.42%,128,335,463
"District Judge, 339th Judicial District",0185,709,444,1153,2054,56.13%,282,799,1081
"District Judge, 339th Judicial District",0186,252,150,402,798,50.38%,33,353,386
"District Judge, 339th Judicial District",0187,95,51,147,309,47.57%,21,114,135
"District Judge, 339th Judicial District",0188,499,306,805,1711,47.05%,245,523,768
"District Judge, 339th Judicial District",0189,804,279,1083,1505,71.96%,580,429,1009
"District Judge, 339th Judicial District",0190,571,326,897,1849,48.51%,253,593,846
"District Judge, 339th Judicial District",0191,327,259,586,1408,41.62%,169,391,560
"District Judge, 339th Judicial District",0192,757,259,1016,1959,51.86%,59,914,973
"District Judge, 339th Judicial District",0193,375,211,586,1099,53.32%,15,548,563
"District Judge, 339th Judicial District",0194,1138,449,1587,2172,73.07%,430,1054,1484
"District Judge, 339th Judicial District",0195,606,344,950,1739,54.63%,45,856,901
"District Judge, 339th Judicial District",0196,132,37,169,313,53.99%,14,143,157
"District Judge, 339th Judicial District",0197,995,372,1368,2969,46.08%,36,1281,1317
"District Judge, 339th Judicial District",0198,161,82,243,619,39.26%,9,223,232
"District Judge, 339th Judicial District",0199,1929,815,2744,4063,67.54%,2019,597,2616
"District Judge, 339th Judicial District",0200,2307,377,2684,3692,72.70%,1180,1329,2509
"District Judge, 339th Judicial District",0201,221,105,326,773,42.17%,9,309,318
"District Judge, 339th Judicial District",0202,421,233,654,1410,46.38%,23,605,628
"District Judge, 339th Judicial District",0203,298,111,409,988,41.40%,64,318,382
"District Judge, 339th Judicial District",0204,2099,577,2676,3568,75.00%,1384,1077,2461
Office,Precinct,Early Ballots Cast,Election Ballots Cast,Total Ballots Cast,Registered Voters,Percent Turnout,REP Mary McFaden,DEM Maria T. (Terri) Jackson,Totals
"District Judge, 339th Judicial District",0205,771,171,942,1724,54.84%,29,889,918
"District Judge, 339th Judicial District",0208,1277,494,1771,2985,59.73%,490,1145,1835
"District Judge, 339th Judicial District",0207,805,212,817,1188,70.07%,252,509,781
"District Judge, 339th Judicial District",0208,909,338,1247,2258,55.27%,272,889,1181
"District Judge, 339th Judicial District",0209,0,0,0,0,0.00%,0,0,0
"District Judge, 339th Judicial District",0210,1259,489,1748,2781,82.88%,282,1408,1888
"District Judge, 339th Judicial District",0211,964,595,1559,3130,49.81%,405,1048,1451
"District Judge, 339th Judicial District",0212,309,323,832,1370,48.13%,101,487,588
"District Judge, 339th Judicial District",0213,1782,795,2577,3408,75.88%,1938,521,2457
"District Judge, 339th Judicial District",0214,1018,418,1434,1911,75.04%,807,508,1315
"District Judge, 339th Judicial District",0215,1098,838,1732,2288,75.77%,938,888,1808
"District Judge, 339th Judicial District",0218,778,244,1022,1988,51.98%,80,920,980
"District Judge, 339th Judicial District",0217,1545,818,2183,2738,79.08%,1305,731,2038
"District Judge, 339th Judicial District",0218,1099,457,1555,2487,83.07%,387,1058,1423
"District Judge, 339th Judicial District",0219,1117,515,1832,2888,58.90%,148,1395,1543
"District Judge, 339th Judicial District",0220,832,308,1138,2382,48.18%,895,371,1088
"District Judge, 339th Judicial District",0221,1032,473,1505,2598,57.93%,475,931,1408
"District Judge, 339th Judicial District",0222,1480,871,2131,2728,78.12%,944,1023,1987
"District Judge, 339th Judicial District",0223,1750,517,2287,3884,81.87%,582,1543,2105
"District Judge, 339th Judicial District",0224,1165,495,1551,2313,71.81%,701,837,1538
"District Judge, 339th Judicial District",0225,1353,598,1949,3889,52.83%,802,1058,1858
"District Judge, 339th Judicial District",0228,840,421,1281,2554,49.37%,228,974,1202
"District Judge, 339th Judicial District",0227,1071,359,1430,1810,79.01%,1004,345,1349
"District Judge, 339th Judicial District",0228,825,159,784,1175,88.72%,43,727,770
"District Judge, 339th Judicial District",0229,227,188,395,828,47.71%,104,287,371
"District Judge, 339th Judicial District",0230,353,185,518,1094,47.35%,25,479,504
"District Judge, 339th Judicial District",0231,801,445,1248,2378,52.44%,247,932,1179
"District Judge, 339th Judicial District",0232,941,438,1379,1828,75.52%,703,578,1281
"District Judge, 339th Judicial District",0233,2571,703,3274,4713,89.47%,1440,1598,3038
"District Judge, 339th Judicial District",0234,2419,728,3147,4042,77.88%,2201,788,2987
"District Judge, 339th Judicial District",0235,481,203,884,1421,48.73%,25,808,833
"District Judge, 339th Judicial District",0238,555,308,984,2104,45.82%,47,887,934
"District Judge, 339th Judicial District",0237,739,312,1051,2148,48.97%,22,997,1019
"District Judge, 339th Judicial District",0238,808,317,923,1948,47.38%,28,880,888
Office,Precinct,Early Ballots Cast,Election Ballots Cast,Total Ballots Cast,Registered Voters,Percent Turnout,REP Mary McFaden,DEM Maria T. (Terri) Jackson,Totals
"District Judge, 339th Judicial District",0239,694,334,1028,1984,51.81,%,34,973,1007
"District Judge, 339th Judicial District",0240,1007,292,1299,2601,49.94%,31,1235,1266
"District Judge, 339th Judicial District",0241,651,383,1034,2466,41.93%,324,668,992
"District Judge, 339th Judicial District",0242,506,314,820,1744,47.02%,348,415,763
"District Judge, 339th Judicial District",0243,244,42,286,475,60.21%,7,276,283
"District Judge, 339th Judicial District",0244,1409,538,1947,3296,59.07%,898,955,1853
"District Judge, 339th Judicial District",0245,2100,811,2911,4679,62.21%,1775,974,2749
"District Judge, 339th Judicial District",0246,2209,482,2691,3971,67.77%,1638,942,2580
"District Judge, 339th Judicial District",0247,440,376,816,1595,51.16%,23,775,798
"District Judge, 339th Judicial District",0248,453,347,800,2147,37.26%,176,577,753
"District Judge, 339th Judicial District",0249,1124,365,1489,2825,52.71%,906,534,1440
"District Judge, 339th Judicial District",0250,288,183,471,925,50.92%,21,440,461
"District Judge, 339th Judicial District",0251,806,378,1184,2132,55.53%,67,1073,1140
"District Judge, 339th Judicial District",0252,925,309,1235,2292,53.88%,22,1180,1202
"District Judge, 339th Judicial District",0253,759,311,1070,2154,49.68%,33,1016,1049
"District Judge, 339th Judicial District",0254,411,280,691,1675,41.25%,137,513,650
"District Judge, 339th Judicial District",0255,1253,586,1839,2489,73.89%,778,928,1706
"District Judge, 339th Judicial District",0256,1398,583,1981,3321,59.65%,646,1219,1865
"District Judge, 339th Judicial District",0257,997,622,1619,3497,46.30%,349,1196,1545
"District Judge, 339th Judicial District",0258,1948,608,2556,3346,76.39%,1764,639,2403
"District Judge, 339th Judicial District",0259,1030,414,1444,2312,62.46%,37,1369,1406
"District Judge, 339th Judicial District",0260,547,227,774,1300,59.54%,365,361,726
"District Judge, 339th Judicial District",0261,442,531,973,1457,66.78%,259,653,912
"District Judge, 339th Judicial District",0262,1847,676,2523,4397,57.38%,1315,1063,2378
"District Judge, 339th Judicial District",0263,2208,665,2873,4016,71.54%,1985,751,2736
"District Judge, 339th Judicial District",0264,1110,627,1737,3101,56.01%,847,785,1632
"District Judge, 339th Judicial District",0265,1991,608,2599,3582,72.56%,1755,679,2434
"District Judge, 339th Judicial District",0266,737,443,1180,2147,54.96%,426,686,1112
"District Judge, 339th Judicial District",0267,421,293,714,1433,49.83%,249,424,673
"District Judge, 339th Judicial District",0268,1174,689,1863,2528,73.69%,1006,696,1702
"District Judge, 339th Judicial District",0269,1305,365,1670,2114,79.00%,1206,367,1573
"District Judge, 339th Judicial District",0270,1816,688,2504,3985,62.84%,1208,1129,2337
"District Judge, 339th Judicial District",0271,1150,346,1496,2558,58.48%,36,1428,1464
"District Judge, 339th Judicial District",0272,870,415,1285,2334,55.06%,440,770,1210
Office,Precinct,Early Ballots Cast,Election Ballots Cast,Total Ballots Cast,Registered Voters,Percent Turnout,REP Mary McFaden,DEM Maria T. (Terri) Jackson,Totals
"District Judge, 339th Judicial District",0273,1175,647,1822,2485,73.32%,1356,384,1740
"District Judge, 339th Judicial District",0274,1261,311,1572,2223,70.72%,944,527,1471
"District Judge, 339th Judicial District",0275,585,334,919,2059,44.63%,150,731,881
"District Judge, 339th Judicial District",0276,1027,255,1282,2458,52.16%,18,1231,1249
"District Judge, 339th Judicial District",0277,573,338,911,1898,48.00%,301,570,871
"District Judge, 339th Judicial District",0278,1059,469,1528,2602,58.72%,624,814,1438
"District Judge, 339th Judicial District",0279,789,314,1103,2073,53.21%,603,446,1049
"District Judge, 339th Judicial District",0280,444,362,806,1656,48.67%,216,537,753
"District Judge, 339th Judicial District",0281,1287,590,1877,2507,74.87%,831,873,1704
"District Judge, 339th Judicial District",0282,773,604,1377,2144,64.23%,763,538,1301
"District Judge, 339th Judicial District",0283,2351,1143,3494,6365,54.89%,470,2889,3359
"District Judge, 339th Judicial District",0284,1585,574,2159,4079,52.93%,695,1347,2042
"District Judge, 339th Judicial District",0285,1077,431,1508,2680,56.27%,116,1337,1453
"District Judge, 339th Judicial District",0286,1708,545,2253,3757,59.97%,173,1997,2170
"District Judge, 339th Judicial District",0287,851,408,1259,1658,75.93%,575,601,1176
"District Judge, 339th Judicial District",0288,881,314,1195,2208,54.12%,29,1136,1165
"District Judge, 339th Judicial District",0289,481,352,833,1584,52.59%,295,482,777
"District Judge, 339th Judicial District",0290,705,332,1037,1623,63.89%,743,254,997
"District Judge, 339th Judicial District",0291,603,233,836,1218,68.64%,346,443,789
"District Judge, 339th Judicial District",0292,549,178,727,1379,52.72%,82,616,698
"District Judge, 339th Judicial District",0293,778,475,1253,1811,69.19%,517,644,1161
"District Judge, 339th Judicial District",0294,852,198,1050,2054,51.12%,14,1015,1029
"District Judge, 339th Judicial District",0295,270,111,381,894,42.62%,13,357,370
"District Judge, 339th Judicial District",0296,701,385,1086,1705,63.70%,537,468,1005
"District Judge, 339th Judicial District",0297,729,341,1070,2055,52.07%,354,656,1010
"District Judge, 339th Judicial District",0298,1095,387,1482,2236,66.28%,717,686,1403
"District Judge, 339th Judicial District",0299,499,236,735,1506,48.80%,221,463,684
"District Judge, 339th Judicial District",0300,3385,728,4113,5480,75.05%,3030,894,3924
"District Judge, 339th Judicial District",0301,737,392,1129,2337,48.31%,377,688,1065
"District Judge, 339th Judicial District",0302,1197,591,1788,3277,54.56%,876,833,1709
"District Judge, 339th Judicial District",0303,1896,692,2588,3375,76.68%,1908,559,2467
"District Judge, 339th Judicial District",0304,1190,474,1664,2326,71.54%,854,678,1532
"District Judge, 339th Judicial District",0305,2154,645,2799,4838,57.85%,881,1797,2678
"District Judge, 339th Judicial District",0306,1096,299,1395,1896,73.58%,926,379,1305
Office,Precinct,Early Ballots Cast,Election Ballots Cast,Total Ballots Cast,Registered Voters,Percent Turnout,REP Mary McFaden,DEM Maria T. (Terri) Jackson,Totals
"District Judge, 339th Judicial District",0307,1456,801,2257,3270,69.02%,1462,656,2118
"District Judge, 339th Judicial District",0308,526,225,751,1457,51,54%,169,527,696
"District Judge, 339th Judicial District",0309,2160,591,2751,3495,78.71%,1998,609,2607
"District Judge, 339th Judicial District",0310,709,326,1035,1464,70.70%,604,359,963
"District Judge, 339th Judicial District",0311,930,643,1573,3222,48.82%,689,763,1452
"District Judge, 339th Judicial District",0312,1705,552,2257,3724,60.61%,1124,1002,2126
"District Judge, 339th Judicial District",0313,23,8,31,61,50.82%,15,7,22
"District Judge, 339th Judicial District",0314,2997,817,3814,5606,68.03%,2125,1545,3670
"District Judge, 339th Judicial District",0315,801,353,1154,1636,70.54%,616,455,1071
"District Judge, 339th Judicial District",0316,739,340,1079,1513,71.32%,560,439,999
"District Judge, 339th Judicial District",0317,593,252,845,1661,50.87%,208,588,796
"District Judge, 339th Judicial District",0318,1726,529,2255,3776,59.72%,121,2051,2172
"District Judge, 339th Judicial District",0319,994,271,1265,2199,57.53%,73,1152,1225
"District Judge, 339th Judicial District",0320,554,238,792,1570,50.45%,277,468,745
"District Judge, 339th Judicial District",0321,857,363,1230,2483,49.54%,323,809,1132
"District Judge, 339th Judicial District",0322,426,124,550,1210,45.45%,154,376,530
"District Judge, 339th Judicial District",0323,700,296,996,1793,55.55%,365,579,944
"District Judge, 339th Judicial District",0324,1444,560,2004,2607,76.87%,1193,686,1879
"District Judge, 339th Judicial District",0325,802,257,1059,2176,48.67%,178,815,993
"District Judge, 339th Judicial District",0326,271,129,400,736,54.35%,133,234,367
"District Judge, 339th Judicial District",0327,738,141,879,1758,50.00%,28,819,847
"District Judge, 339th Judicial District",0328,425,286,711,1631,43.59%,207,466,673
"District Judge, 339th Judicial District",0329,589,260,849,1621,52.38%,237,563,800
"District Judge, 339th Judicial District",0330,863,326,1189,2146,55.41%,506,616,1122
"District Judge, 339th Judicial District",0331,884,234,1118,1612,69.35%,680,375,1055
"District Judge, 339th Judicial District",0332,1355,503,1858,2926,63.50%,176,1600,1776
"District Judge, 339th Judicial District",0333,1385,942,2327,3296,70.60%,1608,582,2190
"District Judge, 339th Judicial District",0334,246,104,350,786,44.53%,56,278,334
"District Judge, 339th Judicial District",0335,489,293,782,1679,46.58%,184,539,723
"District Judge, 339th Judicial District",0336,2489,689,3178,4771,66.61%,310,2768,3078
"District Judge, 339th Judicial District",0337,367,155,522,1108,47.11%,72,417,489
"District Judge, 339th Judicial District",0338,1626,632,2258,5001,45.15%,578,1565,2143
"District Judge, 339th Judicial District",0339,704,303,1007,1909,52.75%,192,744,936
"District Judge, 339th Judicial District",0340,2040,654,2694,4012,67.15%,1854,699,2553
Office,Precinct,Early Ballots Cast,Election Ballots Cast,Total Ballots Cast,Registered Voters,Percent Turnout,REP Mary McFaden,DEM Maria T. (Terri) Jackson,Totals
"District Judge, 339th Judicial District",0341,380,278,658,1372,47.96%,144,475,619
"District Judge, 339th Judicial District",0342,311,225,536,1092,49.08%,108,398,506
"District Judge, 339th Judicial District",0343,722,370,1092,2099,52.02%,202,812,1014
"District Judge, 339th Judicial District",0344,381,207,588,1225,48.00%,19,538,557
"District Judge, 339th Judicial District",0345,575,349,924,1945,47.51%,169,692,861
"District Judge, 339th Judicial District",0346,1,0,1,1,100.00%,0,0,0
"District Judge, 339th Judicial District",0347,1461,618,2079,3614,57.53%,1177,815,1992
"District Judge, 339th Judicial District",0348,830,242,1072,1796,59.69%,716,313,1029
"District Judge, 339th Judicial District",0349,458,369,827,1372,60.28%,483,310,793
"District Judge, 339th Judicial District",0350,1674,582,2256,3269,69.01%,770,1295,2065
"District Judge, 339th Judicial District",0351,2855,570,3425,4799,71.37%,2530,748,3278
"District Judge, 339th Judicial District",0352,2023,538,2561,4278,59.86%,1739,714,2453
"District Judge, 339th Judicial District",0353,1715,659,2374,4156,57.12%,386,1894,2280
"District Judge, 339th Judicial District",0354,1569,429,1998,3520,56.76%,441,1450,1891
"District Judge, 339th Judicial District",0355,821,239,1060,1714,61.84%,109,915,1024
"District Judge, 339th Judicial District",0356,1542,582,2124,3126,67.95%,1114,884,1998
"District Judge, 339th Judicial District",0357,1882,557,2439,3685,66.19%,1715,592,2307
"District Judge, 339th Judicial District",0358,775,376,1151,2634,43.70%,116,989,1105
"District Judge, 339th Judicial District",0359,803,496,1299,3320,39.13%,128,1127,1255
"District Judge, 339th Judicial District",0360,1858,597,2455,3309,74.19%,1110,1156,2266
"District Judge, 339th Judicial District",0361,323,688,1011,1808,55.92%,136,766,902
"District Judge, 339th Judicial District",0362,2865,553,3418,5161,66.23%,2318,947,3265
"District Judge, 339th Judicial District",0363,1826,635,2461,4160,59.16%,949,1432,2381
"District Judge, 339th Judicial District",0364,1190,528,1718,2827,60.77%,762,848,1610
"District Judge, 339th Judicial District",0365,827,174,1001,1348,74.26%,109,866,975
"District Judge, 339th Judicial District",0366,988,524,1512,2887,52.37%,297,1146,1443
"District Judge, 339th Judicial District",0367,453,204,657,1256,52.31%,150,469,619
"District Judge, 339th Judicial District",0368,433,122,555,1024,54.20%,143,391,534
"District Judge, 339th Judicial District",0369,132,29,161,678,23.75%,58,90,148
"District Judge, 339th Judicial District",0370,2525,627,3152,4531,69.57%,2209,803,3012
"District Judge, 339th Judicial District",0371,210,78,288,537,53.63%,11,271,282
"District Judge, 339th Judicial District",0372,509,180,689,1274,54.08%,71,591,662
"District Judge, 339th Judicial District",0373,61,13,74,163,45.40%,1,69,70
"District Judge, 339th Judicial District",0374,176,165,341,720,47.36%,85,238,323
Office,Precinct,Early Ballots Cast,Election Ballots Cast,Total Ballots Cast,Registered Voters,Percent Turnout,REP Mary McFaden,DEM Maria T. (Terri) Jackson,Totals
"District Judge, 339th Judicial District",0375,745,510,1255,2836,44.25%,419,762,1181
"District Judge, 339th Judicial District",0376,753,344,1097,2060,53.25%,394,635,1029
"District Judge, 339th Judicial District",0377,1381,643,2024,3137,64.52%,1508,417,1925
"District Judge, 339th Judicial District",0378,621,447,1068,1856,57.54%,636,380,1016
"District Judge, 339th Judicial District",0379,857,388,1245,2149,57.93%,106,1100,1206
"District Judge, 339th Judicial District",0380,2732,551,3283,4380,74.95%,1679,1474,3153
"District Judge, 339th Judicial District",0381,1185,432,1617,3141,51.48%,598,932,1530
"District Judge, 339th Judicial District",0382,429,206,635,1035,61.35%,388,220,608
"District Judge, 339th Judicial District",0383,722,458,1180,2373,49.73%,339,776,1115
"District Judge, 339th Judicial District",0384,1152,444,1596,2725,58.57%,339,1178,1517
"District Judge, 339th Judicial District",0385,1141,561,1702,2207,77.12%,1237,377,1614
"District Judge, 339th Judicial District",0386,1658,419,2077,3105,66.89%,1441,565,2006
"District Judge, 339th Judicial District",0387,1702,780,2482,4340,57.19%,1627,730,2357
"District Judge, 339th Judicial District",0388,2899,711,3510,5413,66.69%,1667,1804,3471
"District Judge, 339th Judicial District",0389,397,293,690,1359,50.77%,85,558,643
"District Judge, 339th Judicial District",0390,698,271,969,1482,65.38%,125,809,934
"District Judge, 339th Judicial District",0391,986,336,1322,1978,66.84%,746,514,1260
"District Judge, 339th Judicial District",0392,652,145,797,1426,55.89%,12,762,774
"District Judge, 339th Judicial District",0393,427,257,684,1274,53.69%,307,337,644
"District Judge, 339th Judicial District",0394,236,126,362,914,39.61%,117,224,341
"District Judge, 339th Judicial District",0395,1007,371,1378,1875,73.49%,902,395,1297
"District Judge, 339th Judicial District",0396,1035,204,1239,2072,59.80%,33,1164,1197
"District Judge, 339th Judicial District",0397,204,117,321,796,40.33%,105,194,299
"District Judge, 339th Judicial District",0398,1761,654,2415,4200,57.50%,1044,1255,2299
"District Judge, 339th Judicial District",0399,1291,546,1837,3340,55.00%,672,1099,1771
"District Judge, 339th Judicial District",0400,1457,372,1839,2661,69.11%,1165,599,1764
"District Judge, 339th Judicial District",0401,703,257,960,1971,48.71%,51,865,916
"District Judge, 339th Judicial District",0402,897,262,1159,1911,60.65%,67,1056,1123
"District Judge, 339th Judicial District",0403,959,387,1346,1719,78.30%,674,559,1233
"District Judge, 339th Judicial District",0404,1033,445,1478,2717,54.40%,693,728,1421
"District Judge, 339th Judicial District",0405,1910,457,2367,3067,77.18%,1744,556,2300
"District Judge, 339th Judicial District",0406,275,65,340,649,52.39%,9,321,330
"District Judge, 339th Judicial District",0407,1703,860,2563,3969,64.58%,1464,948,2412
"District Judge, 339th Judicial District",0408,520,313,833,1740,47.87%,248,528,776
Office,Precinct,Early Ballots Cast,Election Ballots Cast,Total Ballots Cast,Registered Voters,Percent Turnout,REP Mary McFaden,DEM Maria T. (Terri) Jackson,Totals
"District Judge, 339th Judicial District",0409,501,280,781,1608,48.57%,226,510,736
"District Judge, 339th Judicial District",0410,381,96,477,934,51.07%,86,372,458
"District Judge, 339th Judicial District",0411,699,418,1117,2426,46.04%,273,775,1048
"District Judge, 339th Judicial District",0412,156,80,236,478,49.37%,8,219,227
"District Judge, 339th Judicial District",0413,1546,456,2002,3081,64.98%,716,1178,1894
"District Judge, 339th Judicial District",0414,1573,514,2087,3586,58.20%,1488,504,1992
"District Judge, 339th Judicial District",0415,1076,573,1649,2284,72.20%,1067,489,1556
"District Judge, 339th Judicial District",0416,1443,845,2288,4009,57.07%,1083,1075,2158
"District Judge, 339th Judicial District",0417,1104,397,1501,2589,57.98%,612,813,1425
"District Judge, 339th Judicial District",0418,1336,663,1999,3940,50.74%,617,1253,1870
"District Judge, 339th Judicial District",0419,1166,477,1643,2702,60.81%,929,639,1568
"District Judge, 339th Judicial District",0420,2687,731,3418,4946,69.11%,2723,551,3274
"District Judge, 339th Judicial District",0421,1240,273,1513,2023,74.79%,687,763,1450
"District Judge, 339th Judicial District",0422,1357,401,1758,3348,52.81%,56,1659,1715
"District Judge, 339th Judicial District",0423,31,e,288,604,1423,42.45%,127,449,576
"District Judge, 339th Judicial District",0424,548,158,706,1079,65.43%,353,312,665
"District Judge, 339th Judicial District",0425,257,139,396,878,45.10%,107,269,376
"District Judge, 339th Judicial District",0426,485,228,713,1266,56.32%,348,322,670
"District Judge, 339th Judicial District",0427,437,155,592,1120,52.86%,187,366,553
"District Judge, 339th Judicial District",0428,1588,855,2553,5151,49.56%,624,1788,2412
"District Judge, 339th Judicial District",0429,947,649,1596,3311,48.20%,324,1198,1522
"District Judge, 339th Judicial District",0430,524,291,815,1794,45.43%,135,622,757
"District Judge, 339th Judicial District",0431,1218,604,1822,3860,47.20%,371,1361,1732
"District Judge, 339th Judicial District",0432,456,249,705,1568,44.96%,198,455,653
"District Judge, 339th Judicial District",0433,163,88,251,561,44.74%,53,184,237
"District Judge, 339th Judicial District",0434,831,293,1124,1557,72.19%,603,431,1034
"District Judge, 339th Judicial District",0435,1951,567,2518,3363,74.87%,1512,846,2358
"District Judge, 339th Judicial District",0436,2008,678,2686,3809,70.52%,1405,1104,2509
"District Judge, 339th Judicial District",0437,1148,425,1573,2094,75.12%,1002,488,1490
"District Judge, 339th Judicial District",0438,2288,475,2763,3789,72.92%,1812,789,2601
"District Judge, 339th Judicial District",0439,1854,749,2603,3701,70.33%,1671,775,2446
"District Judge, 339th Judicial District",0440,1498,749,2247,2973,75.58%,1652,461,2113
"District Judge, 339th Judicial District",0441,824,408,1232,1695,72.68%,828,329,1157
"District Judge, 339th Judicial District",0442,2441,685,3126,4315,72.44%,2469,522,2991
Office,Precinct,Early Ballots Cast,Election Ballots Cast,Total Ballots Cast,Registered Voters,Percent Turnout,REP Mary McFaden,DEM Maria T. (Terri) Jackson,Totals
"District Judge, 339th Judicial District",0443,415,83,498,642,77.57%,346,124,470
"District Judge, 339th Judicial District",0444,1620,679,2299,3625,63.42%,1196,958,2154
"District Judge, 339th Judicial District",0445,1036,382,1418,2134,66.45%,821,521,1342
"District Judge, 339th Judicial District",0446,89,45,134,309,43.37%,47,82,129
"District Judge, 339th Judicial District",0447,2411,464,2875,3727,77.14%,1829,898,2727
"District Judge, 339th Judicial District",0448,1763,529,2292,3155,72.65%,1224,887,2111
"District Judge, 339th Judicial District",0449,73,26,99,225,44.00%,10,87,97
"District Judge, 339th Judicial District",0450,1104,394,1498,2890,51.83%,371,1064,1435
"District Judge, 339th Judicial District",0451,1719,367,2086,2771,75.28%,1620,382,2002
"District Judge, 339th Judicial District",0452,1871,662,2533,3789,66.85%,1662,755,2417
"District Judge, 339th Judicial District",0453,661,417,1078,2039,52.87%,279,735,1014
"District Judge, 339th Judicial District",0454,1043,288,1331,2509,53.05%,25,1265,1290
"District Judge, 339th Judicial District",0455,669,173,842,1713,49.15%,32,779,811
"District Judge, 339th Judicial District",0456,1404,553,1957,3793,51.60%,1021,840,1861
"District Judge, 339th Judicial District",0457,0,0,0,0,0.00%,0,0,0
"District Judge, 339th Judicial District",0458,914,253,1167,2025,57.63%,78,1040,1118
"District Judge, 339th Judicial District",0459,2362,432,2794,3942,70.88%,2069,601,2670
"District Judge, 339th Judicial District",0460,1613,472,2085,3280,63.57%,487,1518,2005
"District Judge, 339th Judicial District",0461,2242,669,2911,4054,71.81%,1710,1000,2710
"District Judge, 339th Judicial District",0462,1474,738,2212,3507,63.07%,723,1391,2114
"District Judge, 339th Judicial District",0463,1673,564,2237,3773,59.29%,836,1329,2165
"District Judge, 339th Judicial District",0464,967,582,1549,2343,66.11%,932,519,1451
"District Judge, 339th Judicial District",0465,1628,594,2222,3778,58.81%,962,1163,2125
"District Judge, 339th Judicial District",0466,2274,509,2783,4327,64.32%,1375,1295,2670
"District Judge, 339th Judicial District",0467,501,225,726,1320,55.00%,141,545,686
"District Judge, 339th Judicial District",0468,1379,747,2126,4040,52.62%,487,1529,2016
"District Judge, 339th Judicial District",0469,1867,462,2329,3257,71.51%,1745,473,2218
"District Judge, 339th Judicial District",0470,555,232,787,1358,57.95%,557,196,753
"District Judge, 339th Judicial District",0471,1057,458,1515,2473,61.26%,1114,337,1451
"District Judge, 339th Judicial District",0472,463,339,802,1131,70.91%,333,409,742
"District Judge, 339th Judicial District",0473,944,390,1334,1787,74.65%,881,383,1264
"District Judge, 339th Judicial District",0474,1417,624,2041,3127,65.27%,1304,645,1949
"District Judge, 339th Judicial District",0475,791,261,1052,1936,54.34%,402,591,993
"District Judge, 339th Judicial District",0476,1077,405,1482,2458,60.29%,750,660,1410
Office,Precinct,Early Ballots Cast,Election Ballots Cast,Total Ballots Cast,Registered Voters,Percent Turnout,REP Mary McFaden,DEM Maria T. (Terri) Jackson,Totals
"District Judge, 339th Judicial District",0477,2027,640,2667,4010,66.51%,1782,752,2534
"District Judge, 339th Judicial District",0478,2271,683,2954,4696,62.90%,1790,1022,2812
"District Judge, 339th Judicial District",0479,1978,755,2733,3851,70.97%,1947,680,2627
"District Judge, 339th Judicial District",0480,1445,538,1983,2978,66.59%,1320,589,1909
"District Judge, 339th Judicial District",0481,1756,667,2423,3609,67.14%,1706,590,2296
"District Judge, 339th Judicial District",0482,2259,618,2877,4405,65.31%,1896,851,2747
"District Judge, 339th Judicial District",0483,2305,538,2843,4495,63.25%,1410,1277,2687
"District Judge, 339th Judicial District",0484,2020,700,2720,3981,68.32%,1661,940,2601
"District Judge, 339th Judicial District",0485,2118,567,2685,4051,66.28%,1867,709,2576
"District Judge, 339th Judicial District",0486,2310,721,3031,4195,72.25%,2234,660,2894
"District Judge, 339th Judicial District",0487,1405,527,1932,4142,46.64%,454,1311,1765
"District Judge, 339th Judicial District",0488,842,511,1353,2382,56.80%,365,921,1286
"District Judge, 339th Judicial District",0489,865,344,1209,1958,61.75%,324,825,1149
"District Judge, 339th Judicial District",0490,980,346,1326,2105,62.99%,395,856,1251
"District Judge, 339th Judicial District",0491,937,488,1425,2110,67.54%,731,607,1338
"District Judge, 339th Judicial District",0492,1217,396,1613,2552,63.21%,787,747,1534
"District Judge, 339th Judicial District",0493,1404,555,1959,3338,58.69%,692,1149,1841
"District Judge, 339th Judicial District",0494,1079,419,1498,2787,53.75%,176,1262,1438
"District Judge, 339th Judicial District",0495,1414,376,1790,2488,71.95%,1172,516,1688
"District Judge, 339th Judicial District",0496,687,549,1235,2325,53.16%,406,771,1177
"District Judge, 339th Judicial District",0497,915,281,1197,2148,55.73%,48,1107,1155
"District Judge, 339th Judicial District",0498,1069,423,1492,2527,59.04%,491,928,1419
"District Judge, 339th Judicial District",0499,1433,397,1830,2336,78.34%,1254,494,1748
"District Judge, 339th Judicial District",0500,1869,651,2520,3698,68.14%,1530,877,2407
"District Judge, 339th Judicial District",0501,1146,406,1552,2016,76.98%,621,822,1443
"District Judge, 339th Judicial District",0502,1,355,293,1559,2595,63.93%,1243,333,1576
"District Judge, 339th Judicial District",0503,1397,306,1703,2236,76.16%,1234,380,1614
"District Judge, 339th Judicial District",0504,1270,482,1752,2318,75.58%,1067,586,1653
"District Judge, 339th Judicial District",0505,1750,735,2485,4076,60.97%,1042,1259,2301
"District Judge, 339th Judicial District",0506,1513,696,2209,3544,62.33%,319,1809,2128
"District Judge, 339th Judicial District",0507,599,319,918,2562,35.83%,198,622,820
"District Judge, 339th Judicial District",0508,1519,828,2347,4767,49.23%,641,1522,2163
"District Judge, 339th Judicial District",0509,2504,669,3173,5153,61.58%,1952,1086,3038
"District Judge, 339th Judicial District",0510,1701,666,2367,3822,61.93%,973,1303,2276
Office,Precinct,Early Ballots Cast,Election Ballots Cast,Total Ballots Cast,Registered Voters,Percent Turnout,REP Mary McFaden,DEM Maria T. (Terri) Jackson,Totals
"District Judge, 339th Judicial District",0511,2933,574,3507,4620,75.91%,2067,1312,3379
"District Judge, 339th Judicial District",0512,1668,871,2539,4559,55.69%,932,1488,2420
"District Judge, 339th Judicial District",0513,1754,413,2187,3003,72.16%,1503,562,2065
"District Judge, 339th Judicial District",0514,2288,613,2899,4378,66.22%,1933,830,2763
"District Judge, 339th Judicial District",0515,1836,468,2304,3182,72.41%,1775,423,2198
"District Judge, 339th Judicial District",0516,1316,363,1679,2799,59.99%,782,824,1606
"District Judge, 339th Judicial District",0517,1610,509,2119,3744,56.60%,883,1136,2019
"District Judge, 339th Judicial District",0518,1886,676,2562,4049,63.27%,1433,1001,2434
"District Judge, 339th Judicial District",0519,1421,518,1939,3098,62.59%,1293,563,1856
"District Judge, 339th Judicial District",0520,1785,670,2456,5202,47.21%,357,2029,2386
"District Judge, 339th Judicial District",0521,1350,578,1928,3070,62.80%,871,976,1847
"District Judge, 339th Judicial District",0522,1508,464,1972,2815,70.05%,1406,504,1910
"District Judge, 339th Judicial District",0523,1978,537,2515,4027,62.45%,1483,891,2374
"District Judge, 339th Judicial District",0524,1392,637,2029,3598,56.39%,518,1412,1930
"District Judge, 339th Judicial District",0525,1440,574,2014,3260,61.78%,417,1490,1907
"District Judge, 339th Judicial District",0526,235,157,392,820,47.80%,76,291,367
"District Judge, 339th Judicial District",0527,156,38,194,580,33.45%,70,110,180
"District Judge, 339th Judicial District",0528,17,8,25,78,32.05%,2,22,24
"District Judge, 339th Judicial District",0529,2107,434,2541,3842,66.14%,2062,368,2430
"District Judge, 339th Judicial District",0530,375,212,587,1236,47.49%,108,430,538
"District Judge, 339th Judicial District",0531,1234,166,1400,2250,62.22%,1007,310,1317
"District Judge, 339th Judicial District",0532,478,140,618,1058,58.41%,407,197,604
"District Judge, 339th Judicial District",0533,352,169,521,1164,44.76%,251,237,488
"District Judge, 339th Judicial District",0534,1895,577,2472,3918,63.09%,1667,678,2345
"District Judge, 339th Judicial District",0535,132,62,194,413,46.97%,60,119,179
"District Judge, 339th Judicial District",0536,2104,1053,3157,5637,56.00%,978,1989,2967
"District Judge, 339th Judicial District",0537,1958,464,2422,3174,76.31%,1673,643,2316
"District Judge, 339th Judicial District",0538,371,203,574,1332,43.09%,13,542,555
"District Judge, 339th Judicial District",0539,811,234,1045,1535,68.08%,545,443,988
"District Judge, 339th Judicial District",0540,997,349,1346,1759,76.52%,442,794,1236
"District Judge, 339th Judicial District",0541,2157,761,2918,5001,58.35%,450,2328,2778
"District Judge, 339th Judicial District",0542,1156,406,1562,2654,58.85%,97,1410,1507
"District Judge, 339th Judicial District",0543,553,321,874,1658,52.71%,204,623,827
"District Judge, 339th Judicial District",0544,84,54,138,313,44.09%,15,120,135
Office,Precinct,Early Ballots Cast,Election Ballots Cast,Total Ballots Cast,Registered Voters,Percent Turnout,REP Mary McFaden,DEM Maria T. (Terri) Jackson,Totals
"District Judge, 339th Judicial District",0545,2015,468,2483,3949,62.88%,1058,1287,2345
"District Judge, 339th Judicial District",0546,1524,278,1802,2471,72.93%,1489,258,1747
"District Judge, 339th Judicial District",0547,1413,270,1683,2534,66.42%,1094,511,1605
"District Judge, 339th Judicial District",0548,882,395,1277,2339,54.60%,553,676,1229
"District Judge, 339th Judicial District",0549,1105,447,1552,2786,55.71%,187,1318,1505
"District Judge, 339th Judicial District",0550,1171,553,1724,3245,53.13%,702,962,1664
"District Judge, 339th Judicial District",0551,2586,793,3379,4428,76.31%,2478,748,3226
"District Judge, 339th Judicial District",0552,2090,784,2874,3762,76.40%,2247,508,2755
"District Judge, 339th Judicial District",0553,962,317,1279,2193,58.32%,466,766,1232
"District Judge, 339th Judicial District",0554,597,271,868,1774,48.93%,165,666,831
"District Judge, 339th Judicial District",0555,639,390,1029,2286,45.01%,164,815,979
"District Judge, 339th Judicial District",0556,759,435,1194,2491,47.93%,236,907,1143
"District Judge, 339th Judicial District",0557,925,460,1385,2955,46.87%,364,908,1272
"District Judge, 339th Judicial District",0558,1812,721,2533,4718,53.69%,725,1705,2430
"District Judge, 339th Judicial District",0559,1901,701,2602,4984,52.21%,568,1917,2485
"District Judge, 339th Judicial District",0560,290,247,537,1141,47.06%,91,407,498
"District Judge, 339th Judicial District",0561,1023,624,1647,3138,52.49%,926,629,1555
"District Judge, 339th Judicial District",0562,222,116,338,691,48.91%,40,269,309
"District Judge, 339th Judicial District",0563,2069,337,2406,3468,69.38%,1789,510,2299
"District Judge, 339th Judicial District",0564,1551,528,2077,3240,64.10%,540,1414,1954
"District Judge, 339th Judicial District",0565,335,148,484,1414,34.23%,75,386,461
"District Judge, 339th Judicial District",0566,1183,441,1624,3029,53.62%,388,1166,1554
"District Judge, 339th Judicial District",0567,965,390,1355,2851,47.53%,322,937,1259
"District Judge, 339th Judicial District",0568,1833,697,2530,3638,69.54%,1541,803,2344
"District Judge, 339th Judicial District",0569,2027,747,2774,4125,67.25%,1264,1322,2586
"District Judge, 339th Judicial District",0570,766,278,1044,1598,65.33%,363,601,964
"District Judge, 339th Judicial District",0571,521,314,835,1950,42.82%,235,552,787
"District Judge, 339th Judicial District",0572,1522,444,1966,3308,59.43%,819,1046,1865
"District Judge, 339th Judicial District",0573,489,215,704,1625,43.32%,13,677,690
"District Judge, 339th Judicial District",0574,112,74,186,391,47.57%,21,156,177
"District Judge, 339th Judicial District",0575,1905,535,2440,3557,68.60%,1308,1015,2323
"District Judge, 339th Judicial District",0576,1107,375,1482,2830,52.37%,79,1354,1433
"District Judge, 339th Judicial District",0577,885,205,1090,1586,68.73%,628,403,1031
"District Judge, 339th Judicial District",0578,1026,405,1431,1862,76.85%,836,487,1323
Office,Precinct,Early Ballots Cast,Election Ballots Cast,Total Ballots Cast,Registered Voters,Percent Turnout,REP Mary McFaden,DEM Maria T. (Terri) Jackson,Totals
"District Judge, 339th Judicial District",0579,287,181,468,1139,41.09%,78,366,444
"District Judge, 339th Judicial District",0580,366,108,474,985,48.12%,20,446,466
"District Judge, 339th Judicial District",0581,456,137,593,1033,57.41%,15,555,570
"District Judge, 339th Judicial District",0582,543,232,775,1607,48.23%,47,693,740
"District Judge, 339th Judicial District",0583,433,155,588,1286,45.72%,14,561,575
"District Judge, 339th Judicial District",0584,367,120,487,1062,45.86%,39,426,465
"District Judge, 339th Judicial District",0585,829,280,1109,2346,47.27%,53,1018,1071
"District Judge, 339th Judicial District",0586,1790,790,2580,4521,57.07%,1416,1048,2464
"District Judge, 339th Judicial District",0587,1204,431,1635,2870,56.97%,512,1055,1567
"District Judge, 339th Judicial District",0588,1940,606,2546,3780,67.35%,1633,812,2445
"District Judge, 339th Judicial District",0589,1539,545,2084,3780,55.13%,957,1036,1993
"District Judge, 339th Judicial District",0590,1230,400,1630,2176,74.91%,1198,349,1547
"District Judge, 339th Judicial District",0591,651,462,1113,2274,48.94%,262,780,1042
"District Judge, 339th Judicial District",0592,449,272,721,1446,49.86%,144,539,683
"District Judge, 339th Judicial District",0593,1551,755,2316,4179,55.42%,877,1310,2187
"District Judge, 339th Judicial District",0594,1243,316,1559,2578,60.47%,401,1114,1515
"District Judge, 339th Judicial District",0595,600,299,899,1833,49.05%,132,730,862
"District Judge, 339th Judicial District",0596,1377,501,1878,3574,52.55%,825,952,1777
"District Judge, 339th Judicial District",0597,1204,609,1813,3587,50.54%,607,1114,1721
"District Judge, 339th Judicial District",0598,2389,731,3120,5253,59.39%,1040,1944,2984
"District Judge, 339th Judicial District",0599,1378,493,1871,3005,62.26%,618,1190,1808
"District Judge, 339th Judicial District",0600,1602,776,2378,4204,56.57%,757,1489,2246
"District Judge, 339th Judicial District",0601,2220,670,2890,4151,69.62%,2032,747,2779
"District Judge, 339th Judicial District",0602,754,234,988,1441,68.56%,650,298,948
"District Judge, 339th Judicial District",0603,2335,725,3060,4666,65.58%,1700,1235,2935
"District Judge, 339th Judicial District",0604,1816,375,2191,3189,68.70%,1791,295,2086
"District Judge, 339th Judicial District",0605,1711,599,2310,4217,54.78%,507,1682,2189
"District Judge, 339th Judicial District",0606,319,111,430,970,44.33%,9,409,418
"District Judge, 339th Judicial District",0607,163,51,214,712,30.06%,23,183,206
"District Judge, 339th Judicial District",0608,156,77,233,570,40.88%,73,146,219
"District Judge, 339th Judicial District",0609,2037,729,2766,4305,64.25%,1539,1087,2626
"District Judge, 339th Judicial District",0610,665,343,1008,2086,48.32%,388,552,940
"District Judge, 339th Judicial District",0611,980,229,1209,2527,47.84%,45,1134,1179
"District Judge, 339th Judicial District",0612,1927,431,2358,3388,69.60%,1724,517,2241
Office,Precinct,Early Ballots Cast,Election Ballots Cast,Total Ballots Cast,Registered Voters,Percent Turnout,REP Mary McFaden,DEM Maria T. (Terri) Jackson,Totals
"District Judge, 339th Judicial District",0613,937,339,1276,2368,53.89%,205,1014,1219
"District Judge, 339th Judicial District",0614,1949,645,2594,4566,56.81%,718,1755,2473
"District Judge, 339th Judicial District",0615,1075,301,1376,2086,65.96%,692,622,1314
"District Judge, 339th Judicial District",0616,1809,611,2420,3516,68.83%,1539,746,2285
"District Judge, 339th Judicial District",0617,1704,650,2354,4179,56.33%,750,1508,2258
"District Judge, 339th Judicial District",0618,1698,545,2243,3801,59.01%,878,1281,2159
"District Judge, 339th Judicial District",0619,2792,663,3455,4916,70.28%,2471,875,3346
"District Judge, 339th Judicial District",0620,1747,333,2080,3318,62.69%,1033,940,1973
"District Judge, 339th Judicial District",0621,536,200,736,1272,57.86%,291,402,693
"District Judge, 339th Judicial District",0622,2129,591,2720,4562,59.62%,1397,1194,2591
"District Judge, 339th Judicial District",0623,1960,461,2421,3919,61.78%,1459,845,2304
"District Judge, 339th Judicial District",0624,297,59,356,456,78.07%,268,74,342
"District Judge, 339th Judicial District",0625,924,372,1296,1864,69.53%,676,550,1226
"District Judge, 339th Judicial District",0626,2280,784,3054,4816,63.62%,1543,1366,2909
"District Judge, 339th Judicial District",0627,935,649,1584,3235,48.96%,405,1098,1503
"District Judge, 339th Judicial District",0628,716,545,1261,2420,52.11%,411,761,1172
"District Judge, 339th Judicial District",0629,162,96,258,750,34.40%,28,221,249
"District Judge, 339th Judicial District",0630,2662,541,3203,4738,67.60%,317,2795,3112
"District Judge, 339th Judicial District",0631,1841,398,2239,3263,68.62%,1436,700,2136
"District Judge, 339th Judicial District",0632,4,1,5,241,2.07%,0,5,5
"District Judge, 339th Judicial District",0633,2285,601,2887,3912,73.80%,1922,842,2764
"District Judge, 339th Judicial District",0634,1435,499,1934,3259,59.34%,1056,795,1851
"District Judge, 339th Judicial District",0635,1645,520,2165,3512,61.65%,1560,498,2058
"District Judge, 339th Judicial District",0636,2303,922,3225,4569,70.58%,2742,354,3096
"District Judge, 339th Judicial District",0637,1095,423,1518,2591,58.59%,310,1086,1396
"District Judge, 339th Judicial District",0638,850,348,1198,2310,51.86%,95,1073,1168
"District Judge, 339th Judicial District",0639,1385,284,1670,2560,65.23%,1253,342,1595
"District Judge, 339th Judicial District",0640,1619,615,2234,3927,56.89%,1220,921,2141
"District Judge, 339th Judicial District",0641,1637,683,2320,3840,60.42%,1314,900,2214
"District Judge, 339th Judicial District",0642,1030,270,1300,1783,72.91%,980,267,1247
"District Judge, 339th Judicial District",0643,1948,593,2541,4189,60.66%,1156,1281,2437
"District Judge, 339th Judicial District",0644,2087,689,2776,4446,62.44%,1556,1102,2658
"District Judge, 339th Judicial District",0645,2145,769,2914,4517,64.51%,1145,1609,2754
"District Judge, 339th Judicial District",0646,925,399,1324,2422,54.67%,320,933,1253
Office,Precinct,Early Ballots Cast,Election Ballots Cast,Total Ballots Cast,Registered Voters,Percent Turnout,REP Mary McFaden,DEM Maria T. (Terri) Jackson,Totals
"District Judge, 339th Judicial District",0647,1372,526,1898,4349,43.64%,392,1376,1768
"District Judge, 339th Judicial District",0648,1859,500,2359,3487,67.65%,1606,663,2269
"District Judge, 339th Judicial District",0649,1549,775,2324,4755,48.87%,554,1648,2202
"District Judge, 339th Judicial District",0650,2033,819,2852,4039,70.61%,1864,867,2731
"District Judge, 339th Judicial District",0651,1734,551,2285,3873,59.00%,1174,1007,2181
"District Judge, 339th Judicial District",0652,1165,545,1710,2979,57.40%,254,1404,1658
"District Judge, 339th Judicial District",0653,185,110,295,604,48.84%,67,214,281
"District Judge, 339th Judicial District",0654,2381,698,3079,5063,60.81%,1517,1404,2921
"District Judge, 339th Judicial District",0655,1959,761,2720,4495,60.51%,1424,1142,2566
"District Judge, 339th Judicial District",0656,1106,401,1507,2737,55.06%,69,1391,1460
"District Judge, 339th Judicial District",0657,683,276,959,1487,64.49%,313,595,908
"District Judge, 339th Judicial District",0658,1299,494,1793,2901,61.81%,1066,659,1725
"District Judge, 339th Judicial District",0659,2806,733,3539,5161,68.57%,2378,1002,3380
"District Judge, 339th Judicial District",0660,1575,345,1920,3087,62.20%,179,1680,1859
"District Judge, 339th Judicial District",0661,1945,774,2720,4363,62.34%,1293,1286,2579
"District Judge, 339th Judicial District",0662,2267,571,2838,4002,70.91%,2253,478,2731
"District Judge, 339th Judicial District",0663,1338,448,1786,2340,76.32%,870,770,1640
"District Judge, 339th Judicial District",0664,909,513,1422,2992,47.53%,257,1089,1346
"District Judge, 339th Judicial District",0665,1327,360,1687,2354,71.67%,1318,299,1617
"District Judge, 339th Judicial District",0666,0,0,0,0,0.00%,0,0,0
"District Judge, 339th Judicial District",0667,1109,400,1509,2175,69.38%,1089,346,1435
"District Judge, 339th Judicial District",0668,1552,719,2271,3669,61.90%,1319,863,2182
"District Judge, 339th Judicial District",0669,1889,702,2591,3585,72.27%,1698,769,2467
"District Judge, 339th Judicial District",0670,1996,416,2412,3335,72.32%,1839,464,2303
"District Judge, 339th Judicial District",0671,1398,588,1986,3198,62.10%,1044,854,1898
"District Judge, 339th Judicial District",0672,1724,489,2213,3433,64.46%,1482,656,2138
"District Judge, 339th Judicial District",0673,1525,467,2092,3051,68.57%,1631,381,2012
"District Judge, 339th Judicial District",0674,2354,610,2964,4228,70.10%,2086,760,2846
"District Judge, 339th Judicial District",0675,0,0,0,0,0.00%,0,0,0
"District Judge, 339th Judicial District",0676,1087,465,1552,2976,52.15%,561,909,1470
"District Judge, 339th Judicial District",0677,423,259,682,1300,52.46%,154,478,632
"District Judge, 339th Judicial District",0678,1164,294,1458,2660,54.81%,139,1266,1405
"District Judge, 339th Judicial District",0679,1718,529,2247,3542,63.44%,1522,605,2127
"District Judge, 339th Judicial District",0680,98,17,115,179,64.25%,47,64,111
Office,Precinct,Early Ballots Cast,Election Ballots Cast,Total Ballots Cast,Registered Voters,Percent Turnout,REP Mary McFaden,DEM Maria T. (Terri) Jackson,Totals
"District Judge, 339th Judicial District",0681,e,0,6,4,150.00%,4,2,6
"District Judge, 339th Judicial District",0682,2112,690,2802,4313,64.97%,1975,720,2695
"District Judge, 339th Judicial District",0683,82,5,87,302,28.81%,19,64,83
"District Judge, 339th Judicial District",0684,1580,640,2320,3559,65.19%,1377,834,2211
"District Judge, 339th Judicial District",0685,139,28,167,285,58.60%,79,70,149
"District Judge, 339th Judicial District",0686,53,5,58,221,26.24%,15,41,56
"District Judge, 339th Judicial District",0687,1510,400,1910,2713,70.40%,1207,589,1796
"District Judge, 339th Judicial District",0688,2333,594,2927,3922,74.63%,2243,579,2822
"District Judge, 339th Judicial District",0689,725,604,1330,2449,54.31%,536,701,1237
"District Judge, 339th Judicial District",0690,1957,553,2520,3614,69.73%,1881,525,2406
"District Judge, 339th Judicial District",0691,2131,551,2682,3690,72.68%,2013,574,2587
"District Judge, 339th Judicial District",0692,1278,678,1956,3118,62.73%,1332,520,1852
"District Judge, 339th Judicial District",0693,309,110,419,681,61.53%,107,289,396
"District Judge, 339th Judicial District",0694,1005,319,1324,2478,53.43%,511,760,1271
"District Judge, 339th Judicial District",0695,628,315,943,1842,51.19%,545,342,887
"District Judge, 339th Judicial District",0696,723,312,1035,2027,51.06%,599,401,1000
"District Judge, 339th Judicial District",0697,1299,552,1851,3238,57.16%,429,1341,1770
"District Judge, 339th Judicial District",0698,1275,520,1795,3339,53.76%,197,1532,1729
"District Judge, 339th Judicial District",0699,1276,398,1674,2387,70.13%,1011,546,1557
"District Judge, 339th Judicial District",0700,726,247,973,1536,63.35%,794,141,935
"District Judge, 339th Judicial District",0701,208,73,281,614,45.77%,113,145,258
"District Judge, 339th Judicial District",0702,183,69,252,550,45.82%,30,211,241
"District Judge, 339th Judicial District",0703,899,528,1427,1943,73.44%,973,383,1356
"District Judge, 339th Judicial District",0704,1698,512,2210,3121,70.81%,1756,372,2128
"District Judge, 339th Judicial District",0705,331,206,537,1513,35.49%,53,470,523
"District Judge, 339th Judicial District",0706,1248,372,1520,2821,57.43%,573,941,1514
"District Judge, 339th Judicial District",0707,377,69,446,757,58.92%,261,159,420
"District Judge, 339th Judicial District",0708,162,98,260,592,43.92%,76,174,250
"District Judge, 339th Judicial District",0709,2257,528,2785,4136,67.34%,1432,1239,2671
"District Judge, 339th Judicial District",0710,1132,450,1582,2096,75.48%,838,624,1462
"District Judge, 339th Judicial District",0711,1978,599,2577,3820,67.46%,1274,1177,2451
"District Judge, 339th Judicial District",0712,1720,627,2347,4002,58.65%,807,1465,2272
"District Judge, 339th Judicial District",0713,770,365,1135,2006,56.58%,516,567,1083
"District Judge, 339th Judicial District",0714,102,28,130,306,42.48%,58,64,122
Office,Precinct,Early Ballots Cast,Election Ballots Cast,Total Ballots Cast,Registered Voters,Percent Turnout,REP Mary McFaden,DEM Maria T. (Terri) Jackson,Totals
"District Judge, 339th Judicial District",0715,553,239,792,1549,51.13%,361,389,750
"District Judge, 339th Judicial District",0716,1215,419,1635,2720,60.11%,1122,446,1568
"District Judge, 339th Judicial District",0717,974,232,1206,2082,57.93%,152,1004,1156
"District Judge, 339th Judicial District",0718,2243,872,3115,4412,70.60%,1941,983,2924
"District Judge, 339th Judicial District",0719,624,223,847,1644,51.52%,404,394,798
"District Judge, 339th Judicial District",0720,2498,709,3207,4709,68.10%,2093,962,3055
"District Judge, 339th Judicial District",0721,1455,503,2059,2926,70.71%,1272,668,1940
"District Judge, 339th Judicial District",0722,1929,609,2538,4638,54.72%,153,2293,2446
"District Judge, 339th Judicial District",0723,897,261,1158,1959,59.11%,210,899,1109
"District Judge, 339th Judicial District",0724,395,146,541,800,67.63%,349,166,515
"District Judge, 339th Judicial District",0725,976,294,1270,2336,54.37%,480,712,1192
"District Judge, 339th Judicial District",0726,1271,321,1592,2207,72.13%,1355,185,1540
"District Judge, 339th Judicial District",0727,981,415,1396,2708,51.55%,355,990,1345
"District Judge, 339th Judicial District",0728,399,198,597,942,63.38%,345,218,563
"District Judge, 339th Judicial District",0729,235,49,284,471,60.30%,156,117,273
"District Judge, 339th Judicial District",0730,1360,406,1766,2435,72.53%,1087,575,1662
"District Judge, 339th Judicial District",0731,2087,624,2711,4834,56.08%,1086,1506,2592
"District Judge, 339th Judicial District",0732,791,449,1240,1943,63.82%,693,472,1165
"District Judge, 339th Judicial District",0733,55,25,80,303,26.40%,25,52,77
"District Judge, 339th Judicial District",0734,2307,556,2863,4294,66.67%,1818,932,2750
"District Judge, 339th Judicial District",0735,157,61,218,251,86.85%,113,96,209
"District Judge, 339th Judicial District",0736,14,3,17,42,40.48%,0,13,13
"District Judge, 339th Judicial District",0737,21,6,27,56,48.21%,20,7,27
"District Judge, 339th Judicial District",0738,435,214,649,1497,43.35%,100,531,631
"District Judge, 339th Judicial District",0739,978,440,1418,2971,47.73%,599,752,1351
"District Judge, 339th Judicial District",0740,280,169,449,1005,44.68%,220,203,423
"District Judge, 339th Judicial District",0741,923,262,1185,1895,62.53%,283,837,1120
"District Judge, 339th Judicial District",0742,1532,498,2030,2859,71.00%,1231,703,1934
"District Judge, 339th Judicial District",0743,54,60,114,234,48.72%,36,69,105
"District Judge, 339th Judicial District",0744,1009,444,1453,2103,69.09%,816,558,1374
"District Judge, 339th Judicial District",0745,1213,446,1659,2543,65.24%,972,599,1571
"District Judge, 339th Judicial District",0746,244,121,365,732,49.86%,162,174,336
"District Judge, 339th Judicial District",0747,1746,693,2439,4096,59.55%,1031,1290,2321
"District Judge, 339th Judicial District",0748,563,245,808,1556,51.93%,377,396,773
Office,Precinct,Early Ballots Cast,Election Ballots Cast,Total Ballots Cast,Registered Voters,Percent Turnout,REP Mary McFaden,DEM Maria T. (Terri) Jackson,Totals
"District Judge, 339th Judicial District",0749,115,1,116,432,26.85%,16,93,109
"District Judge, 339th Judicial District",0750,294,122,416,809,51.42%,222,168,390
"District Judge, 339th Judicial District",0751,2931,1013,3944,5893,66.93%,2337,1428,3765
"District Judge, 339th Judicial District",0752,659,227,886,1484,59.70%,572,268,840
"District Judge, 339th Judicial District",0753,258,53,311,512,60.74%,121,175,296
"District Judge, 339th Judicial District",0754,386,262,648,1590,40.75%,30,599,629
"District Judge, 339th Judicial District",0755,1782,955,2737,5015,54.58%,891,1698,2589
"District Judge, 339th Judicial District",0756,687,309,996,1723,57.81%,309,635,944
"District Judge, 339th Judicial District",0757,1867,601,2468,4792,51.50%,374,2013,2387
"District Judge, 339th Judicial District",0758,2104,595,2699,3803,70.97%,2008,566,2574
"District Judge, 339th Judicial District",0759,1389,375,1764,2779,63.48%,1008,668,1676
"District Judge, 339th Judicial District",0760,1219,268,1487,2162,68.78%,1182,241,1423
"District Judge, 339th Judicial District",0761,1088,167,1255,1598,78.54%,860,321,1181
"District Judge, 339th Judicial District",0762,924,303,1227,1828,67.12%,541,626,1167
"District Judge, 339th Judicial District",0763,370,264,634,1249,50.76%,183,412,595
"District Judge, 339th Judicial District",0764,2472,677,3149,4827,65.24%,1846,1143,2989
"District Judge, 339th Judicial District",0765,2051,874,2925,5742,50.94%,749,2059,2808
"District Judge, 339th Judicial District",0766,126,59,185,428,43.22%,26,138,164
"District Judge, 339th Judicial District",0767,31,15,46,92,50.00%,18,25,43
"District Judge, 339th Judicial District",0768,1479,387,1866,2643,70.60%,1418,364,1782
"District Judge, 339th Judicial District",0769,85,14,99,184,53.80%,6,91,97
"District Judge, 339th Judicial District",0770,103,42,145,388,37.37%,45,94,139
"District Judge, 339th Judicial District",0771,572,210,782,1588,49.24%,327,416,743
"District Judge, 339th Judicial District",0772,2805,477,3282,4606,71.25%,2356,770,3126
"District Judge, 339th Judicial District",0773,1693,638,2331,4414,52.81%,544,1626,2170
"District Judge, 339th Judicial District",0774,150,66,216,426,50.70%,54,156,210
"District Judge, 339th Judicial District",0775,50,1,51,102,50.00%,1,49,50
"District Judge, 339th Judicial District",0776,1432,538,1970,3276,60.13%,1082,798,1880
"District Judge, 339th Judicial District",0777,201,105,306,767,39.90%,74,221,295
"District Judge, 339th Judicial District",0778,0,3,3,0,0.00%,0,3,3
"District Judge, 339th Judicial District",0779,263,160,423,1019,41.51%,96,287,383
"District Judge, 339th Judicial District",0780,170,130,300,666,45.05%,93,184,277
"District Judge, 339th Judicial District",0781,1235,612,1847,3782,48.84%,557,1140,1697
"District Judge, 339th Judicial District",0782,1048,368,1416,2355,60.13%,821,513,1334
Office,Precinct,Early Ballots Cast,Election Ballots Cast,Total Ballots Cast,Registered Voters,Percent Turnout,REP Mary McFaden,DEM Maria T. (Terri) Jackson,Totals
"District Judge, 339th Judicial District",0783,197,90,287,520,55.19%,18,258,276
"District Judge, 339th Judicial District",0784,408,119,527,1062,49.62%,14,496,510
"District Judge, 339th Judicial District",0785,1229,357,1586,1896,83.65%,799,713,1512
"District Judge, 339th Judicial District",0786,396,177,573,1258,45.55%,170,370,540
"District Judge, 339th Judicial District",0787,180,83,263,542,48.52%,75,171,246
"District Judge, 339th Judicial District",0788,2,0,2,13,15.38%,2,0,2
"District Judge, 339th Judicial District",0789,1377,420,1797,2998,59.94%,1019,709,1728
"District Judge, 339th Judicial District",0790,1143,329,1472,2523,58.34%,486,927,1413
"District Judge, 339th Judicial District",0791,9,3,12,29,41.38%,2,10,12
"District Judge, 339th Judicial District",0792,648,415,1063,1954,54.40%,237,771,1008
"District Judge, 339th Judicial District",0793,984,416,1400,2620,53.44%,691,634,1325
"District Judge, 339th Judicial District",0794,626,411,1037,3208,32.33%,98,899,997
"District Judge, 339th Judicial District",0795,396,2,398,1281,31.07%,111,259,370
"District Judge, 339th Judicial District",0796,1371,465,1835,3041,60.37%,738,1034,1772
"District Judge, 339th Judicial District",0797,0,0,0,0,0.00%,0,0,0
"District Judge, 339th Judicial District",0798,222,142,364,521,69.87%,128,213,341
"District Judge, 339th Judicial District",0799,58,26,84,171,49.12%,13,70,83
"District Judge, 339th Judicial District",0800,1934,730,2664,4216,63.19%,1573,964,2537
"District Judge, 339th Judicial District",0801,90,44,134,261,51.34%,45,83,128
"District Judge, 339th Judicial District",0802,54,21,75,224,33.48%,18,53,71
"District Judge, 339th Judicial District",0803,2655,547,3212,4514,71.16%,2170,902,3072
"District Judge, 339th Judicial District",0804,2703,682,3385,5303,63.83%,1736,1520,3256
"District Judge, 339th Judicial District",0805,1597,454,2051,2874,71.36%,1563,398,1961
"District Judge, 339th Judicial District",0806,1001,324,1325,1889,70.14%,789,487,1276
"District Judge, 339th Judicial District",0807,792,349,1141,2163,52.75%,186,915,1101
"District Judge, 339th Judicial District",0808,142,57,199,232,85.78%,75,110,185
"District Judge, 339th Judicial District",0809,19,7,26,98,26.53%,13,12,25
"District Judge, 339th Judicial District",0810,47,31,78,197,39.59%,9,62,71
"District Judge, 339th Judicial District",0811,82,68,150,277,54.15%,33,111,144
"District Judge, 339th Judicial District",0812,0,0,0,0,0.00%,0,0,0
"District Judge, 339th Judicial District",0813,1742,434,2176,3488,62.39%,939,1155,2094
"District Judge, 339th Judicial District",0814,1968,827,2795,5483,50.98%,530,2159,2689
"District Judge, 339th Judicial District",0815,0,0,0,0,0.00%,0,0,0
"District Judge, 339th Judicial District",0816,23,10,33,64,51.56%,4,27,31
Office,Precinct,Early Ballots Cast,Election Ballots Cast,Total Ballots Cast,Registered Voters,Percent Turnout,REP Mary McFaden,DEM Maria T. (Terri) Jackson,Totals
"District Judge, 339th Judicial District",0817,2787,550,3337,4700,71.00%,2312,913,3225
"District Judge, 339th Judicial District",0818,208,104,312,737,42.33%,65,235,300
"District Judge, 339th Judicial District",0819,108,31,139,228,60.96%,67,57,124
"District Judge, 339th Judicial District",0820,0,0,0,0,0.00%,0,0,0
"District Judge, 339th Judicial District",0821,362,188,550,1295,42.47%,65,457,522
"District Judge, 339th Judicial District",0822,571,185,756,1574,48.03%,26,699,725
"District Judge, 339th Judicial District",0823,1339,410,1749,3017,57.97%,902,767,1669
"District Judge, 339th Judicial District",0824,1057,410,1467,2762,53.11%,306,1101,1407
"District Judge, 339th Judicial District",0825,9,7,15,21,76.19%,3,11,14
"District Judge, 339th Judicial District",0826,177,70,247,355,69.58%,123,102,225
"District Judge, 339th Judicial District",0827,218,234,452,1042,43.38%,145,291,436
"District Judge, 339th Judicial District",0828,1174,281,1455,1965,74.05%,1086,297,1383
"District Judge, 339th Judicial District",0829,101,19,120,235,51.06%,33,82,115
"District Judge, 339th Judicial District",0830,2,2,4,2,200.00%,4,0,4
"District Judge, 339th Judicial District",0831,8,5,13,36,36.11%,6,6,12
"District Judge, 339th Judicial District",0832,124,50,174,364,47.80%,41,123,164
"District Judge, 339th Judicial District",0833,3,2,5,20,25.00%,1,4,5
"District Judge, 339th Judicial District",0834,142,61,203,388,52.32%,21,179,200
"District Judge, 339th Judicial District",0835,87,71,158,311,50.80%,39,112,151
"District Judge, 339th Judicial District",0836,128,0,128,248,51.61%,11,107,118
"District Judge, 339th Judicial District",0837,0,0,0,0,0.00%,0,0,0
"District Judge, 339th Judicial District",0838,0,0,0,0,0.00%,0,0,0
"District Judge, 339th Judicial District",0839,419,174,593,1190,49.83%,123,444,567
"District Judge, 339th Judicial District",0840,829,228,1057,1780,59.38%,336,667,1003
"District Judge, 339th Judicial District",0841,1473,475,1948,3431,56.78%,437,1446,1883
"District Judge, 339th Judicial District",0842,1338,513,1851,3390,54.60%,697,1056,1753
"District Judge, 339th Judicial District",0843,595,298,893,1387,64.38%,153,698,851
"District Judge, 339th Judicial District",0844,4,0,4,10,40.00%,0,4,4
"District Judge, 339th Judicial District",0845,151,13,164,218,75.23%,98,57,155
"District Judge, 339th Judicial District",0846,61,22,83,229,36.24%,2,80,82
"District Judge, 339th Judicial District",0847,993,330,1323,2310,57.27%,341,928,1269
"District Judge, 339th Judicial District",0848,1011,201,1212,1875,64.64%,367,781,1148
"District Judge, 339th Judicial District",0849,731,455,1186,2272,52.20%,307,783,1090
"District Judge, 339th Judicial District",0850,129,19,148,208,71.15%,56,86,142
Office,Precinct,Early Ballots Cast,Election Ballots Cast,Total Ballots Cast,Registered Voters,Percent Turnout,REP Mary McFaden,DEM Maria T. (Terri) Jackson,Totals
"District Judge, 339th Judicial District",0851,1885,441,2326,3597,64.66%,1508,709,2217
"District Judge, 339th Judicial District",0852,0,0,0,1,0.00%,0,0,0
"District Judge, 339th Judicial District",0853,1637,487,2124,2986,71.13%,1550,485,2035
"District Judge, 339th Judicial District",0854,40,19,59,175,33.71%,8,49,57
"District Judge, 339th Judicial District",0855,7,2,9,21,42.86%,4,4,8
"District Judge, 339th Judicial District",0856,0,3,3,0,0.00%,0,1,1
"District Judge, 339th Judicial District",0857,0,0,0,1,0.00%,0,0,0
"District Judge, 339th Judicial District",0858,121,35,156,334,46.71%,4,143,147
"District Judge, 339th Judicial District",0859,391,143,534,945,56.51%,114,395,509
"District Judge, 339th Judicial District",0860,1,1,2,0,0.00%,0,2,2
"District Judge, 339th Judicial District",0861,777,272,1049,1941,54.04%,157,857,1014
"District Judge, 339th Judicial District",0862,1989,508,2497,3739,66.78%,1430,965,2395
"District Judge, 339th Judicial District",0863,192,64,256,581,44.06%,12,238,250
"District Judge, 339th Judicial District",0864,693,574,1267,2708,46.79%,279,911,1190
"District Judge, 339th Judicial District",0865,9,2,11,21,52.38%,1,10,11
"District Judge, 339th Judicial District",0866,0,0,0,0,0.00%,0,0,0
"District Judge, 339th Judicial District",0867,0,0,0,0,0.00%,0,0,0
"District Judge, 339th Judicial District",0868,736,495,1231,2446,50.33%,304,863,1167
"District Judge, 339th Judicial District",0869,165,55,220,480,45.83%,27,187,214
"District Judge, 339th Judicial District",0870,0,2,2,0,0.00%,2,0,2
"District Judge, 339th Judicial District",0871,2,1,3,3,100.00%,1,2,3
"District Judge, 339th Judicial District",0872,16,6,22,68,32.35%,12,10,22
"District Judge, 339th Judicial District",0873,296,111,407,778,52.31%,90,305,395
"District Judge, 339th Judicial District",0874,1681,670,2351,3294,71.37%,1652,591,2243
"District Judge, 339th Judicial District",0875,1947,501,2448,3592,68.15%,1127,1227,2354
"District Judge, 339th Judicial District",0876,1945,577,2522,3485,72.37%,1719,702,2421
"District Judge, 339th Judicial District",0877,1803,528,2331,3651,63.85%,876,1376,2252
"District Judge, 339th Judicial District",0878,685,110,795,1039,76.52%,622,140,762
"District Judge, 339th Judicial District",0879,1215,413,1628,2843,57.26%,665,892,1557
"District Judge, 339th Judicial District",0880,1354,471,1825,2467,73.98%,1330,427,1757
"District Judge, 339th Judicial District",0881,2465,927,3392,5638,60.16%,857,2418,3275
"District Judge, 339th Judicial District",0882,1952,595,2547,4317,59.00%,731,1702,2433
"District Judge, 339th Judicial District",0883,2252,928,3180,5613,56.65%,523,2529,3052
"District Judge, 339th Judicial District",0884,149,55,204,396,51.52%,29,170,199
Office,Precinct,Early Ballots Cast,Election Ballots Cast,Total Ballots Cast,Registered Voters,Percent Turnout,REP Mary McFaden,DEM Maria T. (Terri) Jackson,Totals
"District Judge, 339th Judicial District",0885,1570,323,1893,2811,67.34%,1044,783,1827
"District Judge, 339th Judicial District",0886,495,152,647,906,71.41,%,333,258,591
"District Judge, 339th Judicial District",0887,234,95,329,492,66.87%,168,128,296
"District Judge, 339th Judicial District",0888,817,289,1106,1867,59.24%,350,712,1062
"District Judge, 339th Judicial District",0889,113,28,141,238,59.24%,38,95,133
"District Judge, 339th Judicial District",0890,445,98,543,1214,44.73%,211,289,500
"District Judge, 339th Judicial District",0891,753,194,947,1376,68.82%,327,568,895
"District Judge, 339th Judicial District",0892,420,123,543,900,60.33%,176,329,505
"District Judge, 339th Judicial District",0893,1,4,5,9,55.56%,2,3,5
"District Judge, 339th Judicial District",0894,801,305,1106,2087,52.99%,145,918,1063
"District Judge, 339th Judicial District",0895,417,252,669,834,80.22%,275,338,613
"District Judge, 339th Judicial District",0896,838,254,1092,1467,74.44%,359,662,1021
"District Judge, 339th Judicial District",0897,812,365,1177,1766,66.65%,606,508,1114
"District Judge, 339th Judicial District",0898,792,301,1093,1821,60.02%,424,631,1055
"District Judge, 339th Judicial District",0899,745,165,911,1264,72.07%,557,328,885
"District Judge, 339th Judicial District",0900,7,0,7,12,58.33%,1,6,7
"District Judge, 339th Judicial District",0901,0,0,0,0,0.00%,0,0,0
"District Judge, 339th Judicial District",0902,1310,361,1671,2217,75.37%,823,720,1543
"District Judge, 339th Judicial District",0903,1314,354,1668,2558,65.21%,1199,410,1609
"District Judge, 339th Judicial District",0904,2,0,2,8,25.00%,1,1,2
"District Judge, 339th Judicial District",0905,390,136,526,946,55.60%,183,319,502
"District Judge, 339th Judicial District",0906,19,3,22,28,78.57%,14,8,22
"District Judge, 339th Judicial District",0907,53,37,90,201,44.78%,8,80,88
"District Judge, 339th Judicial District",0908,0,0,0,0,0.00%,0,0,0
"District Judge, 339th Judicial District",0909,7,1,8,21,38.10%,2,5,7
"District Judge, 339th Judicial District",0910,78,37,115,236,48.73%,34,73,107
"District Judge, 339th Judicial District",0911,237,63,300,576,52.08%,188,103,291
"District Judge, 339th Judicial District",0912,712,167,879,1341,65.55%,496,333,829
"District Judge, 339th Judicial District",0913,102,12,114,241,47.30%,21,89,110
"District Judge, 339th Judicial District",0914,42,0,42,124,33.87%,9,31,40
"District Judge, 339th Judicial District",0915,0,0,0,0,0.00%,0,0,0
"District Judge, 339th Judicial District",0916,1472,308,1780,2205,80.73%,1329,371,1700
"District Judge, 339th Judicial District",0917,33,9,42,147,28.57%,4,33,37
"District Judge, 339th Judicial District",0918,3,1,4,7,57.14%,1,3,4
Office,Precinct,Early Ballots Cast,Election Ballots Cast,Total Ballots Cast,Registered Voters,Percent Turnout,REP Mary McFaden,DEM Maria T. (Terri) Jackson,Totals
"District Judge, 339th Judicial District",0919,1,0,1,1,100.00%,0,1,1
"District Judge, 339th Judicial District",0920,41,13,54,79,68.35%,31,21,52
"District Judge, 339th Judicial District",0921,27,6,33,61,54.10%,7,26,33
"District Judge, 339th Judicial District",0922,0,0,0,0,0.00%,0,0,0
"District Judge, 339th Judicial District",0923,2331,350,2681,3536,75.82%,1982,631,2613
"District Judge, 339th Judicial District",0924,0,0,0,0,0.00%,0,0,0
"District Judge, 339th Judicial District",0925,0,0,0,0,0.00%,0,0,0
"District Judge, 339th Judicial District",0926,550,149,699,967,72.29%,469,198,667
"District Judge, 339th Judicial District",0927,966,173,1139,1771,64.31%,545,518,1063
"District Judge, 339th Judicial District",0928,4,1,5,7,71.43%,0,5,5
"District Judge, 339th Judicial District",0929,0,0,0,0,0.00%,0,0,0
"District Judge, 339th Judicial District",0930,217,83,300,606,49.50%,15,271,286
"District Judge, 339th Judicial District",0931,87,28,115,141,81.56%,49,56,105
"District Judge, 339th Judicial District",0932,0,1,1,0,0.00%,0,1,1
"District Judge, 339th Judicial District",0933,297,93,390,668,58.38%,123,254,377
"District Judge, 339th Judicial District",0934,9,4,13,37,35.14%,7,6,13
"District Judge, 339th Judicial District",0935,12,9,21,55,38.18%,9,11,20
"District Judge, 339th Judicial District",0936,23,9,32,76,42.11%,8,20,28
"District Judge, 339th Judicial District",0937,0,0,0,0,0.00%,0,0,0
"District Judge, 339th Judicial District",0938,72,19,91,255,35.69%,26,65,91
"District Judge, 339th Judicial District",0939,1,1,2,4,50.00%,1,1,2
"District Judge, 339th Judicial District",0940,9,3,12,28,42.86%,1,11,12
"District Judge, 339th Judicial District",0941,284,144,428,870,49.20%,202,199,401
"District Judge, 339th Judicial District",0942,102,16,118,152,77.63%,78,38,116
"District Judge, 339th Judicial District",0943,192,28,220,774,28.42%,47,159,206
"District Judge, 339th Judicial District",0944,1,0,1,1,100.00%,0,1,1
"District Judge, 339th Judicial District",0945,8,6,14,21,66.67%,1,13,14
"District Judge, 339th Judicial District",0946,4,2,6,14,42.86%,1,5,6
"District Judge, 339th Judicial District",0947,428,198,626,820,76.34%,307,275,582
"District Judge, 339th Judicial District",0948,0,0,0,1,0.00%,0,0,0
"District Judge, 339th Judicial District",0949,84,61,145,210,69.05%,68,67,135
"District Judge, 339th Judicial District",0950,0,0,0,0,0.00%,0,0,0
"District Judge, 339th Judicial District",0951,114,62,176,304,57.89%,39,126,165
"District Judge, 339th Judicial District",0952,32,15,47,65,72.31%,26,19,45
Office,Precinct,Early Ballots Cast,Election Ballots Cast,Total Ballots Cast,Registered Voters,Percent Turnout,REP Mary McFaden,DEM Maria T. (Terri) Jackson,Totals
"District Judge, 339th Judicial District",0953,4,0,4,8,50.00%,0,4,4
"District Judge, 339th Judicial District",0954,0,0,0,0,0.00%,0,0,0
"District Judge, 339th Judicial District",0955,3528,572,4100,5108,80.27%,2813,1090,3903
"District Judge, 339th Judicial District",0956,0,0,0,0,0.00%,0,0,0
"District Judge, 339th Judicial District",0957,282,39,321,585,54.87%,39,269,308
"District Judge, 339th Judicial District",0958,430,231,661,1202,54.99%,113,516,629
"District Judge, 339th Judicial District",0959,0,0,0,0,0.00%,0,0,0
"District Judge, 339th Judicial District",0960,829,235,1064,1471,72.33%,218,808,1026
"District Judge, 339th Judicial District",0961,820,318,1138,2369,48.04%,173,915,1088
"District Judge, 339th Judicial District",0962,33,12,45,88,51.14%,9,33,42
"District Judge, 339th Judicial District",0963,225,91,316,528,59.85%,126,168,294
"District Judge, 339th Judicial District",0964,2145,325,2470,3179,77.70%,1392,976,2368
"District Judge, 339th Judicial District",0965,101,35,136,345,39.42%,88,40,128
"District Judge, 339th Judicial District",0966,368,189,557,1332,41.82%,128,390,518
"District Judge, 339th Judicial District",0967,82,24,106,186,56.99%,39,62,101
"District Judge, 339th Judicial District",0968,455,127,582,906,64.24%,121,440,561
"District Judge, 339th Judicial District",0969,299,71,370,624,59.29%,9,350,359
"District Judge, 339th Judicial District",0970,223,102,325,810,40.12%,30,273,303
"District Judge, 339th Judicial District",0971,0,0,0,0,0.00%,0,0,0
"District Judge, 339th Judicial District",0972,0,0,0,0,0.00%,0,0,0
"District Judge, 339th Judicial District",0973,504,138,642,999,64.26%,412,199,611
"District Judge, 339th Judicial District",0974,0,1,1,0,0.00%,1,0,1
"District Judge, 339th Judicial District",0975,104,26,130,190,68.42%,54,66,120
"District Judge, 339th Judicial District",0976,190,152,342,712,48.03%,166,154,320
"District Judge, 339th Judicial District",0977,160,108,268,617,43.44%,90,168,258
"District Judge, 339th Judicial District",0978,0,0,0,0,0.00%,0,0,0
"District Judge, 339th Judicial District",0979,0,0,0,0,0.00%,0,0,0
"District Judge, 339th Judicial District",0980,686,333,1019,1412,72.17%,704,259,963
"District Judge, 339th Judicial District",0981,12,2,14,31,45.16%,1,12,13
"District Judge, 339th Judicial District",0982,1898,501,2399,2916,82.27%,1771,528,2299
"District Judge, 339th Judicial District",0983,55,17,82,198,41.41,%,43,37,80
"District Judge, 339th Judicial District",0984,75,57,133,341,39.00%,10,121,131
"District Judge, 339th Judicial District",0985,222,56,278,355,78.31%,122,142,264
"District Judge, 339th Judicial District",0986,153,78,231,537,43.02%,23,200,223
Office,Precinct,Early Ballots Cast,Election Ballots Cast,Total Ballots Cast,Registered Voters,Percent Turnout,REP Mary McFaden,DEM Maria T. (Terri) Jackson,Totals
"District Judge, 339th Judicial District",0987,476,130,606,1183,51.23%,38,543,581
"District Judge, 339th Judicial District",0988,62,15,77,117,65.81%,67,6,73
"District Judge, 339th Judicial District",0989,0,0,0,0,0.00%,0,0,0
"District Judge, 339th Judicial District",0990,5,6,11,66,16.67%,3,8,11
"District Judge, 339th Judicial District",0991,0,1,1,2,50.00%,0,1,1
"District Judge, 339th Judicial District",0992,456,106,562,1075,52.28%,256,268,524
"District Judge, 339th Judicial District",0993,0,0,0,0,0.00%,0,0,0
"District Judge, 339th Judicial District",0994,56,12,68,75,90.67%,20,46,66
"District Judge, 339th Judicial District",0995,753,193,946,1576,60.03%,89,817,906
"District Judge, 339th Judicial District",0996,403,70,473,708,66.81%,249,194,443
"District Judge, 339th Judicial District",0997,521,283,804,1909,42.12%,131,651,782
"District Judge, 339th Judicial District",0998,24,12,36,68,52.94%,22,12,34
"District Judge, 339th Judicial District",0999,0,0,0,0,0.00%,0,0,0
"District Judge, 339th Judicial District",1000,122,22,144,428,33.64%,21,118,139
"District Judge, 339th Judicial District",1001,519,280,799,1654,48.31%,149,607,756
"District Judge, 339th Judicial District",1002,480,270,750,1804,41.57%,104,603,707
"District Judge, 339th Judicial District",1003,0,0,0,0,0.00%,0,0,0
"District Judge, 339th Judicial District",1004,349,114,463,691,67.00%,220,215,435
"District Judge, 339th Judicial District",1005,0,0,0,0,0.00%,0,0,0
"District Judge, 339th Judicial District",1006,0,0,0,0,0.00%,0,0,0
"District Judge, 339th Judicial District",1007,694,306,1000,1775,56.34%,209,745,954
"District Judge, 339th Judicial District",1008,620,107,727,1011,71.91%,556,136,692
"District Judge, 339th Judicial District",1009,0,0,0,0,0.00%,0,0,0
"District Judge, 339th Judicial District",1010,292,96,388,647,59.97%,68,304,372
"District Judge, 339th Judicial District",1011,9,6,15,31,48.39%,10,5,15
"District Judge, 339th Judicial District",1012,543,362,905,1633,55.42%,211,641,852
"District Judge, 339th Judicial District",Totals;,981446,353327,1334773,2182980,601472,665081,1266553
