Office,Precinct,Early Ballots Cast,Election Ballots Cast,Total Ballots Cast,Registered Voters,Percent Turnout,REP Don Self,DEM Robert K. Schaffer,Totals
"District Judge, 152nd Judicial District",0001,1416,496,1912,2682,71.29%,618,1155,1773
"District Judge, 152nd Judicial District",0002,1000,370,1370,2099,65.27%,528,748,1276
"District Judge, 152nd Judicial District",0003,875,336,1211,1625,74.52%,400,713,1113
"District Judge, 152nd Judicial District",0004,954,369,1323,1709,77.41%,406,817,1223
"District Judge, 152nd Judicial District",0005,759,380,1139,1470,77.48%,380,676,1056
"District Judge, 152nd Judicial District",0006,1840,628,2468,4084,60.43%,1152,1191,2343
"District Judge, 152nd Judicial District",0007,430,125,555,1002,55.39%,18,519,537
"District Judge, 152nd Judicial District",0008,889,351,1240,1848,67.10%,543,631,1174
"District Judge, 152nd Judicial District",0009,658,312,970,1861,52.12%,219,674,893
"District Judge, 152nd Judicial District",0010,701,232,933,1830,50.98%,165,676,841
"District Judge, 152nd Judicial District",0011,617,258,875,1748,50.06%,157,645,802
"District Judge, 152nd Judicial District",0012,230,65,295,731,40.36%,143,135,278
"District Judge, 152nd Judicial District",0013,1230,382,1612,2751,58.60%,1001,509,1510
"District Judge, 152nd Judicial District",0014,989,429,1418,1924,73.70%,633,699,1332
"District Judge, 152nd Judicial District",0015,1489,849,2338,2852,81.98%,1164,1006,2170
"District Judge, 152nd Judicial District",0016,676,189,865,1284,67.37%,385,435,820
"District Judge, 152nd Judicial District",0017,451,293,744,1198,62.10%,276,413,689
"District Judge, 152nd Judicial District",0018,743,367,1110,1456,76.24%,456,586,1042
"District Judge, 152nd Judicial District",0019,547,293,940,1288,72.98%,282,598,880
"District Judge, 152nd Judicial District",0020,1007,335,1342,2780,48.27%,400,850,1250
"District Judge, 152nd Judicial District",0021,539,207,746,1229,60.70%,150,560,710
"District Judge, 152nd Judicial District",0022,935,419,1354,2501,54.14%,203,1093,1296
"District Judge, 152nd Judicial District",0023,132,74,206,551,37.39%,30,166,196
"District Judge, 152nd Judicial District",0024,292,36,328,712,46.07%,55,259,314
"District Judge, 152nd Judicial District",0025,239,292,531,1105,48.05%,21,494,515
"District Judge, 152nd Judicial District",0026,834,313,1147,1969,58.25%,214,845,1059
"District Judge, 152nd Judicial District",0027,1391,508,1899,3271,58.06%,356,1400,1756
"District Judge, 152nd Judicial District",0028,1513,446,1959,3307,59.24%,1067,813,1880
"District Judge, 152nd Judicial District",0029,648,490,1138,2722,41.81%,328,739,1067
"District Judge, 152nd Judicial District",0030,1285,546,1831,2818,64.98%,503,1198,1701
"District Judge, 152nd Judicial District",0031,784,453,1237,2656,46.57%,37,1151,1188
"District Judge, 152nd Judicial District",0032,1245,504,1749,2728,64.11%,699,916,1615
"District Judge, 152nd Judicial District",0033,2072,554,2525,3907,67.21%,878,1533,2411
"District Judge, 152nd Judicial District",0034,1511,517,2128,3044,69.91%,417,1599,2016
Office,Precinct,Early Ballots Cast,Election Ballots Cast,Total Ballots Cast,Registered Voters,Percent Turnout,REP Don Self,DEM Robert K. Schaffer,Totals
"District Judge, 152nd Judicial District",0035,5,0,5,14,35.71%,3,2,5
"District Judge, 152nd Judicial District",0036,1032,516,1548,3100,49.94%,318,1144,1462
"District Judge, 152nd Judicial District",0037,1521,409,1930,2467,78.23%,597,1188,1785
"District Judge, 152nd Judicial District",0038,1876,436,2312,3081,75.04%,689,1470,2159
"District Judge, 152nd Judicial District",0039,1703,492,2195,3070,71.50%,518,1526,2044
"District Judge, 152nd Judicial District",0040,275,107,382,527,72.49%,150,202,352
"District Judge, 152nd Judicial District",0041,712,264,976,1518,64.30%,389,544,933
"District Judge, 152nd Judicial District",0042,438,109,547,1062,51.51%,12,524,536
"District Judge, 152nd Judicial District",0043,815,300,1115,1972,56.54%,438,606,1044
"District Judge, 152nd Judicial District",0044,726,310,1036,2126,48.73%,197,740,937
"District Judge, 152nd Judicial District",0045,2263,1021,3284,5740,57.21%,611,2505,3116
"District Judge, 152nd Judicial District",0046,875,341,1216,2568,47.35%,169,971,1140
"District Judge, 152nd Judicial District",0047,505,268,773,1618,47.78%,40,709,749
"District Judge, 152nd Judicial District",0048,348,168,516,967,53.36%,47,437,484
"District Judge, 152nd Judicial District",0049,1545,731,2277,3709,61.39%,1475,704,2179
"District Judge, 152nd Judicial District",0050,1836,680,2516,4314,58.32%,1164,1255,2419
"District Judge, 152nd Judicial District",0051,828,271,1099,1734,63.38%,787,267,1054
"District Judge, 152nd Judicial District",0052,1400,456,1856,2581,71.91%,795,930,1725
"District Judge, 152nd Judicial District",0053,1675,613,2288,3083,74.21%,846,1257,2103
"District Judge, 152nd Judicial District",0054,1052,211,1263,1619,78.01%,560,602,1162
"District Judge, 152nd Judicial District",0055,1252,410,1672,2094,79.85%,639,898,1537
"District Judge, 152nd Judicial District",0056,698,283,981,1393,70.42%,534,389,923
"District Judge, 152nd Judicial District",0057,2043,567,2610,3325,78.50%,904,1508,2412
"District Judge, 152nd Judicial District",0058,1716,484,2200,3031,72.58%,906,1141,2047
"District Judge, 152nd Judicial District",0059,1589,439,2028,2671,75.93%,749,1147,1896
"District Judge, 152nd Judicial District",0060,1473,537,2010,2766,72.67%,464,1408,1872
"District Judge, 152nd Judicial District",0061,519,423,942,1847,51.00%,238,640,878
"District Judge, 152nd Judicial District",0062,689,452,1141,2195,51.98%,194,862,1056
"District Judge, 152nd Judicial District",0063,767,391,1158,1903,60.85%,896,210,1106
"District Judge, 152nd Judicial District",0064,678,368,1046,2220,47.12%,189,778,967
"District Judge, 152nd Judicial District",0065,638,435,1073,2178,49.27%,158,852,1010
"District Judge, 152nd Judicial District",0066,247,255,502,1135,44.23%,82,384,466
"District Judge, 152nd Judicial District",0067,942,521,1463,3019,48.46%,267,1079,1346
"District Judge, 152nd Judicial District",0068,1171,430,1601,3096,51.71%,33,1508,1541
Office,Precinct,Early Ballots Cast,Election Ballots Cast,Total Ballots Cast,Registered Voters,Percent Turnout,REP Don Self,DEM Robert K. Schaffer,Totals
"District Judge, 152nd Judicial District",0069,375,222,597,1309,45.61%,83,458,541
"District Judge, 152nd Judicial District",0070,2288,670,2958,3815,77.54%,1534,1244,2778
"District Judge, 152nd Judicial District",0071,2703,947,3650,5016,72.77%,1679,1738,3417
"District Judge, 152nd Judicial District",0072,736,418,1154,2029,56.88%,261,815,1076
"District Judge, 152nd Judicial District",0073,813,282,1095,1621,67.55%,509,508,1017
"District Judge, 152nd Judicial District",0074,2503,268,2771,3578,77.45%,1979,656,2635
"District Judge, 152nd Judicial District",0075,1000,286,1286,1684,76.37%,519,676,1195
"District Judge, 152nd Judicial District",0076,1015,427,1442,2441,59.07%,668,692,1360
"District Judge, 152nd Judicial District",0077,2,5,7,17,41.18%,1,6,7
"District Judge, 152nd Judicial District",0078,618,254,872,1608,54.23%,203,594,797
"District Judge, 152nd Judicial District",0079,831,602,1433,2963,48.36%,232,1087,1319
"District Judge, 152nd Judicial District",0080,1174,466,1640,2840,57.75%,331,1216,1547
"District Judge, 152nd Judicial District",0081,776,273,1049,1964,53.41%,277,709,986
"District Judge, 152nd Judicial District",0082,1585,756,2341,3539,66.15%,1638,604,2242
"District Judge, 152nd Judicial District",0083,1829,540,2369,4174,56.76%,847,1426,2273
"District Judge, 152nd Judicial District",0084,573,257,830,1421,58.41%,563,236,799
"District Judge, 152nd Judicial District",0085,587,329,916,2169,42.23%,34,840,874
"District Judge, 152nd Judicial District",0086,2032,493,2525,3449,73.21%,1089,1274,2363
"District Judge, 152nd Judicial District",0087,1451,719,2170,2839,76.44%,1168,874,2042
"District Judge, 152nd Judicial District",0088,338,141,479,784,61.10%,303,151,454
"District Judge, 152nd Judicial District",0089,398,424,822,1094,75.14%,387,378,765
"District Judge, 152nd Judicial District",0090,1856,890,2746,3883,70.72%,1948,673,2621
"District Judge, 152nd Judicial District",0091,673,339,1012,1724,58.70%,536,408,944
"District Judge, 152nd Judicial District",0092,1263,474,1737,2260,76.86%,1056,577,1633
"District Judge, 152nd Judicial District",0093,1048,619,1667,3536,47.14%,446,1137,1583
"District Judge, 152nd Judicial District",0094,202,63,265,580,45.69%,45,207,252
"District Judge, 152nd Judicial District",0095,2022,534,2556,3394,75.31%,1537,891,2428
"District Judge, 152nd Judicial District",0096,828,306,1134,2060,55.05%,147,936,1083
"District Judge, 152nd Judicial District",0097,2511,467,2978,4414,67.47%,2176,663,2839
"District Judge, 152nd Judicial District",0098,1385,594,1979,3161,62.61%,1597,304,1901
"District Judge, 152nd Judicial District",0099,681,295,976,2192,44.53%,393,538,931
"District Judge, 152nd Judicial District",0100,529,276,805,1825,44.11%,311,462,773
"District Judge, 152nd Judicial District",0101,221,129,350,988,35.43%,79,258,337
"District Judge, 152nd Judicial District",0102,580,227,807,1907,42.32%,194,568,762
Office,Precinct,Early Ballots Cast,Election Ballots Cast,Total Ballots Cast,Registered Voters,Percent Turnout,REP Don Self,DEM Robert K. Schaffer,Totals
"District Judge, 152nd Judicial District",0103,2140,985,3125,5097,61.31%,1460,1555,3015
"District Judge, 152nd Judicial District",0104,913,211,1124,1920,58.54%,24,1071,1095
"District Judge, 152nd Judicial District",0105,709,433,1142,2304,49.57%,262,800,1062
"District Judge, 152nd Judicial District",0106,73,59,132,299,44.15%,39,90,129
"District Judge, 152nd Judicial District",0107,592,403,995,2230,44.62%,143,809,952
"District Judge, 152nd Judicial District",0108,1461,448,1909,3674,51.96%,879,909,1788
"District Judge, 152nd Judicial District",0109,1098,278,1376,2909,47.30%,31,1294,1325
"District Judge, 152nd Judicial District",0110,1661,481,2142,3222,66.48%,1197,853,2050
"District Judge, 152nd Judicial District",0111,2699,866,3565,4792,74.39%,2413,985,3398
"District Judge, 152nd Judicial District",0112,1507,598,2105,3188,66.03%,1353,654,2007
"District Judge, 152nd Judicial District",0113,1307,418,1725,2718,63.47%,858,797,1655
"District Judge, 152nd Judicial District",0114,2290,506,2796,3885,71.97%,1982,699,2681
"District Judge, 152nd Judicial District",0115,609,272,881,1843,47.80%,81,761,842
"District Judge, 152nd Judicial District",0116,1898,599,2497,3194,78.18%,1741,640,2381
"District Judge, 152nd Judicial District",0117,573,379,952,1900,50.11%,306,580,886
"District Judge, 152nd Judicial District",0118,1823,530,2353,3181,73.97%,1165,1067,2232
"District Judge, 152nd Judicial District",0119,2755,409,3164,4682,67.58%,2383,635,3018
"District Judge, 152nd Judicial District",0120,1804,588,2392,3732,64.09%,1340,922,2262
"District Judge, 152nd Judicial District",0121,354,221,575,966,59.52%,347,210,557
"District Judge, 152nd Judicial District",0122,732,284,1016,1904,53.36%,49,924,973
"District Judge, 152nd Judicial District",0123,749,287,1036,1585,65.36%,249,734,983
"District Judge, 152nd Judicial District",0124,3136,888,4024,5393,74.62%,3081,810,3891
"District Judge, 152nd Judicial District",0125,1207,400,1607,2593,61.97%,826,712,1538
"District Judge, 152nd Judicial District",0126,2017,427,2444,3380,72.31%,2021,321,2342
"District Judge, 152nd Judicial District",0127,978,214,1192,2091,57.01%,807,317,1124
"District Judge, 152nd Judicial District",0128,1107,612,1719,2322,74.03%,890,719,1609
"District Judge, 152nd Judicial District",0129,2540,1052,3592,5172,69.45%,1927,1466,3393
"District Judge, 152nd Judicial District",0130,1310,433,1743,2289,76.15%,1173,491,1664
"District Judge, 152nd Judicial District",0131,798,371,1169,2147,54.45%,228,904,1132
"District Judge, 152nd Judicial District",0132,1028,322,1350,2378,56.77%,38,1283,1321
"District Judge, 152nd Judicial District",0133,1411,746,2157,2690,80.19%,1036,961,1997
"District Judge, 152nd Judicial District",0134,593,345,938,1513,62.00%,350,534,884
"District Judge, 152nd Judicial District",0135,1614,551,2165,2777,77.96%,1228,812,2040
"District Judge, 152nd Judicial District",0136,982,352,1334,2116,63.04%,71,1198,1269
Office,Precinct,Early Ballots Cast,Election Ballots Cast,Total Ballots Cast,Registered Voters,Percent Turnout,REP Don Self,DEM Robert K. Schaffer,Totals
"District Judge, 152nd Judicial District",0137,993,259,1252,1986,63.04%,812,388,1200
"District Judge, 152nd Judicial District",0138,600,228,828,1723,48.06%,32,774,806
"District Judge, 152nd Judicial District",0139,1939,601,2540,3435,73.94%,1029,1315,2344
"District Judge, 152nd Judicial District",0140,1513,510,2023,3270,61.87%,283,1624,1907
"District Judge, 152nd Judicial District",0141,217,153,370,904,40.93%,182,159,341
"District Judge, 152nd Judicial District",0142,293,140,433,933,46.41%,76,325,401
"District Judge, 152nd Judicial District",0143,1868,267,2135,2582,82.69%,1358,703,2061
"District Judge, 152nd Judicial District",0144,442,125,567,1086,52.21%,18,528,546
"District Judge, 152nd Judicial District",0145,560,256,816,1564,52.17%,14,775,789
"District Judge, 152nd Judicial District",0146,1000,494,1494,2073,72.07%,565,833,1398
"District Judge, 152nd Judicial District",0147,1411,354,1765,3211,54.97%,212,1494,1706
"District Judge, 152nd Judicial District",0148,1265,652,1917,2571,74.56%,630,1159,1789
"District Judge, 152nd Judicial District",0149,2938,573,3511,4756,73.82%,1872,1505,3377
"District Judge, 152nd Judicial District",0150,582,223,805,1574,51.14%,29,746,775
"District Judge, 152nd Judicial District",0151,282,107,389,826,47.09%,15,357,372
"District Judge, 152nd Judicial District",0152,838,524,1362,3059,44.52%,257,1024,1281
"District Judge, 152nd Judicial District",0153,544,399,943,1873,50.35%,193,698,891
"District Judge, 152nd Judicial District",0154,913,289,1202,2293,52.42%,221,882,1103
"District Judge, 152nd Judicial District",0155,2275,576,2851,4065,70.14%,1712,1002,2714
"District Judge, 152nd Judicial District",0156,1413,403,1815,3223,56.35%,82,1652,1734
"District Judge, 152nd Judicial District",0157,880,278,1158,2265,51.13%,55,1066,1121
"District Judge, 152nd Judicial District",0158,1143,365,1508,3049,49.46%,34,1432,1466
"District Judge, 152nd Judicial District",0159,348,147,495,997,49.65%,69,407,476
"District Judge, 152nd Judicial District",0160,286,67,353,717,49.23%,15,321,336
"District Judge, 152nd Judicial District",0161,378,173,551,992,55.54%,13,515,528
"District Judge, 152nd Judicial District",0162,364,267,631,1312,48.09%,147,435,582
"District Judge, 152nd Judicial District",0163,1080,524,1604,3075,52.16%,408,1026,1434
"District Judge, 152nd Judicial District",0164,441,258,699,1407,49.68%,22,648,670
"District Judge, 152nd Judicial District",0165,1169,469,1638,2460,66.59%,862,672,1534
"District Judge, 152nd Judicial District",0166,562,261,823,1171,70.28%,240,526,766
"District Judge, 152nd Judicial District",0167,5,2,7,24,29.17%,0,6,6
"District Judge, 152nd Judicial District",0168,196,59,255,512,49.80%,5,246,251
"District Judge, 152nd Judicial District",0169,985,247,1232,2548,48.35%,36,1152,1188
"District Judge, 152nd Judicial District",0170,553,262,925,1958,47.24%,400,461,861
Office,Precinct,Early Ballots Cast,Election Ballots Cast,Total Ballots Cast,Registered Voters,Percent Turnout,REP Don Self,DEM Robert K. Schaffer,Totals
"District Judge, 152nd Judicial District",0171,482,283,765,1648,46.42%,40,688,728
"District Judge, 152nd Judicial District",0172,245,103,348,661,52.65%,81,248,329
"District Judge, 152nd Judicial District",0173,2259,683,2942,3966,74.18%,2125,680,2805
"District Judge, 152nd Judicial District",0174,1715,707,2423,3389,71.50%,1511,766,2277
"District Judge, 152nd Judicial District",0175,1402,691,2093,2711,77.20%,900,1039,1939
"District Judge, 152nd Judicial District",0176,767,375,1142,1533,74.49%,467,602,1069
"District Judge, 152nd Judicial District",0177,937,333,1270,1715,74.05%,611,569,1180
"District Judge, 152nd Judicial District",0178,1116,273,1389,1795,77.38%,804,484,1288
"District Judge, 152nd Judicial District",0179,771,244,1015,1673,60.67%,445,503,948
"District Judge, 152nd Judicial District",0180,928,463,1391,2914,47.74%,42,1290,1332
"District Judge, 152nd Judicial District",0181,697,439,1136,2195,51.75%,237,844,1081
"District Judge, 152nd Judicial District",0182,1943,994,2937,4071,72.14%,1346,1385,2731
"District Judge, 152nd Judicial District",0183,1286,715,2001,2535,78.93%,1081,784,1865
"District Judge, 152nd Judicial District",0184,278,219,497,1048,47.42%,120,344,464
"District Judge, 152nd Judicial District",0185,709,444,1153,2054,56.13%,287,794,1081
"District Judge, 152nd Judicial District",0186,252,150,402,798,50.38%,30,354,384
"District Judge, 152nd Judicial District",0187,95,51,147,309,47.57%,19,116,135
"District Judge, 152nd Judicial District",0188,499,306,805,1711,47.05%,245,523,768
"District Judge, 152nd Judicial District",0189,804,279,1083,1505,71.96%,562,454,1016
"District Judge, 152nd Judicial District",0190,571,326,897,1849,48.51%,246,600,846
"District Judge, 152nd Judicial District",0191,327,259,586,1408,41.62%,163,395,558
"District Judge, 152nd Judicial District",0192,757,259,1016,1959,51.86%,60,914,974
"District Judge, 152nd Judicial District",0193,375,211,586,1099,53.32%,22,537,559
"District Judge, 152nd Judicial District",0194,1138,449,1587,2172,73.07%,396,1095,1491
"District Judge, 152nd Judicial District",0195,606,344,950,1739,54.63%,46,854,900
"District Judge, 152nd Judicial District",0196,132,37,169,313,53.99%,12,145,157
"District Judge, 152nd Judicial District",0197,995,372,1368,2969,46.08%,37,1283,1320
"District Judge, 152nd Judicial District",0198,161,82,243,619,39.26%,12,222,234
"District Judge, 152nd Judicial District",0199,1929,815,2744,4063,67.54%,1988,636,2624
"District Judge, 152nd Judicial District",0200,2307,377,2684,3692,72.70%,1086,1425,2511
"District Judge, 152nd Judicial District",0201,221,105,326,773,42.17%,10,309,319
"District Judge, 152nd Judicial District",0202,421,233,654,1410,46.38%,21,605,626
"District Judge, 152nd Judicial District",0203,298,111,409,988,41.40%,62,318,380
"District Judge, 152nd Judicial District",0204,2099,577,2676,3568,75.00%,1297,1171,2468
Office,Precinct,Early Ballots Cast,Election Ballots Cast,Total Ballots Cast,Registered Voters,Percent Turnout,REP Don Self,DEM Robert K. Schaffer,Totals
"District Judge, 152nd Judicial District",0205,771,171,942,1724,54.64%,23,896,919
"District Judge, 152nd Judicial District",0206,1277,494,1771,2965,59.73%,473,1164,1637
"District Judge, 152nd Judicial District",0207,605,212,817,1166,70.07%,233,527,760
"District Judge, 152nd Judicial District",0208,909,338,1247,2256,55.27%,270,888,1158
"District Judge, 152nd Judicial District",0209,0,0,0,0,0.00%,0,0,0
"District Judge, 152nd Judicial District",0210,1259,489,1748,2781,62.86%,256,1416,1672
"District Judge, 152nd Judicial District",0211,964,595,1559,3130,49.81%,404,1049,1453
"District Judge, 152nd Judicial District",0212,309,323,632,1370,46.13%,95,494,589
"District Judge, 152nd Judicial District",0213,1782,795,2577,3406,75.66%,1818,642,2460
"District Judge, 152nd Judicial District",0214,1016,418,1434,1911,75.04%,755,574,1329
"District Judge, 152nd Judicial District",0215,1096,636,1732,2286,75.77%,847,777,1624
"District Judge, 152nd Judicial District",0216,778,244,1022,1966,51.98%,61,917,978
"District Judge, 152nd Judicial District",0217,1545,618,2163,2736,79.06%,1144,899,2043
"District Judge, 152nd Judicial District",0218,1099,457,1555,2467,63.07%,343,1086,1429
"District Judge, 152nd Judicial District",0219,1117,515,1632,2868,56.90%,134,1411,1545
"District Judge, 152nd Judicial District",0220,832,306,1138,2362,48.18%,687,385,1072
"District Judge, 152nd Judicial District",0221,1032,473,1505,2598,57.93%,452,955,1407
"District Judge, 152nd Judicial District",0222,1460,671,2131,2728,78.12%,828,1142,1970
"District Judge, 152nd Judicial District",0223,1750,517,2267,3664,61.87%,536,1573,2109
"District Judge, 152nd Judicial District",0224,1155,495,1551,2313,71.81%,665,880,1545
"District Judge, 152nd Judicial District",0225,1353,596,1949,3689,52.83%,799,1060,1859
"District Judge, 152nd Judicial District",0226,840,421,1261,2554,49.37%,232,968,1200
"District Judge, 152nd Judicial District",0227,1071,359,1430,1810,79.01%,896,464,1360
"District Judge, 152nd Judicial District",0228,625,159,784,1175,66.72%,42,726,768
"District Judge, 152nd Judicial District",0229,227,168,395,828,47.71%,106,263,369
"District Judge, 152nd Judicial District",0230,353,155,518,1094,47.35%,22,477,499
"District Judge, 152nd Judicial District",0231,801,445,1246,2376,52.44%,239,942,1181
"District Judge, 152nd Judicial District",0232,941,438,1379,1826,75.52%,648,637,1285
"District Judge, 152nd Judicial District",0233,2571,703,3274,4713,69.47%,1359,1694,3053
"District Judge, 152nd Judicial District",0234,2419,728,3147,4042,77.86%,2077,900,2977
"District Judge, 152nd Judicial District",0235,461,203,664,1421,46.73%,27,604,631
"District Judge, 152nd Judicial District",0236,555,308,964,2104,45.82%,45,892,937
"District Judge, 152nd Judicial District",0237,739,312,1051,2146,48.97%,22,997,1019
"District Judge, 152nd Judicial District",0238,606,317,923,1948,47.38%,25,861,886
Office,Precinct,Early Ballots Cast,Election Ballots Cast,Total Ballots Cast,Registered Voters,Percent Turnout,REP Don Self,DEM Robert K. Schaffer,Totals
"District Judge, 152nd Judicial District",0239,694,334,1028,1984,51.81,%,32,972,1004
"District Judge, 152nd Judicial District",0240,1007,292,1299,2601,49.94%,28,1238,1266
"District Judge, 152nd Judicial District",0241,651,383,1034,2466,41.93%,315,675,990
"District Judge, 152nd Judicial District",0242,506,314,820,1744,47.02%,350,410,760
"District Judge, 152nd Judicial District",0243,244,42,286,475,60.21%,5,278,283
"District Judge, 152nd Judicial District",0244,1409,538,1947,3296,59.07%,884,967,1851
"District Judge, 152nd Judicial District",0245,2100,811,2911,4679,62.21%,1773,988,2761
"District Judge, 152nd Judicial District",0246,2209,482,2691,3971,67.77%,1617,969,2586
"District Judge, 152nd Judicial District",0247,440,376,816,1595,51.16%,20,780,800
"District Judge, 152nd Judicial District",0248,453,347,800,2147,37.26%,169,586,755
"District Judge, 152nd Judicial District",0249,1124,365,1489,2825,52.71%,905,537,1442
"District Judge, 152nd Judicial District",0250,288,183,471,925,50.92%,18,444,462
"District Judge, 152nd Judicial District",0251,806,378,1184,2132,55.53%,60,1079,1139
"District Judge, 152nd Judicial District",0252,925,309,1235,2292,53.88%,27,1175,1202
"District Judge, 152nd Judicial District",0253,759,311,1070,2154,49.68%,28,1016,1044
"District Judge, 152nd Judicial District",0254,411,280,691,1675,41.25%,142,512,654
"District Judge, 152nd Judicial District",0255,1253,586,1839,2489,73.89%,708,1007,1715
"District Judge, 152nd Judicial District",0256,1398,583,1981,3321,59.65%,618,1236,1854
"District Judge, 152nd Judicial District",0257,997,622,1619,3497,46.30%,346,1195,1541
"District Judge, 152nd Judicial District",0258,1948,608,2555,3346,76.39%,1698,722,2420
"District Judge, 152nd Judicial District",0259,1030,414,1444,2312,62.46%,31,1375,1406
"District Judge, 152nd Judicial District",0260,547,227,774,1300,59.54%,357,372,729
"District Judge, 152nd Judicial District",0261,442,531,973,1457,66.78%,251,660,911
"District Judge, 152nd Judicial District",0262,1847,676,2523,4397,57.38%,1264,1114,2378
"District Judge, 152nd Judicial District",0263,2208,665,2873,4016,71.54%,1953,783,2736
"District Judge, 152nd Judicial District",0264,1110,627,1737,3101,56.01%,831,801,1632
"District Judge, 152nd Judicial District",0265,1991,608,2599,3582,72.56%,1690,753,2443
"District Judge, 152nd Judicial District",0266,737,443,1180,2147,54.96%,417,699,1116
"District Judge, 152nd Judicial District",0267,421,293,714,1433,49.83%,248,425,673
"District Judge, 152nd Judicial District",0268,1174,689,1863,2528,73.69%,877,854,1731
"District Judge, 152nd Judicial District",0269,1305,365,1670,2114,79.00%,1133,442,1575
"District Judge, 152nd Judicial District",0270,1816,688,2504,3985,62.84%,1164,1177,2341
"District Judge, 152nd Judicial District",0271,1150,346,1496,2558,58.48%,35,1424,1459
"District Judge, 152nd Judicial District",0272,870,415,1285,2334,55.06%,415,798,1213
Office,Precinct,Early Ballots Cast,Election Ballots Cast,Total Ballots Cast,Registered Voters,Percent Turnout,REP Don Self,DEM Robert K. Schaffer,Totals
"District Judge, 152nd Judicial District",0273,1175,647,1822,2485,73.32%,1322,426,1748
"District Judge, 152nd Judicial District",0274,1261,311,1572,2223,70.72%,877,597,1474
"District Judge, 152nd Judicial District",0275,585,334,919,2059,44.63%,141,738,879
"District Judge, 152nd Judicial District",0276,1027,255,1282,2458,52.16%,18,1237,1255
"District Judge, 152nd Judicial District",0277,573,338,911,1898,48.00%,298,576,874
"District Judge, 152nd Judicial District",0278,1059,469,1528,2602,58.72%,624,819,1443
"District Judge, 152nd Judicial District",0279,789,314,1103,2073,53.21%,600,448,1048
"District Judge, 152nd Judicial District",0280,444,362,806,1656,48.67%,204,552,756
"District Judge, 152nd Judicial District",0281,1287,590,1877,2507,74.87%,670,1085,1755
"District Judge, 152nd Judicial District",0282,773,604,1377,2144,64.23%,720,589,1309
"District Judge, 152nd Judicial District",0283,2351,1143,3494,6365,54.89%,463,2893,3356
"District Judge, 152nd Judicial District",0284,1585,574,2159,4079,52.93%,666,1377,2043
"District Judge, 152nd Judicial District",0285,1077,431,1508,2680,56.27%,115,1339,1454
"District Judge, 152nd Judicial District",0286,1708,545,2253,3757,59.97%,177,2004,2181
"District Judge, 152nd Judicial District",0287,851,408,1259,1658,75.93%,535,644,1179
"District Judge, 152nd Judicial District",0288,881,314,1195,2208,54.12%,26,1135,1161
"District Judge, 152nd Judicial District",0289,481,352,833,1584,52.59%,282,489,771
"District Judge, 152nd Judicial District",0290,705,332,1037,1623,63.89%,738,259,997
"District Judge, 152nd Judicial District",0291,603,233,836,1218,68.64%,321,462,783
"District Judge, 152nd Judicial District",0292,549,178,727,1379,52.72%,79,621,700
"District Judge, 152nd Judicial District",0293,778,475,1253,1811,69.19%,481,686,1167
"District Judge, 152nd Judicial District",0294,852,198,1050,2054,51.12%,13,1016,1029
"District Judge, 152nd Judicial District",0295,270,111,381,894,42.62%,10,361,371
"District Judge, 152nd Judicial District",0296,701,385,1086,1705,63.70%,514,489,1003
"District Judge, 152nd Judicial District",0297,729,341,1070,2055,52.07%,349,661,1010
"District Judge, 152nd Judicial District",0298,1095,387,1482,2236,66.28%,707,705,1412
"District Judge, 152nd Judicial District",0299,499,236,735,1506,48.80%,217,470,687
"District Judge, 152nd Judicial District",0300,3385,728,4113,5480,75.05%,2982,944,3926
"District Judge, 152nd Judicial District",0301,737,392,1129,2337,48.31%,363,706,1069
"District Judge, 152nd Judicial District",0302,1197,591,1788,3277,54.56%,860,848,1708
"District Judge, 152nd Judicial District",0303,1896,692,2588,3375,76.68%,1797,670,2467
"District Judge, 152nd Judicial District",0304,1190,474,1664,2326,71.54%,802,749,1551
"District Judge, 152nd Judicial District",0305,2154,645,2799,4838,57.85%,863,1812,2675
"District Judge, 152nd Judicial District",0306,1096,299,1395,1896,73.58%,899,408,1307
Office,Precinct,Early Ballots Cast,Election Ballots Cast,Total Ballots Cast,Registered Voters,Percent Turnout,REP Don Self,DEM Robert K. Schaffer,Totals
"District Judge, 152nd Judicial District",0307,1456,801,2257,3270,69.02%,1415,700,2115
"District Judge, 152nd Judicial District",0308,526,225,751,1457,51.54%,174,526,700
"District Judge, 152nd Judicial District",0309,2160,591,2751,3495,78.71%,1943,667,2610
"District Judge, 152nd Judicial District",0310,709,326,1035,1464,70.70%,587,376,963
"District Judge, 152nd Judicial District",0311,930,643,1573,3222,48.82%,682,776,1458
"District Judge, 152nd Judicial District",0312,1705,552,2257,3724,60.61%,1083,1047,2130
"District Judge, 152nd Judicial District",0313,23,8,31,61,50.82%,16,8,24
"District Judge, 152nd Judicial District",0314,2997,817,3814,5606,68.03%,2100,1569,3669
"District Judge, 152nd Judicial District",0315,801,353,1154,1636,70.54%,569,511,1080
"District Judge, 152nd Judicial District",0316,739,340,1079,1513,71.32%,499,504,1003
"District Judge, 152nd Judicial District",0317,593,252,845,1661,50.87%,195,600,795
"District Judge, 152nd Judicial District",0318,1726,529,2255,3776,59.72%,124,2050,2174
"District Judge, 152nd Judicial District",0319,994,271,1265,2199,57.53%,65,1161,1226
"District Judge, 152nd Judicial District",0320,554,238,792,1570,50.45%,272,470,742
"District Judge, 152nd Judicial District",0321,867,363,1230,2483,49.54%,325,807,1132
"District Judge, 152nd Judicial District",0322,426,124,550,1210,45.45%,149,384,533
"District Judge, 152nd Judicial District",0323,700,296,996,1793,55.55%,348,599,947
"District Judge, 152nd Judicial District",0324,1444,560,2004,2607,76.87%,1118,754,1872
"District Judge, 152nd Judicial District",0325,802,257,1059,2176,48.67%,173,817,990
"District Judge, 152nd Judicial District",0326,271,129,400,736,54.35%,138,228,366
"District Judge, 152nd Judicial District",0327,738,141,879,1758,50.00%,16,831,847
"District Judge, 152nd Judicial District",0328,425,286,711,1631,43.59%,196,477,673
"District Judge, 152nd Judicial District",0329,589,260,849,1621,52.38%,236,565,801
"District Judge, 152nd Judicial District",0330,863,326,1189,2146,55.41%,501,618,1119
"District Judge, 152nd Judicial District",0331,884,234,1118,1612,69.35%,680,377,1057
"District Judge, 152nd Judicial District",0332,1355,503,1858,2926,63.50%,166,1613,1779
"District Judge, 152nd Judicial District",0333,1385,942,2327,3296,70.60%,1592,611,2203
"District Judge, 152nd Judicial District",0334,246,104,350,786,44.53%,52,282,334
"District Judge, 152nd Judicial District",0335,489,293,782,1679,46.58%,176,553,729
"District Judge, 152nd Judicial District",0336,2489,689,3178,4771,66.61%,301,2775,3076
"District Judge, 152nd Judicial District",0337,367,155,522,1108,47.11%,72,417,489
"District Judge, 152nd Judicial District",0338,1626,632,2258,5001,45.15%,569,1568,2137
"District Judge, 152nd Judicial District",0339,704,303,1007,1909,52.75%,180,759,939
"District Judge, 152nd Judicial District",0340,2040,654,2694,4012,67.15%,1848,710,2558
Office,Precinct,Early Ballots Cast,Election Ballots Cast,Total Ballots Cast,Registered Voters,Percent Turnout,REP Don Self,DEM Robert K. Schaffer,Totals
"District Judge, 152nd Judicial District",0341,380,278,658,1372,47.96%,144,475,619
"District Judge, 152nd Judicial District",0342,311,225,536,1092,49.08%,110,396,506
"District Judge, 152nd Judicial District",0343,722,370,1092,2099,52.02%,188,831,1019
"District Judge, 152nd Judicial District",0344,381,207,588,1225,48.00%,17,539,556
"District Judge, 152nd Judicial District",0345,575,349,924,1945,47.51%,168,699,867
"District Judge, 152nd Judicial District",0346,1,0,1,1,100.00%,0,0,0
"District Judge, 152nd Judicial District",0347,1461,618,2079,3614,57.53%,1165,828,1993
"District Judge, 152nd Judicial District",0348,830,242,1072,1796,59.69%,707,319,1026
"District Judge, 152nd Judicial District",0349,458,369,827,1372,60.28%,476,321,797
"District Judge, 152nd Judicial District",0350,1574,582,2256,3269,69.01%,734,1342,2076
"District Judge, 152nd Judicial District",0351,2855,570,3425,4799,71.37%,2489,789,3278
"District Judge, 152nd Judicial District",0352,2023,538,2561,4278,59.86%,1730,726,2456
"District Judge, 152nd Judicial District",0353,1715,659,2374,4156,57.12%,384,1899,2283
"District Judge, 152nd Judicial District",0354,1569,429,1998,3520,56.76%,427,1463,1890
"District Judge, 152nd Judicial District",0355,821,239,1050,1714,61.84%,103,922,1025
"District Judge, 152nd Judicial District",0356,1542,582,2124,3126,67.95%,1090,915,2005
"District Judge, 152nd Judicial District",0357,1882,557,2439,3685,66.19%,1692,630,2322
"District Judge, 152nd Judicial District",0358,775,376,1151,2634,43.70%,119,984,1103
"District Judge, 152nd Judicial District",0359,803,496,1299,3320,39.13%,126,1132,1258
"District Judge, 152nd Judicial District",0360,1858,597,2455,3309,74.19%,1039,1237,2276
"District Judge, 152nd Judicial District",0361,323,688,1011,1808,55.92%,138,771,909
"District Judge, 152nd Judicial District",0362,2865,553,3418,5161,66.23%,2293,981,3274
"District Judge, 152nd Judicial District",0363,1826,635,2461,4160,59.16%,933,1449,2382
"District Judge, 152nd Judicial District",0364,1190,528,1718,2827,60.77%,747,862,1609
"District Judge, 152nd Judicial District",0365,827,174,1001,1348,74.26%,108,863,971
"District Judge, 152nd Judicial District",0366,988,524,1512,2887,52.37%,301,1146,1447
"District Judge, 152nd Judicial District",0367,453,204,657,1256,52.31%,141,483,624
"District Judge, 152nd Judicial District",0368,433,122,555,1024,54.20%,136,397,533
"District Judge, 152nd Judicial District",0369,132,29,161,678,23.75%,55,91,146
"District Judge, 152nd Judicial District",0370,2525,627,3152,4531,69.57%,2194,817,3011
"District Judge, 152nd Judicial District",0371,210,78,288,537,53.63%,14,268,282
"District Judge, 152nd Judicial District",0372,509,180,689,1274,54.08%,70,593,663
"District Judge, 152nd Judicial District",0373,61,13,74,163,45.40%,1,70,71
"District Judge, 152nd Judicial District",0374,175,165,341,720,47.36%,76,248,324
Office,Precinct,Early Ballots Cast,Election Ballots Cast,Total Ballots Cast,Registered Voters,Percent Turnout,REP Don Self,DEM Robert K. Schaffer,Totals
"District Judge, 152nd Judicial District",0375,745,510,1255,2836,44.25%,411,771,1182
"District Judge, 152nd Judicial District",0376,753,344,1097,2060,53.25%,391,637,1028
"District Judge, 152nd Judicial District",0377,1381,643,2024,3137,64.52%,1490,435,1925
"District Judge, 152nd Judicial District",0378,621,447,1068,1856,57.54%,626,394,1020
"District Judge, 152nd Judicial District",0379,857,388,1245,2149,57.93%,101,1105,1206
"District Judge, 152nd Judicial District",0380,2732,551,3283,4380,74.95%,1646,1510,3156
"District Judge, 152nd Judicial District",0381,1185,432,1517,3141,51.48%,579,957,1536
"District Judge, 152nd Judicial District",0382,429,206,635,1035,61.35%,381,227,608
"District Judge, 152nd Judicial District",0383,722,458,1180,2373,49.73%,343,777,1120
"District Judge, 152nd Judicial District",0384,1152,444,1596,2725,58.57%,314,1204,1518
"District Judge, 152nd Judicial District",0385,1141,561,1702,2207,77.12%,1171,440,1611
"District Judge, 152nd Judicial District",0386,1658,419,2077,3105,66.89%,1425,582,2007
"District Judge, 152nd Judicial District",0387,1702,780,2482,4340,57.19%,1602,764,2366
"District Judge, 152nd Judicial District",0388,2899,711,3510,5413,66.69%,1655,1813,3468
"District Judge, 152nd Judicial District",0389,397,293,690,1359,50.77%,87,559,646
"District Judge, 152nd Judicial District",0390,698,271,969,1482,65.38%,121,815,936
"District Judge, 152nd Judicial District",0391,986,336,1322,1978,66.84%,735,522,1257
"District Judge, 152nd Judicial District",0392,652,145,797,1426,55.89%,10,761,771
"District Judge, 152nd Judicial District",0393,427,257,684,1274,53.69%,298,349,647
"District Judge, 152nd Judicial District",0394,236,126,362,914,39.61%,115,229,344
"District Judge, 152nd Judicial District",0395,1007,371,1378,1875,73.49%,859,437,1296
"District Judge, 152nd Judicial District",0396,1035,204,1239,2072,59.80%,33,1164,1197
"District Judge, 152nd Judicial District",0397,204,117,321,796,40.33%,110,189,299
"District Judge, 152nd Judicial District",0398,1761,654,2415,4200,57.50%,1040,1259,2299
"District Judge, 152nd Judicial District",0399,1291,546,1837,3340,55.00%,672,1097,1769
"District Judge, 152nd Judicial District",0400,1457,372,1839,2661,69.11%,1132,636,1768
"District Judge, 152nd Judicial District",0401,703,257,960,1971,48.71%,41,870,911
"District Judge, 152nd Judicial District",0402,897,262,1159,1911,60.65%,63,1057,1120
"District Judge, 152nd Judicial District",0403,959,387,1346,1719,78.30%,610,640,1250
"District Judge, 152nd Judicial District",0404,1033,445,1478,2717,54.40%,684,739,1423
"District Judge, 152nd Judicial District",0405,1910,457,2367,3067,77.18%,1723,574,2297
"District Judge, 152nd Judicial District",0406,275,65,340,649,52.39%,5,324,329
"District Judge, 152nd Judicial District",0407,1703,860,2563,3969,64.58%,1434,976,2410
"District Judge, 152nd Judicial District",0408,520,313,833,1740,47.87%,242,540,782
Office,Precinct,Early Ballots Cast,Election Ballots Cast,Total Ballots Cast,Registered Voters,Percent Turnout,REP Don Self,DEM Robert K. Schaffer,Totals
"District Judge, 152nd Judicial District",0409,501,280,781,1608,48.57%,225,509,734
"District Judge, 152nd Judicial District",0410,381,96,477,934,51.07%,83,372,455
"District Judge, 152nd Judicial District",0411,699,418,1117,2426,46.04%,261,792,1053
"District Judge, 152nd Judicial District",0412,156,80,236,478,49.37%,10,218,228
"District Judge, 152nd Judicial District",0413,1546,456,2002,3081,64.98%,698,1197,1895
"District Judge, 152nd Judicial District",0414,1573,514,2087,3586,58.20%,1464,532,1996
"District Judge, 152nd Judicial District",0415,1076,573,1649,2284,72.20%,1066,497,1563
"District Judge, 152nd Judicial District",0416,1443,845,2288,4009,57.07%,1067,1094,2161
"District Judge, 152nd Judicial District",0417,1104,397,1501,2589,57.98%,589,837,1426
"District Judge, 152nd Judicial District",0418,1336,663,1999,3940,50.74%,609,1262,1871
"District Judge, 152nd Judicial District",0419,1166,477,1643,2702,60.81%,901,665,1566
"District Judge, 152nd Judicial District",0420,2687,731,3418,4946,69.11%,2691,591,3282
"District Judge, 152nd Judicial District",0421,1240,273,1513,2023,74.79%,666,785,1451
"District Judge, 152nd Judicial District",0422,1357,401,1768,3348,52.81%,56,1658,1714
"District Judge, 152nd Judicial District",0423,316,288,604,1423,42.45%,118,457,575
"District Judge, 152nd Judicial District",0424,548,158,706,1079,65.43%,337,330,667
"District Judge, 152nd Judicial District",0425,257,139,396,878,45.10%,107,268,375
"District Judge, 152nd Judicial District",0426,485,228,713,1266,56.32%,338,334,672
"District Judge, 152nd Judicial District",0427,437,155,592,1120,52.86%,183,368,551
"District Judge, 152nd Judicial District",0428,1588,865,2553,5151,49.56%,603,1812,2415
"District Judge, 152nd Judicial District",0429,947,649,1596,3311,48.20%,310,1206,1516
"District Judge, 152nd Judicial District",0430,524,291,815,1794,45.43%,125,633,758
"District Judge, 152nd Judicial District",0431,1218,604,1822,3860,47.20%,361,1370,1731
"District Judge, 152nd Judicial District",0432,456,249,705,1568,44.96%,199,459,658
"District Judge, 152nd Judicial District",0433,163,88,251,561,44.74%,54,182,236
"District Judge, 152nd Judicial District",0434,831,293,1124,1557,72.19%,563,478,1041
"District Judge, 152nd Judicial District",0435,1951,567,2518,3363,74.87%,1429,939,2368
"District Judge, 152nd Judicial District",0436,2008,678,2686,3809,70.52%,1347,1172,2519
"District Judge, 152nd Judicial District",0437,1148,425,1573,2094,75.12%,964,532,1496
"District Judge, 152nd Judicial District",0438,2288,475,2763,3789,72.92%,1767,838,2605
"District Judge, 152nd Judicial District",0439,1854,749,2603,3701,70.33%,1646,804,2450
"District Judge, 152nd Judicial District",0440,1498,749,2247,2973,75.58%,1580,543,2123
"District Judge, 152nd Judicial District",0441,824,408,1232,1695,72.68%,789,379,1168
"District Judge, 152nd Judicial District",0442,2441,685,3126,4315,72.44%,2450,536,2986
Office,Precinct,Early Ballots Cast,Election Ballots Cast,Total Ballots Cast,Registered Voters,Percent Turnout,REP Don Self,DEM Robert K. Schaffer,Totals
"District Judge, 152nd Judicial District",0443,415,83,498,642,77.57%,327,142,469
"District Judge, 152nd Judicial District",0444,1620,679,2299,3625,63.42%,1168,981,2149
"District Judge, 152nd Judicial District",0445,1036,382,1418,2134,66.45%,799,552,1351
"District Judge, 152nd Judicial District",0446,89,45,134,309,43.37%,47,82,129
"District Judge, 152nd Judicial District",0447,2411,464,2875,3727,77.14%,1826,910,2736
"District Judge, 152nd Judicial District",0448,1763,529,2292,3155,72.65%,1171,935,2106
"District Judge, 152nd Judicial District",0449,73,26,99,225,44.00%,11,86,97
"District Judge, 152nd Judicial District",0450,1104,394,1498,2890,51.83%,358,1080,1438
"District Judge, 152nd Judicial District",0451,1719,367,2086,2771,75.28%,1596,414,2010
"District Judge, 152nd Judicial District",0452,1871,662,2533,3789,66.85%,1650,777,2427
"District Judge, 152nd Judicial District",0453,661,417,1078,2039,52.87%,263,749,1012
"District Judge, 152nd Judicial District",0454,1043,288,1331,2509,53.05%,24,1264,1288
"District Judge, 152nd Judicial District",0455,669,173,842,1713,49.15%,34,773,807
"District Judge, 152nd Judicial District",0456,1,1404,553,1957,3793,51.60%,1003,857,1860
"District Judge, 152nd Judicial District",0457,0,0,0,0,0.00%,0,0,0
"District Judge, 152nd Judicial District",0458,914,253,1167,2025,57.63%,69,1046,1115
"District Judge, 152nd Judicial District",0459,2362,432,2794,3942,70.88%,2053,624,2677
"District Judge, 152nd Judicial District",0460,1613,472,2085,3280,63.57%,479,1526,2005
"District Judge, 152nd Judicial District",0461,2242,669,2911,4054,71.81%,1667,1053,2720
"District Judge, 152nd Judicial District",0462,1474,738,2212,3507,63.07%,691,1423,2114
"District Judge, 152nd Judicial District",0463,1573,564,2237,3773,59.29%,807,1356,2163
"District Judge, 152nd Judicial District",0464,967,582,1549,2343,66.11%,923,529,1452
"District Judge, 152nd Judicial District",0465,1628,594,2222,3778,58.81%,957,1170,2127
"District Judge, 152nd Judicial District",0466,2274,509,2783,4327,64.32%,1349,1330,2679
"District Judge, 152nd Judicial District",0467,501,225,726,1320,55.00%,143,544,687
"District Judge, 152nd Judicial District",0468,1379,747,2125,4040,52.62%,501,1519,2020
"District Judge, 152nd Judicial District",0469,1857,462,2329,3257,71.51%,1726,505,2231
"District Judge, 152nd Judicial District",0470,555,232,787,1358,57.95%,551,200,751
"District Judge, 152nd Judicial District",0471,1057,458,1515,2473,61.26%,1106,350,1456
"District Judge, 152nd Judicial District",0472,463,339,802,1131,70.91%,288,462,750
"District Judge, 152nd Judicial District",0473,944,390,1334,1787,74.65%,848,413,1261
"District Judge, 152nd Judicial District",0474,1417,624,2041,3127,65.27%,1272,679,1951
"District Judge, 152nd Judicial District",0475,791,251,1052,1936,54.34%,393,599,992
"District Judge, 152nd Judicial District",0476,1077,405,1482,2458,60.29%,736,675,1411
Office,Precinct,Early Ballots Cast,Election Ballots Cast,Total Ballots Cast,Registered Voters,Percent Turnout,REP Don Self,DEM Robert K. Schaffer,Totals
"District Judge, 152nd Judicial District",0477,2027,640,2667,4010,66.51%,1751,784,2535
"District Judge, 152nd Judicial District",0478,2271,683,2954,4696,62.90%,1762,1053,2815
"District Judge, 152nd Judicial District",0479,1978,755,2733,3851,70.97%,1916,715,2631
"District Judge, 152nd Judicial District",0480,1445,538,1983,2978,66.59%,1296,608,1904
"District Judge, 152nd Judicial District",0481,1756,667,2423,3609,67.14%,1682,617,2299
"District Judge, 152nd Judicial District",0482,2259,618,2877,4405,65.31%,1874,882,2756
"District Judge, 152nd Judicial District",0483,2305,538,2843,4495,63.25%,1378,1306,2684
"District Judge, 152nd Judicial District",0484,2020,700,2720,3981,68.32%,1645,965,2610
"District Judge, 152nd Judicial District",0485,2118,567,2685,4051,66.28%,1853,730,2583
"District Judge, 152nd Judicial District",0486,2310,721,3031,4195,72.25%,2222,670,2892
"District Judge, 152nd Judicial District",0487,1405,527,1932,4142,46.64%,446,1316,1762
"District Judge, 152nd Judicial District",0488,842,511,1353,2382,56.80%,347,937,1284
"District Judge, 152nd Judicial District",0489,865,344,1209,1958,61.75%,302,842,1144
"District Judge, 152nd Judicial District",0490,980,346,1326,2105,62.99%,375,881,1256
"District Judge, 152nd Judicial District",0491,937,488,1425,2110,67.54%,699,644,1343
"District Judge, 152nd Judicial District",0492,1217,396,1613,2552,63.21%,760,776,1536
"District Judge, 152nd Judicial District",0493,1404,555,1959,3338,58.69%,689,1156,1845
"District Judge, 152nd Judicial District",0494,1079,419,1498,2787,53.75%,167,1273,1440
"District Judge, 152nd Judicial District",0495,1414,376,1790,2488,71.95%,1144,544,1688
"District Judge, 152nd Judicial District",0496,687,549,1235,2325,53.16%,401,778,1179
"District Judge, 152nd Judicial District",0497,915,281,1197,2148,55.73%,49,1107,1156
"District Judge, 152nd Judicial District",0498,1069,423,1492,2527,59.04%,486,931,1417
"District Judge, 152nd Judicial District",0499,1433,397,1830,2336,78.34%,1206,539,1745
"District Judge, 152nd Judicial District",0500,1869,651,2520,3698,68.14%,1506,902,2408
"District Judge, 152nd Judicial District",0501,1146,406,1552,2016,76.98%,583,869,1452
"District Judge, 152nd Judicial District",0502,1355,293,1559,2595,63.93%,1242,334,1576
"District Judge, 152nd Judicial District",0503,1397,306,1703,2236,76.16%,1222,391,1613
"District Judge, 152nd Judicial District",0504,1270,482,1752,2318,75.58%,1037,617,1654
"District Judge, 152nd Judicial District",0505,1750,735,2485,4076,60.97%,1021,1295,2316
"District Judge, 152nd Judicial District",0506,1513,696,2209,3544,62.33%,304,1829,2133
"District Judge, 152nd Judicial District",0507,599,319,918,2562,35.83%,193,623,816
"District Judge, 152nd Judicial District",0508,1519,828,2347,4767,49.23%,609,1557,2166
"District Judge, 152nd Judicial District",0509,2504,669,3173,5153,61.58%,1912,1124,3036
"District Judge, 152nd Judicial District",0510,1701,666,2367,3822,61.93%,945,1334,2279
Office,Precinct,Early Ballots Cast,Election Ballots Cast,Total Ballots Cast,Registered Voters,Percent Turnout,REP Don Self,DEM Robert K. Schaffer,Totals
"District Judge, 152nd Judicial District",0511,2933,574,3507,4620,75.91%,2068,1312,3380
"District Judge, 152nd Judicial District",0512,1668,871,2539,4559,55.69%,921,1499,2420
"District Judge, 152nd Judicial District",0513,1754,413,2157,3003,72.16%,1478,589,2067
"District Judge, 152nd Judicial District",0514,2285,613,2899,4378,66.22%,1911,858,2769
"District Judge, 152nd Judicial District",0515,1836,468,2304,3182,72.41%,1753,451,2204
"District Judge, 152nd Judicial District",0516,1316,363,1679,2799,59.99%,777,831,1608
"District Judge, 152nd Judicial District",0517,1610,509,2119,3744,56.60%,870,1150,2020
"District Judge, 152nd Judicial District",0518,1886,676,2562,4049,63.27%,1423,1015,2438
"District Judge, 152nd Judicial District",0519,1421,51,8,1939,3098,62.59%,1280,576,1856
"District Judge, 152nd Judicial District",0520,1785,670,2456,5202,47.21%,359,2026,2385
"District Judge, 152nd Judicial District",0521,1350,578,1928,3070,62.80%,866,989,1855
"District Judge, 152nd Judicial District",0522,1508,464,1972,2815,70.05%,1395,514,1909
"District Judge, 152nd Judicial District",0523,1978,537,2515,4027,62.45%,1463,916,2379
"District Judge, 152nd Judicial District",0524,1392,637,2029,3598,56.39%,516,1420,1936
"District Judge, 152nd Judicial District",0525,1440,574,2014,3260,61.78%,377,1538,1915
"District Judge, 152nd Judicial District",0526,235,157,392,820,47.80%,75,288,363
"District Judge, 152nd Judicial District",0527,156,38,194,580,33.45%,69,113,182
"District Judge, 152nd Judicial District",0528,17,8,25,78,32.05%,1,23,24
"District Judge, 152nd Judicial District",0529,2107,434,2541,3842,66.14%,2049,380,2429
"District Judge, 152nd Judicial District",0530,375,212,587,1236,47.49%,97,440,537
"District Judge, 152nd Judicial District",0531,1234,166,1400,2250,62.22%,1002,318,1320
"District Judge, 152nd Judicial District",0532,478,140,618,1058,58.41%,401,204,605
"District Judge, 152nd Judicial District",0533,352,169,521,1164,44.76%,251,240,491
"District Judge, 152nd Judicial District",0534,1895,577,2472,3918,63.09%,1647,708,2355
"District Judge, 152nd Judicial District",0535,132,62,194,413,46.97%,58,120,178
"District Judge, 152nd Judicial District",0536,2104,1053,3157,5637,56.00%,940,2031,2971
"District Judge, 152nd Judicial District",0537,1958,464,2422,3174,76.31%,1655,655,2310
"District Judge, 152nd Judicial District",0538,371,203,574,1332,43.09%,10,548,558
"District Judge, 152nd Judicial District",0539,811,234,1045,1535,68.08%,543,444,987
"District Judge, 152nd Judicial District",0540,997,349,1346,1759,76.52%,413,831,1244
"District Judge, 152nd Judicial District",0541,2157,761,2918,5001,58.35%,423,2360,2783
"District Judge, 152nd Judicial District",0542,1156,406,1562,2654,58.85%,92,1412,1504
"District Judge, 152nd Judicial District",0543,553,321,874,1658,52.71%,199,632,831
"District Judge, 152nd Judicial District",0544,84,54,138,313,44.09%,15,118,133
Office,Precinct,Early Ballots Cast,Election Ballots Cast,Total Ballots Cast,Registered Voters,Percent Turnout,REP Don Self,DEM Robert K. Schaffer,Totals
"District Judge, 152nd Judicial District",0545,2015,468,2483,3949,62.88%,1043,1301,2344
"District Judge, 152nd Judicial District",0546,1524,278,1802,2471,72.93%,1459,289,1748
"District Judge, 152nd Judicial District",0547,1413,270,1683,2534,66.42%,1074,532,1606
"District Judge, 152nd Judicial District",0548,882,395,1277,2339,54.60%,537,701,1238
"District Judge, 152nd Judicial District",0549,1105,447,1552,2786,55.71%,179,1327,1506
"District Judge, 152nd Judicial District",0550,1171,553,1724,3245,53.13%,693,972,1665
"District Judge, 152nd Judicial District",0551,2588,793,3379,4428,76.31%,2453,775,3228
"District Judge, 152nd Judicial District",0552,2090,784,2874,3762,76.40%,2236,524,2760
"District Judge, 152nd Judicial District",0553,982,317,1279,2193,58.32%,468,766,1234
"District Judge, 152nd Judicial District",0554,597,271,868,1774,48.93%,159,671,830
"District Judge, 152nd Judicial District",0555,839,390,1029,2286,45.01%,158,827,985
"District Judge, 152nd Judicial District",0556,759,435,1194,2491,47.93%,226,910,1136
"District Judge, 152nd Judicial District",0557,925,460,1385,2955,46.87%,356,913,1269
"District Judge, 152nd Judicial District",0558,1812,721,2533,4718,53.69%,702,1724,2426
"District Judge, 152nd Judicial District",0559,1901,701,2602,4984,52.21%,559,1927,2486
"District Judge, 152nd Judicial District",0560,290,247,537,1141,47.06%,82,421,503
"District Judge, 152nd Judicial District",0561,1023,624,1647,3138,52.49%,927,630,1557
"District Judge, 152nd Judicial District",0562,222,116,338,691,48.91%,36,273,309
"District Judge, 152nd Judicial District",0563,2089,337,2406,3468,69.38%,1772,532,2304
"District Judge, 152nd Judicial District",0564,1551,526,2077,3240,64.10%,497,1453,1950
"District Judge, 152nd Judicial District",0565,338,148,484,1414,34.23%,72,388,460
"District Judge, 152nd Judicial District",0566,1183,441,1624,3029,53.62%,383,1168,1551
"District Judge, 152nd Judicial District",0567,985,390,1355,2851,47.53%,317,942,1259
"District Judge, 152nd Judicial District",0568,1833,697,2530,3638,69.54%,1503,849,2352
"District Judge, 152nd Judicial District",0569,2027,747,2774,4125,67.25%,1217,1381,2598
"District Judge, 152nd Judicial District",0570,788,278,1044,1598,65.33%,348,618,966
"District Judge, 152nd Judicial District",0571,521,314,835,1950,42.82%,226,563,789
"District Judge, 152nd Judicial District",0572,1522,444,1966,3308,59.43%,793,1078,1871
"District Judge, 152nd Judicial District",0573,489,215,704,1625,43.32%,15,674,689
"District Judge, 152nd Judicial District",0574,112,74,186,391,47.57%,20,158,178
"District Judge, 152nd Judicial District",0575,1905,535,2440,3557,68.60%,1293,1034,2327
"District Judge, 152nd Judicial District",0576,1107,375,1482,2830,52.37%,78,1358,1436
"District Judge, 152nd Judicial District",0577,885,205,1090,1586,68.73%,596,431,1027
"District Judge, 152nd Judicial District",0578,1028,405,1431,1862,76.85%,786,536,1322
Office,Precinct,Early Ballots Cast,Election Ballots Cast,Total Ballots Cast,Registered Voters,Percent Turnout,REP Don Self,DEM Robert K. Schaffer,Totals
"District Judge, 152nd Judicial District",0579,287,181,468,1139,41.09%,77,366,443
"District Judge, 152nd Judicial District",0580,366,108,474,985,48.12%,19,444,463
"District Judge, 152nd Judicial District",0581,456,137,593,1033,57.41%,15,558,573
"District Judge, 152nd Judicial District",0582,543,232,775,1607,48.23%,46,696,742
"District Judge, 152nd Judicial District",0583,433,155,588,1286,45.72%,18,556,574
"District Judge, 152nd Judicial District",0584,367,120,487,1062,45.86%,30,434,464
"District Judge, 152nd Judicial District",0585,829,280,1109,2346,47.27%,50,1020,1070
"District Judge, 152nd Judicial District",0586,1790,790,2580,4521,57.07%,1397,1071,2468
"District Judge, 152nd Judicial District",0587,1204,431,1635,2870,56.97%,514,1050,1564
"District Judge, 152nd Judicial District",0588,1940,606,2546,3780,67.35%,1616,829,2445
"District Judge, 152nd Judicial District",0589,1539,545,2084,3780,55.13%,947,1046,1993
"District Judge, 152nd Judicial District",0590,1230,400,1630,2176,74.91%,1184,365,1549
"District Judge, 152nd Judicial District",0591,651,462,1113,2274,48.94%,254,793,1047
"District Judge, 152nd Judicial District",0592,449,272,721,1446,49.86%,138,549,687
"District Judge, 152nd Judicial District",0593,1551,755,2316,4179,55.42%,867,1319,2186
"District Judge, 152nd Judicial District",0594,1243,316,1559,2578,60.47%,397,1118,1515
"District Judge, 152nd Judicial District",0595,600,299,899,1833,49.05%,132,735,867
"District Judge, 152nd Judicial District",0596,1377,501,1878,3574,52.55%,803,973,1776
"District Judge, 152nd Judicial District",0597,1204,609,1813,3587,50.54%,598,1117,1715
"District Judge, 152nd Judicial District",0598,2389,731,3120,5253,59.39%,1027,1954,2981
"District Judge, 152nd Judicial District",0599,1378,493,1871,3005,62.26%,611,1197,1808
"District Judge, 152nd Judicial District",0600,1602,776,2378,4204,56.57%,747,1506,2253
"District Judge, 152nd Judicial District",0601,2220,670,2890,4151,69.62%,2006,775,2781
"District Judge, 152nd Judicial District",0602,754,234,988,1441,68.56%,644,301,945
"District Judge, 152nd Judicial District",0603,2335,725,3060,4666,65.58%,1672,1258,2930
"District Judge, 152nd Judicial District",0604,1816,375,2191,3189,68.70%,1779,311,2090
"District Judge, 152nd Judicial District",0605,1711,599,2310,4217,54.78%,486,1702,2188
"District Judge, 152nd Judicial District",0606,319,111,430,970,44.33%,8,410,418
"District Judge, 152nd Judicial District",0607,163,51,214,712,30.06%,22,183,205
"District Judge, 152nd Judicial District",0608,156,77,233,570,40.88%,73,148,221
"District Judge, 152nd Judicial District",0609,2037,729,2766,4305,64.25%,1503,1131,2634
"District Judge, 152nd Judicial District",0610,665,343,1008,2086,48.32%,380,562,942
"District Judge, 152nd Judicial District",0611,980,229,1209,2527,47.84%,42,1137,1179
"District Judge, 152nd Judicial District",0612,1927,431,2358,3388,69.60%,1703,546,2249
Office,Precinct,Early Ballots Cast,Election Ballots Cast,Total Ballots Cast,Registered Voters,Percent Turnout,REP Don Self,DEM Robert K. Schaffer,Totals
"District Judge, 152nd Judicial District",0613,937,339,1276,2368,53.89%,195,1025,1220
"District Judge, 152nd Judicial District",0614,1949,645,2594,4566,56.81%,722,1749,2471
"District Judge, 152nd Judicial District",0615,1075,301,1376,2086,65.96%,684,631,1315
"District Judge, 152nd Judicial District",0616,1809,611,2420,3516,68.83%,1524,762,2286
"District Judge, 152nd Judicial District",0617,1704,650,2354,4179,56.33%,742,1515,2257
"District Judge, 152nd Judicial District",0618,1698,545,2243,3801,59.01%,865,1297,2162
"District Judge, 152nd Judicial District",0619,2792,663,3455,4916,70.28%,2424,920,3344
"District Judge, 152nd Judicial District",0620,1747,333,2080,3318,62.69%,984,991,1975
"District Judge, 152nd Judicial District",0621,536,200,736,1272,57.86%,285,402,687
"District Judge, 152nd Judicial District",0622,2129,591,2720,4562,59.62%,1372,1212,2584
"District Judge, 152nd Judicial District",0623,1960,461,2421,3919,61.78%,1436,873,2309
"District Judge, 152nd Judicial District",0624,297,59,356,456,78.07%,262,81,343
"District Judge, 152nd Judicial District",0625,924,372,1296,1864,69.53%,648,577,1225
"District Judge, 152nd Judicial District",0626,2280,784,3054,4816,63.62%,1490,1413,2903
"District Judge, 152nd Judicial District",0627,935,649,1584,3235,48.96%,386,1116,1502
"District Judge, 152nd Judicial District",0628,716,545,1261,2420,52.11%,401,779,1180
"District Judge, 152nd Judicial District",0629,162,96,258,750,34.40%,29,220,249
"District Judge, 152nd Judicial District",0630,2662,541,3203,4738,67.60%,309,2799,3108
"District Judge, 152nd Judicial District",0631,1841,398,2239,3263,68.62%,1416,721,2137
"District Judge, 152nd Judicial District",0632,4,1,5,241,2.07%,0,5,5
"District Judge, 152nd Judicial District",0633,2285,601,2887,3912,73.80%,1874,893,2767
"District Judge, 152nd Judicial District",0634,1435,499,1934,3259,59.34%,1043,812,1855
"District Judge, 152nd Judicial District",0635,1645,520,2165,3512,61.65%,1544,520,2064
"District Judge, 152nd Judicial District",0636,2303,922,3225,4569,70.58%,2741,358,3099
"District Judge, 152nd Judicial District",0637,1095,423,1518,2591,58.59%,293,1096,1389
"District Judge, 152nd Judicial District",0638,850,348,1198,2310,51.86%,92,1077,1169
"District Judge, 152nd Judicial District",0639,1385,284,1670,2560,65.23%,1231,356,1587
"District Judge, 152nd Judicial District",0640,1619,615,2234,3927,56.89%,1201,944,2145
"District Judge, 152nd Judicial District",0641,1637,683,2320,3840,60.42%,1297,920,2217
"District Judge, 152nd Judicial District",0642,1030,270,1300,1783,72.91%,970,278,1248
"District Judge, 152nd Judicial District",0643,1948,593,2541,4189,60.66%,1137,1307,2444
"District Judge, 152nd Judicial District",0644,2087,689,2776,4446,62.44%,1533,1128,2661
"District Judge, 152nd Judicial District",0645,2145,769,2914,4517,64.51%,1114,1640,2754
"District Judge, 152nd Judicial District",0646,925,399,1324,2422,54.67%,313,934,1247
Office,Precinct,Early Ballots Cast,Election Ballots Cast,Total Ballots Cast,Registered Voters,Percent Turnout,REP Don Self,DEM Robert K. Schaffer,Totals
"District Judge, 152nd Judicial District",0647,1372,526,1898,4349,43.64%,395,1374,1769
"District Judge, 152nd Judicial District",0648,1859,500,2359,3487,67.65%,1583,688,2271
"District Judge, 152nd Judicial District",0649,1549,775,2324,4755,48.87%,535,1667,2202
"District Judge, 152nd Judicial District",0650,2033,819,2852,4039,70.61%,1826,907,2733
"District Judge, 152nd Judicial District",0651,1734,551,2285,3873,59.00%,1169,1014,2183
"District Judge, 152nd Judicial District",0652,1165,545,1710,2979,57.40%,255,1401,1656
"District Judge, 152nd Judicial District",0653,185,110,295,604,48.84%,61,222,283
"District Judge, 152nd Judicial District",0654,2381,698,3079,5063,60.81%,1477,1442,2919
"District Judge, 152nd Judicial District",0655,1959,761,2720,4495,60.51%,1401,1168,2569
"District Judge, 152nd Judicial District",0656,1106,401,1507,2737,55.06%,67,1394,1461
"District Judge, 152nd Judicial District",0657,683,276,959,1487,64.49%,309,605,914
"District Judge, 152nd Judicial District",0658,1299,494,1793,2901,61.81%,1048,676,1724
"District Judge, 152nd Judicial District",0659,2806,733,3539,5161,68.57%,2351,1039,3390
"District Judge, 152nd Judicial District",0660,1575,345,1920,3087,62.20%,180,1678,1858
"District Judge, 152nd Judicial District",0661,1945,774,2720,4363,62.34%,1256,1334,2590
"District Judge, 152nd Judicial District",0662,2267,571,2838,4002,70.91%,2225,506,2731
"District Judge, 152nd Judicial District",0663,1338,448,1786,2340,76.32%,826,822,1648
"District Judge, 152nd Judicial District",0664,909,513,1422,2992,47.53%,252,1087,1339
"District Judge, 152nd Judicial District",0665,1327,360,1687,2354,71.67%,1307,313,1620
"District Judge, 152nd Judicial District",0666,0,0,0,0,0.00%,0,0,0
"District Judge, 152nd Judicial District",0667,1109,400,1509,2175,69.38%,1081,356,1437
"District Judge, 152nd Judicial District",0668,1552,719,2271,3669,61.90%,1302,884,2186
"District Judge, 152nd Judicial District",0669,1889,702,2591,3585,72.27%,1675,800,2475
"District Judge, 152nd Judicial District",0670,1996,416,2412,3335,72.32%,1806,505,2311
"District Judge, 152nd Judicial District",0671,1398,588,1986,3198,62.10%,1018,879,1897
"District Judge, 152nd Judicial District",0672,1724,489,2213,3433,64.46%,1464,674,2138
"District Judge, 152nd Judicial District",0673,1525,467,2092,3051,68.57%,1612,398,2010
"District Judge, 152nd Judicial District",0674,2354,610,2964,4228,70.10%,2065,784,2849
"District Judge, 152nd Judicial District",0675,0,0,0,0,0.00%,0,0,0
"District Judge, 152nd Judicial District",0676,1087,465,1552,2976,52.15%,566,906,1472
"District Judge, 152nd Judicial District",0677,423,259,682,1300,52.46%,151,480,631
"District Judge, 152nd Judicial District",0678,1164,294,1458,2660,54.81%,133,1270,1403
"District Judge, 152nd Judicial District",0679,1718,529,2247,3542,63.44%,1496,634,2130
"District Judge, 152nd Judicial District",0680,98,17,115,179,64.25%,44,67,111
Office,Precinct,Early Ballots Cast,Election Ballots Cast,Total Ballots Cast,Registered Voters,Percent Turnout,REP Don Self,DEM Robert K. Schaffer,Totals
"District Judge, 152nd Judicial District",0681,e,0,6,4,150.00%,4,2,6
"District Judge, 152nd Judicial District",0682,2112,690,2802,4313,64.97%,1966,729,2695
"District Judge, 152nd Judicial District",0683,82,5,87,302,28.81%,20,63,83
"District Judge, 152nd Judicial District",0684,1580,640,2320,3559,65.19%,1390,827,2217
"District Judge, 152nd Judicial District",0685,139,28,167,285,58.60%,71,79,150
"District Judge, 152nd Judicial District",0686,53,5,58,221,26.24%,15,41,56
"District Judge, 152nd Judicial District",0687,1510,400,1910,2713,70.40%,1190,615,1805
"District Judge, 152nd Judicial District",0688,2333,594,2927,3922,74.63%,2227,598,2825
"District Judge, 152nd Judicial District",0689,725,604,1330,2449,54.31%,518,715,1233
"District Judge, 152nd Judicial District",0690,1957,553,2520,3614,69.73%,1869,538,2407
"District Judge, 152nd Judicial District",0691,2131,551,2682,3690,72.68%,2003,591,2594
"District Judge, 152nd Judicial District",0692,1278,678,1956,3118,62.73%,1317,536,1853
"District Judge, 152nd Judicial District",0693,309,110,419,681,61.53%,100,295,395
"District Judge, 152nd Judicial District",0694,1005,319,1324,2478,53.43%,506,768,1274
"District Judge, 152nd Judicial District",0695,628,315,943,1842,51.19%,534,355,889
"District Judge, 152nd Judicial District",0696,723,312,1035,2027,51.06%,591,413,1004
"District Judge, 152nd Judicial District",0697,1299,552,1851,3238,57.16%,428,1342,1770
"District Judge, 152nd Judicial District",0698,1275,520,1795,3339,53.76%,200,1531,1731
"District Judge, 152nd Judicial District",0699,1276,398,1674,2387,70.13%,982,574,1556
"District Judge, 152nd Judicial District",0700,726,247,973,1536,63.35%,795,146,941
"District Judge, 152nd Judicial District",0701,208,73,281,614,45.77%,114,142,256
"District Judge, 152nd Judicial District",0702,183,69,252,550,45.82%,32,209,241
"District Judge, 152nd Judicial District",0703,899,528,1427,1943,73.44%,959,397,1356
"District Judge, 152nd Judicial District",0704,1698,512,2210,3121,70.81%,1752,381,2133
"District Judge, 152nd Judicial District",0705,331,206,537,1513,35.49%,51,471,522
"District Judge, 152nd Judicial District",0706,1248,372,1620,2821,57.43%,548,964,1512
"District Judge, 152nd Judicial District",0707,377,69,446,757,58.92%,248,175,423
"District Judge, 152nd Judicial District",0708,162,98,260,592,43.92%,81,167,248
"District Judge, 152nd Judicial District",0709,2257,528,2785,4136,67.34%,1412,1255,2667
"District Judge, 152nd Judicial District",0710,1132,450,1582,2096,75.48%,786,683,1469
"District Judge, 152nd Judicial District",0711,1978,599,2577,3820,67.46%,1248,1194,2442
"District Judge, 152nd Judicial District",0712,1720,627,2347,4002,58.65%,798,1475,2273
"District Judge, 152nd Judicial District",0713,770,365,1135,2006,56.58%,506,578,1084
"District Judge, 152nd Judicial District",0714,102,28,130,306,42.48%,58,62,120
Office,Precinct,Early Ballots Cast,Election Ballots Cast,Total Ballots Cast,Registered Voters,Percent Turnout,REP Don Self,DEM Robert K. Schaffer,Totals
"District Judge, 152nd Judicial District",0715,553,239,792,1549,51.13%,352,397,749
"District Judge, 152nd Judicial District",0716,1215,419,1635,2720,60.11%,1114,452,1566
"District Judge, 152nd Judicial District",0717,974,232,1206,2082,57.93%,156,1001,1157
"District Judge, 152nd Judicial District",0718,2243,872,3115,4412,70.60%,1868,1052,2920
"District Judge, 152nd Judicial District",0719,624,223,847,1644,51.52%,402,398,800
"District Judge, 152nd Judicial District",0720,2498,709,3207,4709,68.10%,2068,993,3061
"District Judge, 152nd Judicial District",0721,1466,603,2069,2926,70.71%,1248,693,1941
"District Judge, 152nd Judicial District",0722,1929,609,2538,4638,54.72%,152,2296,2448
"District Judge, 152nd Judicial District",0723,897,261,1158,1959,59.11%,208,900,1108
"District Judge, 152nd Judicial District",0724,395,146,541,800,67.63%,334,179,513
"District Judge, 152nd Judicial District",0725,976,294,1270,2336,54.37%,477,715,1192
"District Judge, 152nd Judicial District",0726,1271,321,1592,2207,72.13%,1339,199,1538
"District Judge, 152nd Judicial District",0727,981,415,1396,2708,51.55%,344,1000,1344
"District Judge, 152nd Judicial District",0728,399,198,597,942,63.38%,334,228,562
"District Judge, 152nd Judicial District",0729,235,49,284,471,60.30%,152,121,273
"District Judge, 152nd Judicial District",0730,1360,406,1766,2435,72.53%,1034,640,1674
"District Judge, 152nd Judicial District",0731,2087,624,2711,4834,56.08%,1070,1523,2593
"District Judge, 152nd Judicial District",0732,791,449,1240,1943,63.82%,674,492,1166
"District Judge, 152nd Judicial District",0733,55,25,80,303,26.40%,25,52,77
"District Judge, 152nd Judicial District",0734,2307,556,2863,4294,66.67%,1810,938,2748
"District Judge, 152nd Judicial District",0735,157,61,218,251,86.85%,115,95,210
"District Judge, 152nd Judicial District",0736,14,3,17,42,40.48%,0,13,13
"District Judge, 152nd Judicial District",0737,21,6,27,56,48.21%,20,7,27
"District Judge, 152nd Judicial District",0738,435,214,649,1497,43.35%,95,536,631
"District Judge, 152nd Judicial District",0739,978,440,1418,2971,47.73%,594,758,1352
"District Judge, 152nd Judicial District",0740,280,169,449,1005,44.68%,222,199,421
"District Judge, 152nd Judicial District",0741,923,262,1185,1895,62.53%,272,851,1123
"District Judge, 152nd Judicial District",0742,1532,498,2030,2859,71.00%,1212,725,1937
"District Judge, 152nd Judicial District",0743,54,60,114,234,48.72%,36,70,106
"District Judge, 152nd Judicial District",0744,1009,444,1453,2103,69.09%,804,571,1375
"District Judge, 152nd Judicial District",0745,1213,446,1659,2543,65.24%,945,624,1569
"District Judge, 152nd Judicial District",0746,244,121,365,732,49.86%,164,172,336
"District Judge, 152nd Judicial District",0747,1746,693,2439,4096,59.55%,1007,1324,2331
"District Judge, 152nd Judicial District",0748,563,245,808,1556,51.93%,370,402,772
Office,Precinct,Early Ballots Cast,Election Ballots Cast,Total Ballots Cast,Registered Voters,Percent Turnout,REP Don Self,DEM Robert K. Schaffer,Totals
"District Judge, 152nd Judicial District",0749,115,1,116,432,26.85%,15,95,110
"District Judge, 152nd Judicial District",0750,294,122,416,809,51.42%,223,166,389
"District Judge, 152nd Judicial District",0751,2931,1013,3944,5893,66.93%,2313,1456,3769
"District Judge, 152nd Judicial District",0752,659,227,886,1484,59.70%,565,276,841
"District Judge, 152nd Judicial District",0753,258,53,311,512,60.74%,119,177,296
"District Judge, 152nd Judicial District",0754,386,262,648,1590,40.75%,28,602,630
"District Judge, 152nd Judicial District",0755,1782,955,2737,5015,54.58%,874,1708,2582
"District Judge, 152nd Judicial District",0756,687,309,996,1723,57.81%,304,643,947
"District Judge, 152nd Judicial District",0757,1867,601,2468,4792,51.50%,373,2006,2379
"District Judge, 152nd Judicial District",0758,2104,595,2699,3803,70.97%,1984,588,2572
"District Judge, 152nd Judicial District",0759,1389,375,1764,2779,63.48%,977,693,1670
"District Judge, 152nd Judicial District",0760,1219,268,1487,2162,68.78%,1160,267,1427
"District Judge, 152nd Judicial District",0761,1088,167,1255,1598,78.54%,828,359,1187
"District Judge, 152nd Judicial District",0762,924,303,1227,1828,67.12%,532,636,1168
"District Judge, 152nd Judicial District",0763,370,264,634,1249,50.76%,179,419,598
"District Judge, 152nd Judicial District",0764,2472,677,3149,4827,65.24%,1819,1185,3004
"District Judge, 152nd Judicial District",0765,2051,874,2925,5742,50.94%,746,2060,2806
"District Judge, 152nd Judicial District",0766,126,59,185,428,43.22%,27,140,167
"District Judge, 152nd Judicial District",0767,31,15,46,92,50.00%,19,24,43
"District Judge, 152nd Judicial District",0768,1479,387,1866,2643,70.60%,1412,376,1788
"District Judge, 152nd Judicial District",0769,85,14,99,184,53.80%,6,91,97
"District Judge, 152nd Judicial District",0770,103,42,145,388,37.37%,45,94,139
"District Judge, 152nd Judicial District",0771,572,210,782,1588,49.24%,322,419,741
"District Judge, 152nd Judicial District",0772,2805,477,3282,4606,71.25%,2322,807,3129
"District Judge, 152nd Judicial District",0773,1693,638,2331,4414,52.81%,538,1634,2172
"District Judge, 152nd Judicial District",0774,150,66,216,426,50.70%,48,162,210
"District Judge, 152nd Judicial District",0775,50,1,51,102,50.00%,1,49,50
"District Judge, 152nd Judicial District",0776,1432,538,1970,3276,60.13%,1086,794,1880
"District Judge, 152nd Judicial District",0777,201,105,306,767,39.90%,72,222,294
"District Judge, 152nd Judicial District",0778,0,3,3,0,0.00%,0,3,3
"District Judge, 152nd Judicial District",0779,263,160,423,1019,41.51%,94,292,386
"District Judge, 152nd Judicial District",0780,170,130,300,666,45.05%,89,185,274
"District Judge, 152nd Judicial District",0781,1235,612,1847,3782,48.84%,542,1156,1698
"District Judge, 152nd Judicial District",0782,1048,368,1416,2355,60.13%,808,526,1334
Office,Precinct,Early Ballots Cast,Election Ballots Cast,Total Ballots Cast,Registered Voters,Percent Turnout,REP Don Self,DEM Robert K. Schaffer,Totals
"District Judge, 152nd Judicial District",0783,197,90,287,520,55.19%,20,255,275
"District Judge, 152nd Judicial District",0784,408,119,527,1062,49.62%,12,495,507
"District Judge, 152nd Judicial District",0785,1229,357,1586,1896,83.65%,800,719,1519
"District Judge, 152nd Judicial District",0786,396,177,573,1258,45.55%,172,371,543
"District Judge, 152nd Judicial District",0787,180,83,263,542,48.52%,76,170,246
"District Judge, 152nd Judicial District",0788,2,0,2,13,15.38%,2,0,2
"District Judge, 152nd Judicial District",0789,1377,420,1797,2998,59.94%,1007,717,1724
"District Judge, 152nd Judicial District",0790,1143,329,1472,2523,58.34%,478,933,1411
"District Judge, 152nd Judicial District",0791,9,3,12,29,41.38%,2,10,12
"District Judge, 152nd Judicial District",0792,648,415,1063,1954,54.40%,231,776,1007
"District Judge, 152nd Judicial District",0793,984,416,1400,2620,53.44%,685,635,1320
"District Judge, 152nd Judicial District",0794,626,411,1037,3208,32.33%,100,901,1001
"District Judge, 152nd Judicial District",0795,396,2,398,1281,31.07%,110,256,366
"District Judge, 152nd Judicial District",0796,1371,465,1836,3041,60.37%,723,1049,1772
"District Judge, 152nd Judicial District",0797,0,0,0,0,0.00%,0,0,0
"District Judge, 152nd Judicial District",0798,222,142,364,521,69.87%,129,215,344
"District Judge, 152nd Judicial District",0799,58,26,84,171,49.12%,13,69,82
"District Judge, 152nd Judicial District",0800,1934,730,2664,4216,63.19%,1556,984,2540
"District Judge, 152nd Judicial District",0801,90,44,134,261,51.34%,37,92,129
"District Judge, 152nd Judicial District",0802,54,21,75,224,33.48%,20,52,72
"District Judge, 152nd Judicial District",0803,2665,547,3212,4514,71.16%,2146,925,3071
"District Judge, 152nd Judicial District",0804,2703,682,3385,5303,63.83%,1722,1532,3254
"District Judge, 152nd Judicial District",0805,1597,454,2051,2874,71.36%,1534,430,1964
"District Judge, 152nd Judicial District",0806,1001,324,1325,1889,70.14%,783,494,1277
"District Judge, 152nd Judicial District",0807,792,349,1141,2163,52.75%,185,916,1101
"District Judge, 152nd Judicial District",0808,142,57,199,232,85.78%,69,116,185
"District Judge, 152nd Judicial District",0809,19,7,26,98,26.53%,13,12,25
"District Judge, 152nd Judicial District",0810,47,31,78,197,39.59%,9,62,71
"District Judge, 152nd Judicial District",0811,82,68,150,277,54.15%,31,113,144
"District Judge, 152nd Judicial District",0812,0,0,0,0,0.00%,0,0,0
"District Judge, 152nd Judicial District",0813,1742,434,2176,3488,62.39%,917,1179,2096
"District Judge, 152nd Judicial District",0814,1968,827,2795,5483,50.98%,527,2164,2691
"District Judge, 152nd Judicial District",0815,0,0,0,0,0.00%,0,0,0
"District Judge, 152nd Judicial District",0816,23,10,33,64,51.56%,5,26,31
Office,Precinct,Early Ballots Cast,Election Ballots Cast,Total Ballots Cast,Registered Voters,Percent Turnout,REP Don Self,DEM Robert K. Schaffer,Totals
"District Judge, 152nd Judicial District",0817,2787,550,3337,4700,71.00%,2283,941,3224
"District Judge, 152nd Judicial District",0818,208,104,312,737,42.33%,64,235,299
"District Judge, 152nd Judicial District",0819,108,31,139,228,60.96%,58,74,132
"District Judge, 152nd Judicial District",0820,0,0,0,0,0.00%,0,0,0
"District Judge, 152nd Judicial District",0821,362,188,550,1295,42.47%,60,460,520
"District Judge, 152nd Judicial District",0822,571,185,756,1574,48.03%,25,699,724
"District Judge, 152nd Judicial District",0823,1339,410,1749,3017,57.97%,895,775,1670
"District Judge, 152nd Judicial District",0824,1057,410,1467,2762,53.11%,304,1107,1411
"District Judge, 152nd Judicial District",0825,9,7,16,21,76.19%,3,12,15
"District Judge, 152nd Judicial District",0826,177,70,247,355,69.58%,107,119,226
"District Judge, 152nd Judicial District",0827,218,234,452,1042,43.38%,134,302,436
"District Judge, 152nd Judicial District",0828,1174,281,1455,1965,74.05%,1085,302,1387
"District Judge, 152nd Judicial District",0829,101,19,120,235,51.06%,33,80,113
"District Judge, 152nd Judicial District",0830,2,2,4,2,200.00%,4,0,4
"District Judge, 152nd Judicial District",0831,8,5,13,36,36.11%,6,6,12
"District Judge, 152nd Judicial District",0832,124,50,174,364,47.80%,41,123,164
"District Judge, 152nd Judicial District",0833,3,2,5,20,25.00%,1,4,5
"District Judge, 152nd Judicial District",0834,142,61,203,388,52.32%,20,180,200
"District Judge, 152nd Judicial District",0835,87,71,158,311,50.80%,36,113,149
"District Judge, 152nd Judicial District",0836,128,0,128,248,51.61%,10,107,117
"District Judge, 152nd Judicial District",0837,0,0,0,0,0.00%,0,0,0
"District Judge, 152nd Judicial District",0838,0,0,0,0,0.00%,0,0,0
"District Judge, 152nd Judicial District",0839,419,174,593,1190,49.83%,118,451,569
"District Judge, 152nd Judicial District",0840,829,228,1057,1780,59.38%,337,668,1005
"District Judge, 152nd Judicial District",0841,1473,475,1948,3431,56.78%,422,1457,1879
"District Judge, 152nd Judicial District",0842,1338,513,1851,3390,54.60%,694,1058,1752
"District Judge, 152nd Judicial District",0843,595,298,893,1387,64.38%,155,697,852
"District Judge, 152nd Judicial District",0844,4,0,4,10,40.00%,0,4,4
"District Judge, 152nd Judicial District",0845,151,13,164,218,75.23%,99,56,155
"District Judge, 152nd Judicial District",0846,61,22,83,229,36.24%,2,79,81
"District Judge, 152nd Judicial District",0847,993,330,1323,2310,57.27%,336,935,1271
"District Judge, 152nd Judicial District",0848,1011,201,1212,1875,64.64%,358,793,1151
"District Judge, 152nd Judicial District",0849,731,455,1186,2272,52.20%,293,804,1097
"District Judge, 152nd Judicial District",0850,129,19,148,208,71.15%,52,88,140
Office,Precinct,Early Ballots Cast,Election Ballots Cast,Total Ballots Cast,Registered Voters,Percent Turnout,REP Don Self,DEM Robert K. Schaffer,Totals
"District Judge, 152nd Judicial District",0851,1885,441,2326,3597,64.66%,1481,731,2212
"District Judge, 152nd Judicial District",0852,0,0,0,1,0.00%,0,0,0
"District Judge, 152nd Judicial District",0853,1637,487,2124,2986,71.13%,1517,526,2043
"District Judge, 152nd Judicial District",0854,40,19,59,175,33.71%,9,48,57
"District Judge, 152nd Judicial District",0855,7,2,9,21,42.86%,4,4,8
"District Judge, 152nd Judicial District",0856,0,3,3,0,0.00%,0,1,1
"District Judge, 152nd Judicial District",0857,0,0,0,1,0.00%,0,0,0
"District Judge, 152nd Judicial District",0858,121,35,156,334,46.71%,5,141,146
"District Judge, 152nd Judicial District",0859,391,143,534,945,56.51%,111,396,507
"District Judge, 152nd Judicial District",0860,1,1,2,0,0.00%,0,2,2
"District Judge, 152nd Judicial District",0861,777,272,1049,1941,54.04%,158,857,1015
"District Judge, 152nd Judicial District",0862,1989,508,2497,3739,66.78%,1414,984,2398
"District Judge, 152nd Judicial District",0863,192,64,256,581,44.06%,12,238,250
"District Judge, 152nd Judicial District",0864,693,574,1267,2708,46.79%,268,922,1190
"District Judge, 152nd Judicial District",0865,9,2,11,21,52.38%,0,11,11
"District Judge, 152nd Judicial District",0866,0,0,0,0,0.00%,0,0,0
"District Judge, 152nd Judicial District",0867,0,0,0,0,0.00%,0,0,0
"District Judge, 152nd Judicial District",0868,736,495,1231,2446,50.33%,300,867,1167
"District Judge, 152nd Judicial District",0869,165,55,220,480,45.83%,26,188,214
"District Judge, 152nd Judicial District",0870,0,2,2,0,0.00%,1,1,2
"District Judge, 152nd Judicial District",0871,2,1,3,3,100.00%,1,2,3
"District Judge, 152nd Judicial District",0872,16,6,22,68,32.35%,12,10,22
"District Judge, 152nd Judicial District",0873,296,111,407,778,52.31%,96,299,395
"District Judge, 152nd Judicial District",0874,1681,670,2351,3294,71.37%,1648,607,2255
"District Judge, 152nd Judicial District",0875,1947,501,2448,3592,68.15%,1102,1256,2358
"District Judge, 152nd Judicial District",0876,1945,577,2522,3485,72.37%,1691,730,2421
"District Judge, 152nd Judicial District",0877,1803,528,2331,3651,63.85%,848,1408,2256
"District Judge, 152nd Judicial District",0878,685,110,795,1039,76.52%,618,142,760
"District Judge, 152nd Judicial District",0879,1215,413,1628,2843,57.26%,656,906,1562
"District Judge, 152nd Judicial District",0880,1354,471,1825,2467,73.98%,1329,432,1761
"District Judge, 152nd Judicial District",0881,2465,927,3392,5638,60.16%,868,2405,3273
"District Judge, 152nd Judicial District",0882,1952,595,2547,4317,59.00%,716,1710,2426
"District Judge, 152nd Judicial District",0883,2252,928,3180,5613,56.65%,514,2535,3049
"District Judge, 152nd Judicial District",0884,149,55,204,396,51.52%,30,169,199
Office,Precinct,Early Ballots Cast,Election Ballots Cast,Total Ballots Cast,Registered Voters,Percent Turnout,REP Don Self,DEM Robert K. Schaffer,Totals
"District Judge, 152nd Judicial District",0885,1570,323,1893,2811,67.34%,1027,802,1829
"District Judge, 152nd Judicial District",0886,495,152,647,906,71.41%,318,278,596
"District Judge, 152nd Judicial District",0887,234,95,329,492,66.87%,158,140,298
"District Judge, 152nd Judicial District",0888,817,289,1106,1867,59.24%,339,721,1060
"District Judge, 152nd Judicial District",0889,113,28,141,238,59.24%,36,96,132
"District Judge, 152nd Judicial District",0890,445,98,543,1214,44.73%,194,306,500
"District Judge, 152nd Judicial District",0891,753,194,947,1376,68.82%,309,583,892
"District Judge, 152nd Judicial District",0892,420,123,543,900,60.33%,168,335,503
"District Judge, 152nd Judicial District",0893,1,4,5,9,55.56%,2,3,5
"District Judge, 152nd Judicial District",0894,801,305,1106,2087,52.99%,145,921,1066
"District Judge, 152nd Judicial District",0895,417,252,669,834,80.22%,237,383,620
"District Judge, 152nd Judicial District",0896,838,254,1092,1467,74.44%,321,707,1028
"District Judge, 152nd Judicial District",0897,812,365,1177,1766,66.65%,595,522,1117
"District Judge, 152nd Judicial District",0898,792,301,1093,1821,60.02%,415,637,1052
"District Judge, 152nd Judicial District",0899,745,165,911,1264,72.07%,548,335,883
"District Judge, 152nd Judicial District",0900,7,0,7,12,58.33%,1,6,7
"District Judge, 152nd Judicial District",0901,0,0,0,0,0.00%,0,0,0
"District Judge, 152nd Judicial District",0902,1310,361,1671,2217,75.37%,779,777,1556
"District Judge, 152nd Judicial District",0903,1314,354,1668,2558,65.21%,1188,416,1604
"District Judge, 152nd Judicial District",0904,2,0,2,8,25.00%,1,1,2
"District Judge, 152nd Judicial District",0905,390,136,526,946,55.60%,188,316,504
"District Judge, 152nd Judicial District",0906,19,3,22,28,78.57%,9,13,22
"District Judge, 152nd Judicial District",0907,53,37,90,201,44.78%,8,80,88
"District Judge, 152nd Judicial District",0908,0,0,0,0,0.00%,0,0,0
"District Judge, 152nd Judicial District",0909,7,1,8,21,38.10%,2,5,7
"District Judge, 152nd Judicial District",0910,78,37,115,236,48.73%,35,70,105
"District Judge, 152nd Judicial District",0911,237,63,300,576,52.08%,188,104,292
"District Judge, 152nd Judicial District",0912,712,167,879,1341,65.55%,489,344,833
"District Judge, 152nd Judicial District",0913,102,12,114,241,47.30%,19,91,110
"District Judge, 152nd Judicial District",0914,42,0,42,124,33.87%,8,32,40
"District Judge, 152nd Judicial District",0915,0,0,0,0,0.00%,0,0,0
"District Judge, 152nd Judicial District",0916,1472,308,1780,2205,80.73%,1314,383,1697
"District Judge, 152nd Judicial District",0917,33,9,42,147,28.57%,4,33,37
"District Judge, 152nd Judicial District",0918,3,1,4,7,57.14%,2,2,4
Office,Precinct,Early Ballots Cast,Election Ballots Cast,Total Ballots Cast,Registered Voters,Percent Turnout,REP Don Self,DEM Robert K. Schaffer,Totals
"District Judge, 152nd Judicial District",0919,1,0,1,1,100.00%,0,1,1
"District Judge, 152nd Judicial District",0920,41,13,54,79,68.35%,30,21,51
"District Judge, 152nd Judicial District",0921,27,6,33,61,54.10%,7,25,32
"District Judge, 152nd Judicial District",0922,0,0,0,0,0.00%,0,0,0
"District Judge, 152nd Judicial District",0923,2331,350,2681,3536,75.82%,1969,647,2616
"District Judge, 152nd Judicial District",0924,0,0,0,0,0.00%,0,0,0
"District Judge, 152nd Judicial District",0925,0,0,0,0,0.00%,0,0,0
"District Judge, 152nd Judicial District",0926,550,149,699,967,72.29%,461,200,661
"District Judge, 152nd Judicial District",0927,966,173,1139,1771,64.31%,536,526,1062
"District Judge, 152nd Judicial District",0928,4,1,5,7,71.43%,0,5,5
"District Judge, 152nd Judicial District",0929,0,0,0,0,0.00%,0,0,0
"District Judge, 152nd Judicial District",0930,217,83,300,606,49.50%,16,271,287
"District Judge, 152nd Judicial District",0931,67,28,115,141,81.56%,41,65,106
"District Judge, 152nd Judicial District",0932,0,1,1,0,0.00%,0,1,1
"District Judge, 152nd Judicial District",0933,297,93,390,668,58.38%,118,258,376
"District Judge, 152nd Judicial District",0934,9,4,13,37,35.14%,7,6,13
"District Judge, 152nd Judicial District",0935,12,9,21,55,38.18%,7,13,20
"District Judge, 152nd Judicial District",0936,23,9,32,76,42.11%,7,21,28
"District Judge, 152nd Judicial District",0937,0,0,0,0,0.00%,0,0,0
"District Judge, 152nd Judicial District",0938,72,19,91,255,35.69%,23,67,90
"District Judge, 152nd Judicial District",0939,1,1,2,4,50.00%,1,1,2
"District Judge, 152nd Judicial District",0940,9,3,12,28,42.86%,1,11,12
"District Judge, 152nd Judicial District",0941,264,144,428,870,49.20%,200,202,402
"District Judge, 152nd Judicial District",0942,102,16,118,152,77.63%,70,45,115
"District Judge, 152nd Judicial District",0943,192,28,220,774,28.42%,47,157,204
"District Judge, 152nd Judicial District",0944,1,0,1,1,100.00%,0,1,1
"District Judge, 152nd Judicial District",0945,6,6,14,21,66.67%,1,12,13
"District Judge, 152nd Judicial District",0946,4,2,6,14,42.86%,1,5,6
"District Judge, 152nd Judicial District",0947,426,198,626,820,76.34%,284,296,580
"District Judge, 152nd Judicial District",0948,0,0,0,1,0.00%,0,0,0
"District Judge, 152nd Judicial District",0949,64,61,145,210,69.05%,63,73,136
"District Judge, 152nd Judicial District",0950,0,0,0,0,0.00%,0,0,0
"District Judge, 152nd Judicial District",0951,114,62,176,304,57.89%,42,123,165
"District Judge, 152nd Judicial District",0952,32,15,47,65,72.31%,24,21,45
Office,Precinct,Early Ballots Cast,Election Ballots Cast,Total Ballots Cast,Registered Voters,Percent Turnout,REP Don Self,DEM Robert K. Schaffer,Totals
"District Judge, 152nd Judicial District",0953,4,0,4,8,50.00%,0,4,4
"District Judge, 152nd Judicial District",0954,0,0,0,0,0.00%,0,0,0
"District Judge, 152nd Judicial District",0955,3528,572,4100,5108,80.27%,2784,1124,3908
"District Judge, 152nd Judicial District",0956,0,0,0,0,0.00%,0,0,0
"District Judge, 152nd Judicial District",0957,282,39,321,585,54.87%,40,271,311
"District Judge, 152nd Judicial District",0958,430,231,661,1202,54.99%,117,513,630
"District Judge, 152nd Judicial District",0959,0,0,0,0,0.00%,0,0,0
"District Judge, 152nd Judicial District",0960,829,235,1064,1471,72.33%,221,803,1024
"District Judge, 152nd Judicial District",0961,820,318,1138,2369,48.04%,173,912,1085
"District Judge, 152nd Judicial District",0962,33,12,45,88,51.14%,7,35,42
"District Judge, 152nd Judicial District",0963,225,91,316,528,59.85%,122,176,298
"District Judge, 152nd Judicial District",0964,2145,325,2470,3179,77.70%,1380,984,2364
"District Judge, 152nd Judicial District",0965,101,35,136,345,39.42%,87,43,130
"District Judge, 152nd Judicial District",0966,368,189,557,1332,41.82%,126,395,521
"District Judge, 152nd Judicial District",0967,82,24,106,186,56.99%,38,63,101
"District Judge, 152nd Judicial District",0968,455,127,582,906,64.24%,121,440,561
"District Judge, 152nd Judicial District",0969,299,71,370,624,59.29%,8,352,360
"District Judge, 152nd Judicial District",0970,223,102,325,810,40.12%,32,271,303
"District Judge, 152nd Judicial District",0971,0,0,0,0,0.00%,0,0,0
"District Judge, 152nd Judicial District",0972,0,0,0,0,0.00%,0,0,0
"District Judge, 152nd Judicial District",0973,504,138,642,999,64.26%,382,226,608
"District Judge, 152nd Judicial District",0974,0,1,1,0,0.00%,1,0,1
"District Judge, 152nd Judicial District",0975,104,26,130,190,68.42%,54,65,119
"District Judge, 152nd Judicial District",0976,190,152,342,712,48.03%,161,157,318
"District Judge, 152nd Judicial District",0977,160,108,268,617,43.44%,89,168,257
"District Judge, 152nd Judicial District",0978,0,0,0,0,0.00%,0,0,0
"District Judge, 152nd Judicial District",0979,0,0,0,0,0.00%,0,0,0
"District Judge, 152nd Judicial District",0980,686,333,1019,1412,72.17%,679,281,960
"District Judge, 152nd Judicial District",0981,12,2,14,31,45.16%,1,12,13
"District Judge, 152nd Judicial District",0982,1898,501,2399,2916,82.27%,1764,535,2299
"District Judge, 152nd Judicial District",0983,65,17,82,198,41.41%,43,37,80
"District Judge, 152nd Judicial District",0984,76,57,133,341,39.00%,10,120,130
"District Judge, 152nd Judicial District",0985,222,56,278,355,78.31%,118,147,265
"District Judge, 152nd Judicial District",0986,153,78,231,537,43.02%,21,203,224
Office,Precinct,Early Ballots Cast,Election Ballots Cast,Total Ballots Cast,Registered Voters,Percent Turnout,REP Don Self,DEM Robert K. Schaffer,Totals
"District Judge, 152nd Judicial District",0987,476,130,606,1183,51.23%,38,541,579
"District Judge, 152nd Judicial District",0988,62,15,77,117,65.81%,66,7,73
"District Judge, 152nd Judicial District",0989,0,0,0,0,0.00%,0,0,0
"District Judge, 152nd Judicial District",0990,5,6,11,66,16.67%,3,8,11
"District Judge, 152nd Judicial District",0991,0,1,1,2,50.00%,0,1,1
"District Judge, 152nd Judicial District",0992,456,106,562,1075,52.28%,250,275,525
"District Judge, 152nd Judicial District",0993,0,0,0,0,0.00%,0,0,0
"District Judge, 152nd Judicial District",0994,56,12,68,75,90.67%,20,46,66
"District Judge, 152nd Judicial District",0995,753,193,946,1576,60.03%,85,820,905
"District Judge, 152nd Judicial District",0996,403,70,473,708,66.81%,236,206,442
"District Judge, 152nd Judicial District",0997,521,283,804,1909,42.12%,132,649,781
"District Judge, 152nd Judicial District",0998,24,12,36,68,52.94%,22,12,34
"District Judge, 152nd Judicial District",0999,0,0,0,0,0.00%,0,0,0
"District Judge, 152nd Judicial District",1000,122,22,144,428,33.64%,21,117,138
"District Judge, 152nd Judicial District",1001,519,280,799,1654,48.31%,141,615,756
"District Judge, 152nd Judicial District",1002,480,270,750,1804,41.57%,105,604,709
"District Judge, 152nd Judicial District",1003,0,0,0,0,0.00%,0,0,0
"District Judge, 152nd Judicial District",1004,349,114,463,691,67.00%,210,225,435
"District Judge, 152nd Judicial District",1005,0,0,0,0,0.00%,0,0,0
"District Judge, 152nd Judicial District",1006,0,0,0,0,0.00%,0,0,0
"District Judge, 152nd Judicial District",1007,694,306,1000,1775,56.34%,206,748,954
"District Judge, 152nd Judicial District",1008,620,107,727,1011,71.91%,554,140,694
"District Judge, 152nd Judicial District",1009,0,0,0,0,0.00%,0,0,0
"District Judge, 152nd Judicial District",1010,292,96,388,647,59.97%,66,305,371
"District Judge, 152nd Judicial District",1011,9,6,15,31,48.39%,9,6,15
"District Judge, 152nd Judicial District",1012,543,362,905,1633,55.42%,218,638,856
"District Judge, 152nd Judicial District",Totals:,981446,353327,1334773,2182980,586756,681410,1268166
