Office,Precinct,Early Ballots Cast,Election Ballots Cast,Total Ballots Cast,Registered Voters,Percent Turnout,REP Mark Kent Ellis,DEM George Powell,Totals
"District Judge, 351 st Judicial District",0001,1416,496,1912,2682,71.29%,715,1046,1761
"District Judge, 351 st Judicial District",0002,1000,370,1370,2099,65.27%,572,698,1270
"District Judge, 351 st Judicial District",0003,875,336,1211,1625,74.52%,482,615,1097
"District Judge, 351 st Judicial District",0004,954,369,1323,1709,77.41%,531,682,1213
"District Judge, 351 st Judicial District",0005,759,380,1139,1470,77.48%,458,590,1048
"District Judge, 351 st Judicial District",0006,1840,628,2468,4084,60.43%,1171,1173,2344
"District Judge, 351 st Judicial District",0007,430,125,555,1002,55.39%,16,523,539
"District Judge, 351 st Judicial District",0008,889,351,1240,1848,67.10%,606,567,1173
"District Judge, 351 st Judicial District",0009,658,312,970,1861,52.12%,241,654,895
"District Judge, 351 st Judicial District",0010,701,232,933,1830,50.98%,173,666,839
"District Judge, 351 st Judicial District",0011,617,258,875,1748,50.06%,161,640,801
"District Judge, 351 st Judicial District",0012,230,65,295,731,40.36%,145,133,278
"District Judge, 351 st Judicial District",0013,1230,382,1612,2751,58.60%,1031,484,1515
"District Judge, 351 st Judicial District",0014,989,429,1418,1924,73.70%,733,587,1320
"District Judge, 351 st Judicial District",0015,1489,849,2338,2852,81.98%,1423,733,2156
"District Judge, 351 st Judicial District",0016,676,189,865,1284,67.37%,413,398,811
"District Judge, 351 st Judicial District",0017,451,293,744,1198,62.10%,306,382,688
"District Judge, 351 st Judicial District",0018,743,367,1110,1456,76.24%,555,484,1039
"District Judge, 351 st Judicial District",0019,647,293,940,1288,72.98%,320,557,877
"District Judge, 351 st Judicial District",0020,1007,335,1342,2780,48.27%,447,791,1238
"District Judge, 351 st Judicial District",0021,539,207,746,1229,60.70%,181,525,706
"District Judge, 351 st Judicial District",0022,935,419,1354,2501,54.14%,219,1074,1293
"District Judge, 351 st Judicial District",0023,132,74,206,551,37.39%,34,162,196
"District Judge, 351 st Judicial District",0024,292,36,328,712,46.07%,62,249,311
"District Judge, 351 st Judicial District",0025,239,292,531,1105,48.05%,24,490,514
"District Judge, 351 st Judicial District",0026,834,313,1147,1969,58.25%,231,820,1051
"District Judge, 351 st Judicial District",0027,1391,508,1899,3271,58.06%,403,1350,1753
"District Judge, 351 st Judicial District",0028,1513,446,1959,3307,59.24%,1093,786,1879
"District Judge, 351 st Judicial District",0029,648,490,1138,2722,41.81%,327,740,1067
"District Judge, 351 st Judicial District",0030,1285,546,1831,2818,64.98%,533,1161,1694
"District Judge, 351 st Judicial District",0031,784,453,1237,2656,46.57%,40,1147,1187
"District Judge, 351 st Judicial District",0032,1245,504,1749,2728,64.11%,751,852,1603
"District Judge, 351 st Judicial District",0033,2072,554,2626,3907,67.21%,980,1410,2390
"District Judge, 351 st Judicial District",0034,1511,517,2128,3044,69.91%,546,1450,1996
Office,Precinct,Early Ballots Cast,Election Ballots Cast,Total Ballots Cast,Registered Voters,Percent Turnout,REP Mark Kent Ellis,DEM George Powell,Totals
"District Judge, 351 st Judicial District",0035,5,0,5,14,35.71%,3,2,5
"District Judge, 351 st Judicial District",0036,1032,516,1548,3100,49.94%,331,1132,1463
"District Judge, 351 st Judicial District",0037,1521,409,1930,2467,78.23%,694,1079,1773
"District Judge, 351 st Judicial District",0038,1876,436,2312,3081,75.04%,833,1305,2138
"District Judge, 351 st Judicial District",0039,1703,492,2195,3070,71.50%,638,1377,2015
"District Judge, 351 st Judicial District",0040,275,107,382,527,72.49%,210,142,352
"District Judge, 351 st Judicial District",0041,712,264,976,1518,64.30%,396,532,928
"District Judge, 351 st Judicial District",0042,438,109,547,1062,51.51%,17,518,535
"District Judge, 351 st Judicial District",0043,815,300,1115,1972,56.54%,457,587,1044
"District Judge, 351 st Judicial District",0044,726,310,1036,2126,48.73%,224,711,935
"District Judge, 351 st Judicial District",0045,2263,1021,3284,5740,57.21%,601,2512,3113
"District Judge, 351 st Judicial District",0046,875,341,1216,2568,47.35%,196,937,1133
"District Judge, 351 st Judicial District",0047,505,268,773,1618,47.78%,41,710,751
"District Judge, 351 st Judicial District",0048,348,168,516,967,53.36%,50,435,485
"District Judge, 351 st Judicial District",0049,1546,731,2277,3709,61.39%,1486,693,2179
"District Judge, 351 st Judicial District",0050,1836,680,2516,4314,58.32%,1209,1210,2419
"District Judge, 351 st Judicial District",0051,828,271,1099,1734,63.38%,793,264,1057
"District Judge, 351 st Judicial District",0052,1400,456,1856,2581,71.91%,883,834,1717
"District Judge, 351 st Judicial District",0053,1675,613,2288,3083,74.21%,988,1096,2084
"District Judge, 351 st Judicial District",0054,1052,211,1263,1619,78.01%,619,529,1148
"District Judge, 351 st Judicial District",0055,1262,410,1672,2094,79.85%,697,830,1527
"District Judge, 351 st Judicial District",0056,698,283,981,1393,70.42%,567,353,920
"District Judge, 351 st Judicial District",0057,2043,567,2610,3325,78.50%,1117,1272,2389
"District Judge, 351 st Judicial District",0058,1716,484,2200,3031,72.58%,1003,1036,2039
"District Judge, 351 st Judicial District",0059,1589,439,2028,2671,75.93%,890,1000,1890
"District Judge, 351 st Judicial District",0060,1473,537,2010,2766,72.67%,579,1272,1851
"District Judge, 351 st Judicial District",0061,519,423,942,1847,51.00%,235,640,875
"District Judge, 351 st Judicial District",0062,689,452,1141,2195,51.98%,201,851,1052
"District Judge, 351 st Judicial District",0063,767,391,1158,1903,60.85%,906,197,1103
"District Judge, 351 st Judicial District",0064,678,368,1046,2220,47.12%,185,780,965
"District Judge, 351 st Judicial District",0065,638,435,1073,2178,49.27%,175,835,1010
"District Judge, 351 st Judicial District",0066,247,255,502,1135,44.23%,87,381,468
"District Judge, 351 st Judicial District",0067,942,521,1463,3019,48.46%,271,1075,1346
"District Judge, 351 st Judicial District",0068,1171,430,1601,3096,51.71%,43,1492,1535
Office,Precinct,Early Ballots Cast,Election Ballots Cast,Total Ballots Cast,Registered Voters,Percent Turnout,REP Mark Kent Ellis,DEM George Powell,Totals
"District Judge, 351 st Judicial District",0069,375,222,597,1309,45.61%,89,448,537
"District Judge, 351 st Judicial District",0070,2288,670,2958,3815,77.54%,1727,1038,2765
"District Judge, 351 st Judicial District",0071,2703,947,3650,5016,72.77%,1800,1600,3400
"District Judge, 351 st Judicial District",0072,736,418,1154,2029,56.88%,268,801,1069
"District Judge, 351 st Judicial District",0073,813,282,1095,1621,67.55%,573,441,1014
"District Judge, 351 st Judicial District",0074,2503,268,2771,3578,77.45%,2065,575,2640
"District Judge, 351 st Judicial District",0075,1000,286,1286,1684,76.37%,579,605,1184
"District Judge, 351 st Judicial District",0076,1015,427,1442,2441,59.07%,686,665,1351
"District Judge, 351 st Judicial District",0077,2,5,7,17,41.18%,2,5,7
"District Judge, 351 st Judicial District",0078,618,254,872,1608,54.23%,207,590,797
"District Judge, 351 st Judicial District",0079,831,602,1433,2963,48.36%,241,1079,1320
"District Judge, 351 st Judicial District",0080,1174,466,1640,2840,57.75%,352,1194,1546
"District Judge, 351 st Judicial District",0081,776,273,1049,1964,53.41%,293,694,987
"District Judge, 351 st Judicial District",0082,1585,756,2341,3539,66.15%,1660,581,2241
"District Judge, 351 st Judicial District",0083,1829,540,2369,4174,56.76%,867,1403,2270
"District Judge, 351 st Judicial District",0084,573,257,830,1421,58.41%,572,228,800
"District Judge, 351 st Judicial District",0085,587,329,916,2169,42.23%,41,838,879
"District Judge, 351 st Judicial District",0086,2032,493,2525,3449,73.21%,1177,1175,2352
"District Judge, 351 st Judicial District",0087,1451,719,2170,2839,76.44%,1427,604,2031
"District Judge, 351 st Judicial District",0088,338,141,479,784,61.10%,306,144,450
"District Judge, 351 st Judicial District",0089,398,424,822,1094,75.14%,483,272,755
"District Judge, 351 st Judicial District",0090,1856,890,2746,3883,70.72%,1989,624,2613
"District Judge, 351 st Judicial District",0091,673,339,1012,1724,58.70%,547,393,940
"District Judge, 351 st Judicial District",0092,1263,474,1737,2260,76.86%,1112,515,1627
"District Judge, 351 st Judicial District",0093,1048,619,1667,3536,47.14%,454,1123,1577
"District Judge, 351 st Judicial District",0094,202,63,265,580,45.69%,45,206,251
"District Judge, 351 st Judicial District",0095,2022,534,2556,3394,75.31%,1648,776,2424
"District Judge, 351 st Judicial District",0096,828,306,1134,2060,55.05%,152,930,1082
"District Judge, 351 st Judicial District",0097,2511,467,2978,4414,67.47%,2176,648,2824
"District Judge, 351 st Judicial District",0098,1385,594,1979,3161,62.61%,1600,298,1898
"District Judge, 351 st Judicial District",0099,681,295,976,2192,44.53%,397,530,927
"District Judge, 351 st Judicial District",0100,529,276,805,1825,44.11%,320,455,775
"District Judge, 351 st Judicial District",0101,221,129,350,988,35.43%,83,250,333
"District Judge, 351 st Judicial District",0102,580,227,807,1907,42.32%,207,556,763
Office,Precinct,Early Ballots Cast,Election Ballots Cast,Total Ballots Cast,Registered Voters,Percent Turnout,REP Mark Kent Ellis,DEM George Powell,Totals
"District Judge, 351 st Judicial District",0103,2140,985,3125,5097,61.31%,1482,1525,3007
"District Judge, 351 st Judicial District",0104,913,211,1124,1920,58.54%,29,1061,1090
"District Judge, 351 st Judicial District",0105,709,433,1142,2304,49.57%,273,783,1056
"District Judge, 351 st Judicial District",0106,73,59,132,299,44.15%,42,87,129
"District Judge, 351 st Judicial District",0107,592,403,995,2230,44.62%,146,804,950
"District Judge, 351 st Judicial District",0108,1461,448,1909,3674,51.96%,886,902,1788
"District Judge, 351 st Judicial District",0109,1098,278,1376,2909,47.30%,31,1296,1327
"District Judge, 351 st Judicial District",0110,1661,481,2142,3222,66.48%,1204,840,2044
"District Judge, 351 st Judicial District",0111,2699,866,3565,4792,74.39%,2450,946,3396
"District Judge, 351 st Judicial District",0112,1507,598,2105,3188,66.03%,1375,629,2004
"District Judge, 351 st Judicial District",0113,1307,418,1725,2718,63.47%,893,761,1654
"District Judge, 351 st Judicial District",0114,2290,506,2796,3885,71.97%,1988,684,2672
"District Judge, 351 st Judicial District",0115,609,272,881,1843,47.80%,83,759,842
"District Judge, 351 st Judicial District",0116,1898,599,2497,3194,78.18%,1874,505,2379
"District Judge, 351 st Judicial District",0117,573,379,952,1900,50.11%,320,567,887
"District Judge, 351 st Judicial District",0118,1823,530,2353,3181,73.97%,1221,1010,2231
"District Judge, 351 st Judicial District",0119,2755,409,3164,4682,67.58%,2443,581,3024
"District Judge, 351 st Judicial District",0120,1804,588,2392,3732,64.09%,1399,862,2261
"District Judge, 351 st Judicial District",0121,354,221,575,966,59.52%,351,207,558
"District Judge, 351 st Judicial District",0122,732,284,1016,1904,53.36%,48,924,972
"District Judge, 351 st Judicial District",0123,749,287,1036,1585,65.36%,304,667,971
"District Judge, 351 st Judicial District",0124,3136,888,4024,5393,74.62%,3111,777,3888
"District Judge, 351 st Judicial District",0125,1207,400,1607,2593,61.97%,842,694,1536
"District Judge, 351 st Judicial District",0126,2017,427,2444,3380,72.31%,2036,300,2336
"District Judge, 351 st Judicial District",0127,978,214,1192,2091,57.01%,822,300,1122
"District Judge, 351 st Judicial District",0128,1107,612,1719,2322,74.03%,1086,488,1574
"District Judge, 351 st Judicial District",0129,2540,1052,3592,5172,69.45%,2100,1284,3384
"District Judge, 351 st Judicial District",0130,1310,433,1743,2289,76.15%,1240,415,1655
"District Judge, 351 st Judicial District",0131,798,371,1169,2147,54.45%,237,894,1131
"District Judge, 351 st Judicial District",0132,1028,322,1350,2378,56.77%,46,1274,1320
"District Judge, 351 st Judicial District",0133,1411,746,2157,2690,80.19%,1244,754,1998
"District Judge, 351 st Judicial District",0134,593,345,938,1513,62.00%,361,518,879
"District Judge, 351 st Judicial District",0135,1614,551,2165,2777,77.96%,1423,596,2019
"District Judge, 351 st Judicial District",0136,982,352,1334,2116,63.04%,84,1191,1275
Office,Precinct,Early Ballots Cast,Election Ballots Cast,Total Ballots Cast,Registered Voters,Percent Turnout,REP Mark Kent Ellis,DEM George Powell,Totals
"District Judge, 351 st Judicial District",0137,993,259,1252,1986,63.04%,813,384,1197
"District Judge, 351 st Judicial District",0138,600,228,828,1723,48.06%,33,770,803
"District Judge, 351 st Judicial District",0139,1939,601,2540,3435,73.94%,1194,1140,2334
"District Judge, 351 st Judicial District",0140,1513,510,2023,3270,61.87%,331,1571,1902
"District Judge, 351 st Judicial District",0141,217,153,370,904,40.93%,193,148,341
"District Judge, 351 st Judicial District",0142,293,140,433,933,46.41%,86,316,402
"District Judge, 351 st Judicial District",0143,1868,267,2135,2582,82.69%,1395,667,2062
"District Judge, 351 st Judicial District",0144,442,125,567,1086,52.21%,18,527,545
"District Judge, 351 st Judicial District",0145,560,256,816,1564,52.17%,18,771,789
"District Judge, 351 st Judicial District",0146,1000,494,1494,2073,72.07%,642,754,1396
"District Judge, 351 st Judicial District",0147,1411,354,1765,3211,54.97%,222,1483,1705
"District Judge, 351 st Judicial District",0148,1265,652,1917,2571,74.56%,828,933,1761
"District Judge, 351 st Judicial District",0149,2938,573,3511,4756,73.82%,1916,1459,3375
"District Judge, 351 st Judicial District",0150,582,223,805,1574,51.14%,28,745,773
"District Judge, 351 st Judicial District",0151,282,107,389,826,47.09%,16,355,371
"District Judge, 351 st Judicial District",0152,838,524,1362,3059,44.52%,262,1018,1280
"District Judge, 351 st Judicial District",0153,544,399,943,1873,50.35%,199,695,894
"District Judge, 351 st Judicial District",0154,913,289,1202,2293,52.42%,238,871,1109
"District Judge, 351 st Judicial District",0155,2275,576,2851,4065,70.14%,1765,936,2701
"District Judge, 351 st Judicial District",0156,1413,403,1815,3223,56.35%,91,1639,1730
"District Judge, 351 st Judicial District",0157,880,278,1158,2265,51.13%,63,1057,1120
"District Judge, 351 st Judicial District",0158,1143,365,1508,3049,49.46%,47,1420,1467
"District Judge, 351 st Judicial District",0159,348,147,495,997,49.65%,75,400,475
"District Judge, 351 st Judicial District",0160,286,67,353,717,49.23%,12,327,339
"District Judge, 351 st Judicial District",0161,378,173,551,992,55.54%,19,509,528
"District Judge, 351 st Judicial District",0162,364,267,631,1312,48.09%,144,437,581
"District Judge, 351 st Judicial District",0163,1080,524,1604,3075,52.16%,404,1026,1430
"District Judge, 351 st Judicial District",0164,441,258,699,1407,49.68%,26,647,673
"District Judge, 351 st Judicial District",0165,1169,469,1638,2460,66.59%,916,611,1527
"District Judge, 351 st Judicial District",0166,562,261,823,1171,70.28%,277,485,762
"District Judge, 351 st Judicial District",0167,5,2,7,24,29.17%,0,6,6
"District Judge, 351 st Judicial District",0168,196,59,255,512,49.80%,6,244,250
"District Judge, 351 st Judicial District",0169,985,247,1232,2548,48.35%,35,1157,1192
"District Judge, 351 st Judicial District",0170,553,262,925,1958,47.24%,409,451,860
Office,Precinct,Early Ballots Cast,Election Ballots Cast,Total Ballots Cast,Registered Voters,Percent Turnout,REP Mark Kent Ellis,DEM George Powell,Totals
"District Judge, 351 st Judicial District",0171,482,283,765,1648,46.42%,39,683,722
"District Judge, 351 st Judicial District",0172,245,103,348,661,52.65%,86,240,326
"District Judge, 351 st Judicial District",0173,2259,683,2942,3966,74.18%,2148,657,2805
"District Judge, 351 st Judicial District",0174,1715,707,2423,3389,71.50%,1591,675,2266
"District Judge, 351 st Judicial District",0175,1402,691,2093,2711,77.20%,1113,826,1939
"District Judge, 351 st Judicial District",0176,767,375,1142,1533,74.49%,581,466,1047
"District Judge, 351 st Judicial District",0177,937,333,1270,1715,74.05%,698,471,1169
"District Judge, 351 st Judicial District",0178,1116,273,1389,1795,77.38%,924,353,1277
"District Judge, 351 st Judicial District",0179,771,244,1015,1673,60.67%,470,476,946
"District Judge, 351 st Judicial District",0180,928,463,1391,2914,47.74%,56,1273,1329
"District Judge, 351 st Judicial District",0181,697,439,1136,2195,51.75%,250,827,1077
"District Judge, 351 st Judicial District",0182,1943,994,2937,4071,72.14%,1613,1082,2695
"District Judge, 351 st Judicial District",0183,1286,715,2001,2535,78.93%,1308,551,1859
"District Judge, 351 st Judicial District",0184,278,219,497,1048,47.42%,120,345,465
"District Judge, 351 st Judicial District",0185,709,444,1153,2054,56.13%,299,785,1084
"District Judge, 351 st Judicial District",0186,252,150,402,798,50.38%,31,353,384
"District Judge, 351 st Judicial District",0187,95,51,147,309,47.57%,24,112,136
"District Judge, 351 st Judicial District",0188,499,306,805,1711,47.05%,241,523,764
"District Judge, 351 st Judicial District",0189,804,279,1083,1505,71.96%,608,399,1007
"District Judge, 351 st Judicial District",0190,571,326,897,1849,48.51%,250,592,842
"District Judge, 351 st Judicial District",0191,327,259,586,1408,41.62%,173,385,558
"District Judge, 351 st Judicial District",0192,757,259,1016,1959,51.86%,63,908,971
"District Judge, 351 st Judicial District",0193,375,211,586,1099,53.32%,23,535,558
"District Judge, 351 st Judicial District",0194,1138,449,1587,2172,73.07%,459,1016,1475
"District Judge, 351 st Judicial District",0195,606,344,950,1739,54.63%,44,853,897
"District Judge, 351 st Judicial District",0196,132,37,169,313,53.99%,14,143,157
"District Judge, 351 st Judicial District",0197,995,372,1368,2969,46.08%,47,1273,1320
"District Judge, 351 st Judicial District",0198,161,82,243,619,39.26%,11,221,232
"District Judge, 351 st Judicial District",0199,1929,815,2744,4063,67.54%,2038,580,2618
"District Judge, 351 st Judicial District",0200,2307,377,2684,3692,72.70%,1247,1257,2504
"District Judge, 351 st Judicial District",0201,221,105,326,773,42.17%,14,305,319
"District Judge, 351 st Judicial District",0202,421,233,654,1410,46.38%,28,599,627
"District Judge, 351 st Judicial District",0203,298,111,409,988,41.40%,68,312,380
"District Judge, 351 st Judicial District",0204,2099,577,2676,3568,75.00%,1424,1030,2454
Office,Precinct,Early Ballots Cast,Election Ballots Cast,Total Ballots Cast,Registered Voters,Percent Turnout,REP Mark Kent Ellis,DEM George Powell,Totals
"District Judge, 351 st Judicial District",0205,771,171,942,1724,54.64%,25,893,918
"District Judge, 351 st Judicial District",0206,1277,494,1771,2965,59.73%,532,1098,1630
"District Judge, 351 st Judicial District",0207,605,212,817,1166,70.07%,263,499,762
"District Judge, 351 st Judicial District",0208,909,338,1247,2256,55.27%,274,881,1155
"District Judge, 351 st Judicial District",0209,0,0,0,0,0.00%,0,0,0
"District Judge, 351 st Judicial District",0210,1259,489,1748,2781,62.86%,282,1382,1664
"District Judge, 351 st Judicial District",0211,964,595,1559,3130,49.81%,421,1025,1446
"District Judge, 351 st Judicial District",0212,309,323,632,1370,46.13%,102,489,591
"District Judge, 351 st Judicial District",0213,1782,795,2577,3406,75.66%,2015,441,2456
"District Judge, 351 st Judicial District",0214,1016,418,1434,1911,75.04%,853,468,1321
"District Judge, 351 st Judicial District",0215,1096,636,1732,2286,75.77%,1015,591,1606
"District Judge, 351 st Judicial District",0216,778,244,1022,1966,51.98%,54,925,979
"District Judge, 351 st Judicial District",0217,1545,618,2163,2736,79.06%,1423,609,2032
"District Judge, 351 st Judicial District",0218,1099,457,1555,2467,63.07%,392,1027,1419
"District Judge, 351 st Judicial District",0219,1117,515,1632,2868,56.90%,153,1387,1540
"District Judge, 351 st Judicial District",0220,832,306,1138,2362,48.18%,700,368,1068
"District Judge, 351 st Judicial District",0221,1032,473,1505,2598,57.93%,469,933,1402
"District Judge, 351 st Judicial District",0222,1460,671,2131,2728,78.12%,1086,873,1959
"District Judge, 351 st Judicial District",0223,1750,517,2267,3664,61.87%,601,1501,2102
"District Judge, 351 st Judicial District",0224,1155,495,1551,2313,71.81%,788,748,1536
"District Judge, 351 st Judicial District",0225,1353,596,1949,3689,52.83%,820,1037,1857
"District Judge, 351 st Judicial District",0226,840,421,1261,2554,49.37%,243,958,1201
"District Judge, 351 st Judicial District",0227,1071,359,1430,1810,79.01%,1085,265,1350
"District Judge, 351 st Judicial District",0228,625,159,784,1175,66.72%,51,716,767
"District Judge, 351 st Judicial District",0229,227,168,395,828,47.71%,99,269,368
"District Judge, 351 st Judicial District",0230,353,155,518,1094,47.35%,22,479,501
"District Judge, 351 st Judicial District",0231,801,445,1246,2376,52.44%,253,923,1176
"District Judge, 351 st Judicial District",0232,941,438,1379,1826,75.52%,764,517,1281
"District Judge, 351 st Judicial District",0233,2571,703,3274,4713,69.47%,1530,1502,3032
"District Judge, 351 st Judicial District",0234,2419,728,3147,4042,77.86%,2322,646,2968
"District Judge, 351 st Judicial District",0235,461,203,664,1421,46.73%,29,605,634
"District Judge, 351 st Judicial District",0236,555,308,964,2104,45.82%,49,884,933
"District Judge, 351 st Judicial District",0237,739,312,1051,2146,48.97%,21,997,1018
"District Judge, 351 st Judicial District",0238,606,317,923,1948,47.38%,30,856,886
Office,Precinct,Early Ballots Cast,Election Ballots Cast,Total Ballots Cast,Registered Voters,Percent Turnout,REP Mark Kent Ellis,DEM George Powell,Totals
"District Judge, 351 st Judicial District",0239,694,334,1028,1984,51.81,%,40,966,1006
"District Judge, 351 st Judicial District",0240,1007,292,1299,2601,49.94%,28,1238,1266
"District Judge, 351 st Judicial District",0241,651,383,1034,2466,41.93%,320,672,992
"District Judge, 351 st Judicial District",0242,506,314,820,1744,47.02%,351,408,759
"District Judge, 351 st Judicial District",0243,244,42,286,475,60.21%,5,276,281
"District Judge, 351 st Judicial District",0244,1409,538,1947,3296,59.07%,908,945,1853
"District Judge, 351 st Judicial District",0245,2100,811,2911,4679,62.21%,1774,976,2750
"District Judge, 351 st Judicial District",0246,2209,482,2691,3971,67.77%,1644,934,2578
"District Judge, 351 st Judicial District",0247,440,376,816,1595,51.16%,25,772,797
"District Judge, 351 st Judicial District",0248,453,347,800,2147,37.26%,173,578,751
"District Judge, 351 st Judicial District",0249,1124,365,1489,2825,52.71%,917,524,1441
"District Judge, 351 st Judicial District",0250,288,183,471,925,50.92%,21,440,461
"District Judge, 351 st Judicial District",0251,806,378,1184,2132,55.53%,63,1074,1137
"District Judge, 351 st Judicial District",0252,925,309,1235,2292,53.88%,26,1173,1199
"District Judge, 351 st Judicial District",0253,759,311,1070,2154,49.68%,35,1009,1044
"District Judge, 351 st Judicial District",0254,411,280,691,1675,41.25%,142,508,650
"District Judge, 351 st Judicial District",0255,1253,586,1839,2489,73.89%,829,871,1700
"District Judge, 351 st Judicial District",0256,1398,583,1981,3321,59.65%,664,1193,1857
"District Judge, 351 st Judicial District",0257,997,622,1619,3497,46.30%,361,1181,1542
"District Judge, 351 st Judicial District",0258,1948,608,2555,3346,76.39%,1833,568,2401
"District Judge, 351 st Judicial District",0259,1030,414,1444,2312,62.46%,40,1362,1402
"District Judge, 351 st Judicial District",0260,547,227,774,1300,59.54%,372,354,726
"District Judge, 351 st Judicial District",0261,442,531,973,1457,66.78%,263,648,911
"District Judge, 351 st Judicial District",0262,1847,676,2523,4397,57.38%,1335,1033,2368
"District Judge, 351 st Judicial District",0263,2208,665,2873,4016,71.54%,2005,729,2734
"District Judge, 351 st Judicial District",0264,1110,627,1737,3101,56.01%,865,765,1630
"District Judge, 351 st Judicial District",0265,1991,608,2599,3582,72.56%,1860,577,2437
"District Judge, 351 st Judicial District",0266,737,443,1180,2147,54.96%,427,684,1111
"District Judge, 351 st Judicial District",0267,421,293,714,1433,49.83%,252,419,671
"District Judge, 351 st Judicial District",0268,1174,689,1863,2528,73.69%,1070,631,1701
"District Judge, 351 st Judicial District",0269,1305,365,1670,2114,79.00%,1245,318,1563
"District Judge, 351 st Judicial District",0270,1816,688,2504,3985,62.84%,1244,1083,2327
"District Judge, 351 st Judicial District",0271,1150,346,1496,2558,58.48%,34,1426,1460
"District Judge, 351 st Judicial District",0272,870,415,1285,2334,55.06%,444,763,1207
Office,Precinct,Early Ballots Cast,Election Ballots Cast,Total Ballots Cast,Registered Voters,Percent Turnout,REP Mark Kent Ellis,DEM George Powell,Totals
"District Judge, 351 st Judicial District",0273,1175,647,1822,2485,73.32%,1407,331,1738
"District Judge, 351 st Judicial District",0274,1261,311,1572,2223,70.72%,994,470,1464
"District Judge, 351 st Judicial District",0275,585,334,919,2059,44.63%,156,727,883
"District Judge, 351 st Judicial District",0276,1027,255,1282,2458,52.16%,22,1232,1254
"District Judge, 351 st Judicial District",0277,573,338,911,1898,48.00%,306,565,871
"District Judge, 351 st Judicial District",0278,1059,469,1528,2602,58.72%,630,810,1440
"District Judge, 351 st Judicial District",0279,789,314,1103,2073,53.21%,595,452,1047
"District Judge, 351 st Judicial District",0280,444,362,806,1656,48.67%,212,539,751
"District Judge, 351 st Judicial District",0281,1287,590,1877,2507,74.87%,941,756,1697
"District Judge, 351 st Judicial District",0282,773,604,1377,2144,64.23%,779,524,1303
"District Judge, 351 st Judicial District",0283,2351,1143,3494,6365,54.89%,476,2882,3358
"District Judge, 351 st Judicial District",0284,1585,574,2159,4079,52.93%,700,1336,2036
"District Judge, 351 st Judicial District",0285,1077,431,1508,2680,56.27%,116,1339,1455
"District Judge, 351 st Judicial District",0286,1708,545,2253,3757,59.97%,184,1984,2168
"District Judge, 351 st Judicial District",0287,851,408,1259,1658,75.93%,610,564,1174
"District Judge, 351 st Judicial District",0288,881,314,1195,2208,54.12%,23,1141,1164
"District Judge, 351 st Judicial District",0289,481,352,833,1584,52.59%,299,476,775
"District Judge, 351 st Judicial District",0290,705,332,1037,1623,63.89%,744,255,999
"District Judge, 351 st Judicial District",0291,603,233,836,1218,68.64%,354,428,782
"District Judge, 351 st Judicial District",0292,549,178,727,1379,52.72%,78,620,698
"District Judge, 351 st Judicial District",0293,778,475,1253,1811,69.19%,530,625,1155
"District Judge, 351 st Judicial District",0294,852,198,1050,2054,51.12%,13,1018,1031
"District Judge, 351 st Judicial District",0295,270,111,381,894,42.62%,11,359,370
"District Judge, 351 st Judicial District",0296,701,385,1086,1705,63.70%,549,460,1009
"District Judge, 351 st Judicial District",0297,729,341,1070,2055,52.07%,370,643,1013
"District Judge, 351 st Judicial District",0298,1095,387,1482,2236,66.28%,730,675,1405
"District Judge, 351 st Judicial District",0299,499,236,735,1506,48.80%,21,7,466,683
"District Judge, 351 st Judicial District",0300,3385,728,4113,5480,75.05%,3045,874,3919
"District Judge, 351 st Judicial District",0301,737,392,1129,2337,48.31%,376,689,1065
"District Judge, 351 st Judicial District",0302,1197,591,1788,3277,54.56%,873,832,1705
"District Judge, 351 st Judicial District",0303,1896,692,2588,3375,76.68%,1981,481,2462
"District Judge, 351 st Judicial District",0304,1190,474,1664,2326,71.54%,935,599,1534
"District Judge, 351 st Judicial District",0305,2154,645,2799,4838,57.85%,880,1797,2677
"District Judge, 351 st Judicial District",0306,1096,299,1395,1896,73.58%,981,320,1301
Office,Precinct,Early Ballots Cast,Election Ballots Cast,Total Ballots Cast,Registered Voters,Percent Turnout,REP Mark Kent Ellis,DEM George Powell,Totals
"District Judge, 351 st Judicial District",0307,1456,801,2257,3270,69.02%,1481,631,2112
"District Judge, 351 st Judicial District",0308,526,225,751,1457,51.54%,185,510,695
"District Judge, 351 st Judicial District",0309,2160,591,2751,3495,78.71%,2102,507,2609
"District Judge, 351 st Judicial District",0310,709,326,1035,1464,70.70%,624,341,965
"District Judge, 351 st Judicial District",0311,930,643,1573,3222,48.82%,713,741,1454
"District Judge, 351 st Judicial District",0312,1705,552,2257,3724,60.61%,1162,968,2130
"District Judge, 351 st Judicial District",0313,23,8,31,61,50.82%,16,6,22
"District Judge, 351 st Judicial District",0314,2997,817,3814,5606,68.03%,2141,1528,3669
"District Judge, 351 st Judicial District",0315,801,353,1154,1636,70.54%,653,420,1073
"District Judge, 351 st Judicial District",0316,739,340,1079,1513,71.32%,592,399,991
"District Judge, 351 st Judicial District",0317,593,252,845,1661,50.87%,217,575,792
"District Judge, 351 st Judicial District",0318,1726,529,2255,3776,59.72%,129,2047,2176
"District Judge, 351 st Judicial District",0319,994,271,1265,2199,57.53%,69,1156,1225
"District Judge, 351 st Judicial District",0320,554,238,792,1570,50.45%,271,472,743
"District Judge, 351 st Judicial District",0321,867,363,1230,2483,49.54%,329,801,1130
"District Judge, 351 st Judicial District",0322,426,124,550,1210,45.45%,158,376,534
"District Judge, 351 st Judicial District",0323,700,296,996,1793,55.55%,376,567,943
"District Judge, 351 st Judicial District",0324,1444,560,2004,2607,76.87%,1239,634,1873
"District Judge, 351 st Judicial District",0325,802,257,1059,2176,48.67%,183,810,993
"District Judge, 351 st Judicial District",0326,271,129,400,736,54.35%,140,227,367
"District Judge, 351 st Judicial District",0327,738,141,879,1758,50.00%,23,823,846
"District Judge, 351 st Judicial District",0328,425,286,711,1631,43.59%,210,461,671
"District Judge, 351 st Judicial District",0329,589,260,849,1621,52.38%,251,549,800
"District Judge, 351 st Judicial District",0330,863,326,1189,2146,55.41%,525,593,1118
"District Judge, 351 st Judicial District",0331,884,234,1118,1612,69.35%,684,368,1052
"District Judge, 351 st Judicial District",0332,1355,503,1858,2926,63.50%,177,1601,1778
"District Judge, 351 st Judicial District",0333,1385,942,2327,3296,70.60%,1620,573,2193
"District Judge, 351 st Judicial District",0334,246,104,350,786,44.53%,58,274,332
"District Judge, 351 st Judicial District",0335,489,293,782,1679,46.58%,187,538,725
"District Judge, 351 st Judicial District",0336,2489,689,3178,4771,66.61%,309,2766,3075
"District Judge, 351 st Judicial District",0337,367,155,522,1108,47.11%,74,412,486
"District Judge, 351 st Judicial District",0338,1626,632,2258,5001,45.15%,575,1568,2143
"District Judge, 351 st Judicial District",0339,704,303,1007,1909,52.75%,196,740,936
"District Judge, 351 st Judicial District",0340,2040,654,2694,4012,67.15%,1878,674,2552
Office,Precinct,Early Ballots Cast,Election Ballots Cast,Total Ballots Cast,Registered Voters,Percent Turnout,REP Mark Kent Ellis,DEM George Powell,Totals
"District Judge, 351 st Judicial District",0341,380,278,658,1372,47.96%,151,468,619
"District Judge, 351 st Judicial District",0342,311,225,536,1092,49.08%,114,389,503
"District Judge, 351 st Judicial District",0343,722,370,1092,2099,52.02%,207,809,1016
"District Judge, 351 st Judicial District",0344,381,207,588,1225,48.00%,25,532,557
"District Judge, 351 st Judicial District",0345,575,349,924,1945,47.51%,179,684,863
"District Judge, 351 st Judicial District",0346,1,0,1,1,100.00%,0,0,0
"District Judge, 351 st Judicial District",0347,1461,618,2079,3614,57.53%,1184,810,1994
"District Judge, 351 st Judicial District",0348,830,242,1072,1796,59.69%,717,308,1025
"District Judge, 351 st Judicial District",0349,458,369,827,1372,60.28%,485,311,796
"District Judge, 351 st Judicial District",0350,1574,582,2256,3269,69.01%,829,1233,2062
"District Judge, 351 st Judicial District",0351,2855,570,3425,4799,71.37%,2578,699,3277
"District Judge, 351 st Judicial District",0352,2023,538,2561,4278,59.86%,1753,705,2458
"District Judge, 351 st Judicial District",0353,1715,659,2374,4156,57.12%,393,1889,2282
"District Judge, 351 st Judicial District",0354,1569,429,1998,3520,56.76%,452,1434,1886
"District Judge, 351 st Judicial District",0355,821,239,1050,1714,61.84%,107,914,1021
"District Judge, 351 st Judicial District",0356,1542,582,2124,3126,67.95%,1173,827,2000
"District Judge, 351 st Judicial District",0357,1882,557,2439,3685,66.19%,1723,592,2315
"District Judge, 351 st Judicial District",0358,775,376,1151,2634,43.70%,122,982,1104
"District Judge, 351 st Judicial District",0359,803,496,1299,3320,39.13%,132,1125,1257
"District Judge, 351 st Judicial District",0360,1858,597,2455,3309,74.19%,1163,1092,2255
"District Judge, 351 st Judicial District",0361,323,688,1011,1808,55.92%,148,755,903
"District Judge, 351 st Judicial District",0362,2865,553,3418,5161,66.23%,2335,934,3269
"District Judge, 351 st Judicial District",0363,1826,635,2461,4160,59.16%,962,1416,2378
"District Judge, 351 st Judicial District",0364,1190,528,1718,2827,60.77%,762,849,1611
"District Judge, 351 st Judicial District",0365,827,174,1001,1348,74.26%,119,847,966
"District Judge, 351 st Judicial District",0366,988,524,1512,2887,52.37%,314,1127,1441
"District Judge, 351 st Judicial District",0367,453,204,657,1256,52.31%,149,469,618
"District Judge, 351 st Judicial District",0368,433,122,555,1024,54.20%,141,392,533
"District Judge, 351 st Judicial District",0369,132,29,161,678,23.75%,57,91,148
"District Judge, 351 st Judicial District",0370,2525,627,3152,4531,69.57%,2226,782,3008
"District Judge, 351 st Judicial District",0371,210,78,288,537,53.63%,12,270,282
"District Judge, 351 st Judicial District",0372,509,180,689,1274,54.08%,71,590,661
"District Judge, 351 st Judicial District",0373,61,13,74,163,45.40%,1,69,70
"District Judge, 351 st Judicial District",0374,175,165,341,720,47.36%,77,247,324
Office,Precinct,Early Ballots Cast,Election Ballots Cast,Total Ballots Cast,Registered Voters,Percent Turnout,REP Mark Kent Ellis,DEM George Powell,Totals
"District Judge, 351 st Judicial District",0375,745,510,1255,2836,44.25%,413,763,1176
"District Judge, 351 st Judicial District",0376,753,344,1097,2060,53.25%,391,638,1029
"District Judge, 351 st Judicial District",0377,1381,643,2024,3137,64.52%,1495,429,1924
"District Judge, 351 st Judicial District",0378,621,447,1068,1856,57.54%,645,374,1019
"District Judge, 351 st Judicial District",0379,857,388,1245,2149,57.93%,108,1099,1207
"District Judge, 351 st Judicial District",0380,2732,551,3283,4380,74.95%,1696,1454,3150
"District Judge, 351 st Judicial District",0381,1185,432,1517,3141,51.48%,600,931,1531
"District Judge, 351 st Judicial District",0382,429,206,635,1035,61.35%,378,229,607
"District Judge, 351 st Judicial District",0383,722,458,1180,2373,49.73%,345,768,1113
"District Judge, 351 st Judicial District",0384,1152,444,1596,2725,58.57%,350,1166,1516
"District Judge, 351 st Judicial District",0385,1141,561,1702,2207,77.12%,1294,317,1611
"District Judge, 351 st Judicial District",0386,1658,419,2077,3105,66.89%,1457,550,2007
"District Judge, 351 st Judicial District",0387,1702,780,2482,4340,57.19%,1615,740,2355
"District Judge, 351 st Judicial District",0388,2899,711,3510,5413,66.69%,1682,1781,3463
"District Judge, 351 st Judicial District",0389,397,293,690,1359,50.77%,96,547,643
"District Judge, 351 st Judicial District",0390,698,271,969,1482,65.38%,138,794,932
"District Judge, 351 st Judicial District",0391,986,336,1322,1978,66.84%,783,475,1258
"District Judge, 351 st Judicial District",0392,652,145,797,1426,55.89%,15,757,772
"District Judge, 351 st Judicial District",0393,427,257,684,1274,53.69%,299,344,643
"District Judge, 351 st Judicial District",0394,236,126,362,914,39.61%,116,223,339
"District Judge, 351 st Judicial District",0395,1007,371,1378,1875,73.49%,921,376,1297
"District Judge, 351 st Judicial District",0396,1035,204,1239,2072,59.80%,33,1166,1199
"District Judge, 351 st Judicial District",0397,204,117,321,796,40.33%,111,189,300
"District Judge, 351 st Judicial District",0398,1761,654,2415,4200,57.50%,1054,1244,2298
"District Judge, 351 st Judicial District",0399,1291,546,1837,3340,55.00%,681,1087,1768
"District Judge, 351 st Judicial District",0400,1457,372,1839,2661,69.11%,1183,576,1759
"District Judge, 351 st Judicial District",0401,703,257,960,1971,48.71%,49,868,917
"District Judge, 351 st Judicial District",0402,897,262,1159,1911,60.65%,65,1057,1122
"District Judge, 351 st Judicial District",0403,959,387,1346,1719,78.30%,739,492,1231
"District Judge, 351 st Judicial District",0404,1033,445,1478,2717,54.40%,693,729,1422
"District Judge, 351 st Judicial District",0405,1910,457,2367,3067,77.18%,1744,551,2295
"District Judge, 351 st Judicial District",0406,275,65,340,649,52.39%,9,318,327
"District Judge, 351 st Judicial District",0407,1703,860,2563,3969,64.58%,1504,908,2412
"District Judge, 351 st Judicial District",0408,520,313,833,1740,47.87%,238,534,772
Office,Precinct,Early Ballots Cast,Election Ballots Cast,Total Ballots Cast,Registered Voters,Percent Turnout,REP Mark Kent Ellis,DEM George Powell,Totals
"District Judge, 351 st Judicial District",0409,501,280,781,1608,48.57%,227,504,731
"District Judge, 351 st Judicial District",0410,381,96,477,934,51.07%,88,368,456
"District Judge, 351 st Judicial District",0411,699,418,1117,2426,46.04%,270,774,1044
"District Judge, 351 st Judicial District",0412,156,80,236,478,49.37%,10,218,228
"District Judge, 351 st Judicial District",0413,1546,456,2002,3081,64.98%,715,1178,1893
"District Judge, 351 st Judicial District",0414,1573,514,2087,3586,58.20%,1488,500,1988
"District Judge, 351 st Judicial District",0415,1076,573,1649,2284,72.20%,1096,459,1555
"District Judge, 351 st Judicial District",0416,1443,845,2288,4009,57.07%,1091,1066,2157
"District Judge, 351 st Judicial District",0417,1104,397,1501,2589,57.98%,611,811,1422
"District Judge, 351 st Judicial District",0418,1336,663,1999,3940,50.74%,631,1235,1866
"District Judge, 351 st Judicial District",0419,1166,477,1643,2702,60.81%,936,631,1567
"District Judge, 351 st Judicial District",0420,2687,731,3418,4946,69.11%,2727,547,3274
"District Judge, 351 st Judicial District",0421,1240,273,1513,2023,74.79%,694,755,1449
"District Judge, 351 st Judicial District",0422,1357,401,1768,3348,52.81%,61,1653,1714
"District Judge, 351 st Judicial District",0423,316,288,604,1423,42.45%,124,452,576
"District Judge, 351 st Judicial District",0424,548,158,706,1079,65.43%,371,297,668
"District Judge, 351 st Judicial District",0425,257,139,396,878,45.10%,108,266,374
"District Judge, 351 st Judicial District",0426,485,228,713,1266,56.32%,356,312,668
"District Judge, 351 st Judicial District",0427,437,155,592,1120,52.86%,192,362,554
"District Judge, 351 st Judicial District",0428,1588,865,2553,5151,49.56%,618,1793,2411
"District Judge, 351 st Judicial District",0429,947,649,1596,3311,48.20%,319,1201,1520
"District Judge, 351 st Judicial District",0430,524,291,815,1794,45.43%,138,619,757
"District Judge, 351 st Judicial District",0431,1218,604,1822,3860,47.20%,381,1350,1731
"District Judge, 351 st Judicial District",0432,456,249,705,1568,44.96%,207,445,652
"District Judge, 351 st Judicial District",0433,163,88,251,561,44.74%,56,181,237
"District Judge, 351 st Judicial District",0434,831,293,1124,1557,72.19%,636,396,1032
"District Judge, 351 st Judicial District",0435,1951,567,2518,3363,74.87%,1585,775,2360
"District Judge, 351 st Judicial District",0436,2008,678,2686,3809,70.52%,1490,1011,2501
"District Judge, 351 st Judicial District",0437,1148,425,1573,2094,75.12%,1042,444,1486
"District Judge, 351 st Judicial District",0438,2288,475,2763,3789,72.92%,1897,699,2596
"District Judge, 351 st Judicial District",0439,1854,749,2603,3701,70.33%,1745,697,2442
"District Judge, 351 st Judicial District",0440,1498,749,2247,2973,75.58%,1703,417,2120
"District Judge, 351 st Judicial District",0441,824,408,1232,1695,72.68%,855,306,1161
"District Judge, 351 st Judicial District",0442,2441,685,3126,4315,72.44%,2520,472,2992
Office,Precinct,Early Ballots Cast,Election Ballots Cast,Total Ballots Cast,Registered Voters,Percent Turnout,REP Mark Kent Ellis,DEM George Powell,Totals
"District Judge, 351 st Judicial District",0443,415,83,498,642,77.57%,362,108,470
"District Judge, 351 st Judicial District",0444,1620,679,2299,3625,63.42%,1231,920,2151
"District Judge, 351 st Judicial District",0445,1036,382,1418,2134,66.45%,836,505,1341
"District Judge, 351 st Judicial District",0446,89,45,134,309,43.37%,49,78,127
"District Judge, 351 st Judicial District",0447,2411,464,2875,3727,77.14%,1851,873,2724
"District Judge, 351 st Judicial District",0448,1763,529,2292,3155,72.65%,1271,831,2102
"District Judge, 351 st Judicial District",0449,73,26,99,225,44.00%,11,86,97
"District Judge, 351 st Judicial District",0450,1104,394,1498,2890,51.83%,382,1052,1434
"District Judge, 351 st Judicial District",0451,1719,367,2086,2771,75.28%,1648,352,2000
"District Judge, 351 st Judicial District",0452,1871,662,2533,3789,66.85%,1658,761,2419
"District Judge, 351 st Judicial District",0453,661,417,1078,2039,52.87%,284,732,1016
"District Judge, 351 st Judicial District",0454,1043,288,1331,2509,53.05%,21,1269,1290
"District Judge, 351 st Judicial District",0455,669,173,842,1713,49.15%,35,777,812
"District Judge, 351 st Judicial District",0456,1404,553,1957,3793,51.60%,1009,848,1857
"District Judge, 351 st Judicial District",0457,0,0,0,0,0.00%,0,0,0
"District Judge, 351 st Judicial District",0458,914,253,1167,2025,57.63%,79,1037,1116
"District Judge, 351 st Judicial District",0459,2362,432,2794,3942,70.88%,2096,573,2669
"District Judge, 351 st Judicial District",0460,1613,472,2085,3280,63.57%,495,1503,1998
"District Judge, 351 st Judicial District",0461,2242,669,2911,4054,71.81%,1793,912,2705
"District Judge, 351 st Judicial District",0462,1474,738,2212,3507,63.07%,740,1373,2113
"District Judge, 351 st Judicial District",0463,1673,564,2237,3773,59.29%,842,1323,2165
"District Judge, 351 st Judicial District",0464,967,582,1549,2343,66.11%,944,505,1449
"District Judge, 351 st Judicial District",0465,1628,594,2222,3778,58.81%,988,1137,2125
"District Judge, 351 st Judicial District",0466,2274,509,2783,4327,64.32%,1382,1292,2674
"District Judge, 351 st Judicial District",0467,501,225,726,1320,55.00%,150,538,688
"District Judge, 351 st Judicial District",0468,1379,747,2126,4040,52.62%,501,1519,2020
"District Judge, 351 st Judicial District",0469,1867,462,2329,3257,71.51%,1776,444,2220
"District Judge, 351 st Judicial District",0470,555,232,787,1358,57.95%,559,192,751
"District Judge, 351 st Judicial District",0471,1057,458,1515,2473,61.26%,1115,341,1456
"District Judge, 351 st Judicial District",0472,463,339,802,1131,70.91%,364,381,745
"District Judge, 351 st Judicial District",0473,944,390,1334,1787,74.65%,897,362,1259
"District Judge, 351 st Judicial District",0474,1417,624,2041,3127,65.27%,1296,653,1949
"District Judge, 351 st Judicial District",0475,791,261,1052,1936,54.34%,400,592,992
"District Judge, 351 st Judicial District",0476,1077,405,1482,2458,60.29%,755,651,1406
Office,Precinct,Early Ballots Cast,Election Ballots Cast,Total Ballots Cast,Registered Voters,Percent Turnout,REP Mark Kent Ellis,DEM George Powell,Totals
"District Judge, 351 st Judicial District",0477,2027,640,2667,4010,66.51%,1787,744,2531
"District Judge, 351 st Judicial District",0478,2271,683,2954,4696,62.90%,1827,979,2806
"District Judge, 351 st Judicial District",0479,1978,755,2733,3851,70.97%,1975,651,2626
"District Judge, 351 st Judicial District",0480,1445,538,1983,2978,66.59%,1321,590,1911
"District Judge, 351 st Judicial District",0481,1756,667,2423,3609,67.14%,1721,574,2295
"District Judge, 351 st Judicial District",0482,2259,618,2877,4405,65.31%,1896,848,2744
"District Judge, 351 st Judicial District",0483,2305,538,2843,4495,63.25%,1428,1256,2684
"District Judge, 351 st Judicial District",0484,2020,700,2720,3981,68.32%,1682,918,2600
"District Judge, 351 st Judicial District",0485,2118,567,2685,4051,66.28%,1869,708,2577
"District Judge, 351 st Judicial District",0486,2310,721,3031,4195,72.25%,2265,627,2892
"District Judge, 351 st Judicial District",0487,1405,527,1932,4142,46.64%,457,1308,1765
"District Judge, 351 st Judicial District",0488,842,511,1353,2382,56.80%,370,916,1286
"District Judge, 351 st Judicial District",0489,865,344,1209,1958,61.75%,330,815,1145
"District Judge, 351 st Judicial District",0490,980,346,1326,2105,62.99%,405,841,1246
"District Judge, 351 st Judicial District",0491,937,488,1425,2110,67.54%,760,578,1338
"District Judge, 351 st Judicial District",0492,1217,396,1613,2552,63.21%,822,711,1533
"District Judge, 351 st Judicial District",0493,1404,555,1959,3338,58.69%,704,1141,1845
"District Judge, 351 st Judicial District",0494,1079,419,1498,2787,53.75%,179,1260,1439
"District Judge, 351 st Judicial District",0495,1414,376,1790,2488,71.95%,1178,512,1690
"District Judge, 351 st Judicial District",0496,687,549,1235,2325,53.16%,411,766,1177
"District Judge, 351 st Judicial District",0497,915,281,1197,2148,55.73%,52,1100,1152
"District Judge, 351 st Judicial District",0498,1069,423,1492,2527,59.04%,500,914,1414
"District Judge, 351 st Judicial District",0499,1433,397,1830,2336,78.34%,1288,458,1746
"District Judge, 351 st Judicial District",0500,1869,651,2520,3698,68.14%,1541,864,2405
"District Judge, 351 st Judicial District",0501,1146,406,1552,2016,76.98%,671,771,1442
"District Judge, 351 st Judicial District",0502,1,355,293,1559,2595,63.93%,1248,331,1579
"District Judge, 351 st Judicial District",0503,1397,306,1703,2236,76.16%,1235,380,1615
"District Judge, 351 st Judicial District",0504,1270,482,1752,2318,75.58%,1118,528,1646
"District Judge, 351 st Judicial District",0505,1750,735,2485,4076,60.97%,1076,1226,2302
"District Judge, 351 st Judicial District",0506,1513,696,2209,3544,62.33%,321,1805,2126
"District Judge, 351 st Judicial District",0507,599,319,918,2562,35.83%,198,618,816
"District Judge, 351 st Judicial District",0508,1519,828,2347,4767,49.23%,633,1536,2169
"District Judge, 351 st Judicial District",0509,2504,669,3173,5153,61.58%,1949,1089,3038
"District Judge, 351 st Judicial District",0510,1701,666,2367,3822,61.93%,992,1285,2277
Office,Precinct,Early Ballots Cast,Election Ballots Cast,Total Ballots Cast,Registered Voters,Percent Turnout,REP Mark Kent Ellis,DEM George Powell,Totals
"District Judge, 351 st Judicial District",0511,2933,574,3507,4620,75.91%,2083,1292,3375
"District Judge, 351 st Judicial District",0512,1668,871,2539,4559,55.69%,958,1456,2414
"District Judge, 351 st Judicial District",0513,1754,413,2187,3003,72.16%,1539,529,2068
"District Judge, 351 st Judicial District",0514,2288,613,2899,4378,66.22%,1940,825,2765
"District Judge, 351 st Judicial District",0515,1836,468,2304,3182,72.41%,1799,405,2204
"District Judge, 351 st Judicial District",0516,1316,363,1679,2799,59.99%,803,804,1607
"District Judge, 351 st Judicial District",0517,1610,509,2119,3744,56.60%,889,1130,2019
"District Judge, 351 st Judicial District",0518,1886,676,2562,4049,63.27%,1464,968,2432
"District Judge, 351 st Judicial District",0519,1421,518,1939,3098,62.59%,1289,564,1853
"District Judge, 351 st Judicial District",0520,1788,670,2456,5202,47.21%,362,2024,2386
"District Judge, 351 st Judicial District",0521,1350,578,1928,3070,62.80%,876,973,1849
"District Judge, 351 st Judicial District",0522,1508,464,1972,2815,70.05%,1437,473,1910
"District Judge, 351 st Judicial District",0523,1978,537,2515,4027,62.45%,1512,863,2375
"District Judge, 351 st Judicial District",0524,1392,637,2029,3598,56.39%,531,1401,1932
"District Judge, 351 st Judicial District",0525,1440,574,2014,3260,61.78%,420,1487,1907
"District Judge, 351 st Judicial District",0526,235,157,392,820,47.80%,78,283,361
"District Judge, 351 st Judicial District",0527,156,38,194,580,33.45%,72,109,181
"District Judge, 351 st Judicial District",0528,17,8,25,78,32.05%,1,23,24
"District Judge, 351 st Judicial District",0529,2107,434,2541,3842,66.14%,2075,351,2426
"District Judge, 351 st Judicial District",0530,375,212,587,1236,47.49%,108,428,536
"District Judge, 351 st Judicial District",0531,1234,166,1400,2250,62.22%,1002,314,1316
"District Judge, 351 st Judicial District",0532,478,140,618,1058,58.41%,404,200,604
"District Judge, 351 st Judicial District",0533,352,169,521,1164,44.76%,254,234,488
"District Judge, 351 st Judicial District",0534,1895,577,2472,3918,63.09%,1694,657,2351
"District Judge, 351 st Judicial District",0535,132,62,194,413,46.97%,58,120,178
"District Judge, 351 st Judicial District",0536,2104,1053,3157,5637,56.00%,991,1973,2964
"District Judge, 351 st Judicial District",0537,1958,464,2422,3174,76.31%,1690,624,2314
"District Judge, 351 st Judicial District",0538,371,203,574,1332,43.09%,14,540,554
"District Judge, 351 st Judicial District",0539,811,234,1045,1535,68.08%,549,439,988
"District Judge, 351 st Judicial District",0540,997,349,1346,1759,76.52%,498,731,1229
"District Judge, 351 st Judicial District",0541,2157,761,2918,5001,58.35%,451,2322,2773
"District Judge, 351 st Judicial District",0542,1156,406,1562,2654,58.85%,98,1399,1497
"District Judge, 351 st Judicial District",0543,553,321,874,1658,52.71%,210,616,826
"District Judge, 351 st Judicial District",0544,84,54,138,313,44.09%,14,121,135
Office,Precinct,Early Ballots Cast,Election Ballots Cast,Total Ballots Cast,Registered Voters,Percent Turnout,REP Mark Kent Ellis,DEM George Powell,Totals
"District Judge, 351 st Judicial District",0545,2015,468,2483,3949,62.88%,1060,1281,2341
"District Judge, 351 st Judicial District",0546,1524,278,1802,2471,72.93%,1511,239,1750
"District Judge, 351 st Judicial District",0547,1413,270,1683,2534,66.42%,1084,518,1602
"District Judge, 351 st Judicial District",0548,882,395,1277,2339,54.60%,551,681,1232
"District Judge, 351 st Judicial District",0549,1105,447,1552,2786,55.71%,188,1316,1504
"District Judge, 351 st Judicial District",0550,1171,553,1724,3245,53.13%,716,947,1663
"District Judge, 351 st Judicial District",0551,2586,793,3379,4428,76.31%,2501,723,3224
"District Judge, 351 st Judicial District",0552,2090,784,2874,3762,76.40%,2271,488,2759
"District Judge, 351 st Judicial District",0553,962,317,1279,2193,58.32%,475,752,1227
"District Judge, 351 st Judicial District",0554,597,271,868,1774,48.93%,169,665,834
"District Judge, 351 st Judicial District",0555,639,390,1029,2286,45.01%,174,809,983
"District Judge, 351 st Judicial District",0556,759,435,1194,2491,47.93%,233,906,1139
"District Judge, 351 st Judicial District",0557,925,460,1385,2955,46.87%,369,901,1270
"District Judge, 351 st Judicial District",0558,1812,721,2533,4718,53.69%,739,1691,2430
"District Judge, 351 st Judicial District",0559,1901,701,2602,4984,52.21%,575,1908,2483
"District Judge, 351 st Judicial District",0560,290,247,537,1141,47.06%,88,410,498
"District Judge, 351 st Judicial District",0561,1023,624,1647,3138,52.49%,932,624,1556
"District Judge, 351 st Judicial District",0562,222,116,338,691,48.91%,36,274,310
"District Judge, 351 st Judicial District",0563,2069,337,2406,3468,69.38%,1809,486,2295
"District Judge, 351 st Judicial District",0564,1551,526,2077,3240,64.10%,558,1389,1947
"District Judge, 351 st Judicial District",0565,336,148,484,1414,34.23%,73,389,462
"District Judge, 351 st Judicial District",0566,1183,441,1624,3029,53.62%,398,1155,1553
"District Judge, 351 st Judicial District",0567,965,390,1355,2851,47.53%,343,919,1262
"District Judge, 351 st Judicial District",0568,1833,697,2530,3638,69.54%,1578,770,2348
"District Judge, 351 st Judicial District",0569,2027,747,2774,4125,67.25%,1313,1274,2587
"District Judge, 351 st Judicial District",0570,766,278,1044,1598,65.33%,376,587,963
"District Judge, 351 st Judicial District",0571,521,314,835,1950,42.82%,231,559,790
"District Judge, 351 st Judicial District",0572,1522,444,1966,3308,59.43%,843,1018,1861
"District Judge, 351 st Judicial District",0573,489,215,704,1625,43.32%,14,676,690
"District Judge, 351 st Judicial District",0574,112,74,186,391,47.57%,23,154,177
"District Judge, 351 st Judicial District",0575,1905,535,2440,3557,68.60%,1307,1014,2321
"District Judge, 351 st Judicial District",0576,1107,375,1482,2830,52.37%,83,1347,1430
"District Judge, 351 st Judicial District",0577,885,205,1090,1586,68.73%,634,394,1028
"District Judge, 351 st Judicial District",0578,1026,405,1431,1862,76.85%,882,446,1328
Office,Precinct,Early Ballots Cast,Election Ballots Cast,Total Ballots Cast,Registered Voters,Percent Turnout,REP Mark Kent Ellis,DEM George Powell,Totals
"District Judge, 351 st Judicial District",0579,287,181,468,1139,41.09%,76,368,444
"District Judge, 351 st Judicial District",0580,366,108,474,985,48.12%,20,448,468
"District Judge, 351 st Judicial District",0581,456,137,593,1033,57.41%,18,551,569
"District Judge, 351 st Judicial District",0582,543,232,775,1607,48.23%,50,691,741
"District Judge, 351 st Judicial District",0583,433,155,588,1286,45.72%,15,559,574
"District Judge, 351 st Judicial District",0584,367,120,487,1062,45.86%,35,430,465
"District Judge, 351 st Judicial District",0585,829,280,1109,2346,47.27%,58,1014,1072
"District Judge, 351 st Judicial District",0586,1790,790,2580,4521,57.07%,1423,1042,2465
"District Judge, 351 st Judicial District",0587,1204,431,1635,2870,56.97%,513,1052,1565
"District Judge, 351 st Judicial District",0588,1940,606,2546,3780,67.35%,1644,798,2442
"District Judge, 351 st Judicial District",0589,1539,545,2084,3780,55.13%,965,1026,1991
"District Judge, 351 st Judicial District",0590,1230,400,1630,2176,74.91%,1254,291,1545
"District Judge, 351 st Judicial District",0591,651,462,1113,2274,48.94%,264,781,1045
"District Judge, 351 st Judicial District",0592,449,272,721,1446,49.86%,149,535,684
"District Judge, 351 st Judicial District",0593,1581,755,2316,4179,55.42%,885,1301,2186
"District Judge, 351 st Judicial District",0594,1243,316,1559,2578,60.47%,411,1102,1513
"District Judge, 351 st Judicial District",0595,600,299,899,1833,49.05%,131,731,862
"District Judge, 351 st Judicial District",0596,1377,501,1878,3574,52.55%,824,954,1778
"District Judge, 351 st Judicial District",0597,1204,609,1813,3587,50.54%,604,1120,1724
"District Judge, 351 st Judicial District",0598,2389,731,3120,5253,59.39%,1032,1948,2980
"District Judge, 351 st Judicial District",0599,1378,493,1871,3005,62.26%,618,1185,1803
"District Judge, 351 st Judicial District",0600,1602,776,2378,4204,56.57%,760,1489,2249
"District Judge, 351 st Judicial District",0601,2220,670,2890,4151,69.62%,2059,716,2775
"District Judge, 351 st Judicial District",0602,754,234,988,1441,68.56%,655,291,946
"District Judge, 351 st Judicial District",0603,2335,725,3060,4666,65.58%,1700,1228,2928
"District Judge, 351 st Judicial District",0604,1816,375,2191,3189,68.70%,1786,299,2085
"District Judge, 351 st Judicial District",0605,1711,599,2310,4217,54.78%,516,1675,2191
"District Judge, 351 st Judicial District",0606,319,111,430,970,44.33%,8,411,419
"District Judge, 351 st Judicial District",0607,163,51,214,712,30.06%,22,184,206
"District Judge, 351 st Judicial District",0608,156,77,233,570,40.88%,73,146,219
"District Judge, 351 st Judicial District",0609,2037,729,2766,4305,64.25%,1561,1068,2629
"District Judge, 351 st Judicial District",0610,665,343,1008,2086,48.32%,396,543,939
"District Judge, 351 st Judicial District",0611,980,229,1209,2527,47.84%,44,1137,1181
"District Judge, 351 st Judicial District",0612,1927,431,2358,3388,69.60%,1743,500,2243
Office,Precinct,Early Ballots Cast,Election Ballots Cast,Total Ballots Cast,Registered Voters,Percent Turnout,REP Mark Kent Ellis,DEM George Powell,Totals
"District Judge, 351 st Judicial District",0613,937,339,1276,2368,53.89%,209,1011,1220
"District Judge, 351 st Judicial District",0614,1949,645,2594,4566,56.81%,743,1726,2469
"District Judge, 351 st Judicial District",0615,1075,301,1376,2086,65.96%,707,607,1314
"District Judge, 351 st Judicial District",0616,1809,611,2420,3516,68.83%,1550,734,2284
"District Judge, 351 st Judicial District",0617,1704,650,2354,4179,56.33%,754,1502,2256
"District Judge, 351 st Judicial District",0618,1698,545,2243,3801,59.01%,878,1280,2158
"District Judge, 351 st Judicial District",0619,2792,663,3455,4916,70.28%,2496,848,3344
"District Judge, 351 st Judicial District",0620,1747,333,2080,3318,62.69%,1053,918,1971
"District Judge, 351 st Judicial District",0621,536,200,736,1272,57.86%,299,389,688
"District Judge, 351 st Judicial District",0622,2129,591,2720,4562,59.62%,1431,1161,2592
"District Judge, 351 st Judicial District",0623,1960,461,2421,3919,61.78%,1476,831,2307
"District Judge, 351 st Judicial District",0624,297,59,356,456,78.07%,262,80,342
"District Judge, 351 st Judicial District",0625,924,372,1296,1864,69.53%,693,531,1224
"District Judge, 351 st Judicial District",0626,2280,784,3054,4816,63.62%,1586,1320,2906
"District Judge, 351 st Judicial District",0627,935,649,1584,3235,48.96%,408,1096,1504
"District Judge, 351 st Judicial District",0628,716,545,1261,2420,52.11%,416,759,1175
"District Judge, 351 st Judicial District",0629,162,96,258,750,34.40%,32,218,250
"District Judge, 351 st Judicial District",0630,2662,541,3203,4738,67.60%,317,2790,3107
"District Judge, 351 st Judicial District",0631,1841,398,2239,3263,68.62%,1456,675,2131
"District Judge, 351 st Judicial District",0632,4,1,5,241,2.07%,0,5,5
"District Judge, 351 st Judicial District",0633,2285,601,2887,3912,73.80%,1937,826,2763
"District Judge, 351 st Judicial District",0634,1435,499,1934,3259,59.34%,1071,783,1854
"District Judge, 351 st Judicial District",0635,1645,520,2165,3512,61.65%,1572,489,2061
"District Judge, 351 st Judicial District",0636,2303,922,3225,4569,70.58%,2742,356,3098
"District Judge, 351 st Judicial District",0637,1095,423,1518,2591,58.59%,312,1076,1388
"District Judge, 351 st Judicial District",0638,850,348,1198,2310,51.86%,100,1064,1164
"District Judge, 351 st Judicial District",0639,1385,284,1670,2560,65.23%,1261,334,1595
"District Judge, 351 st Judicial District",0640,1619,615,2234,3927,56.89%,1223,920,2143
"District Judge, 351 st Judicial District",0641,1637,683,2320,3840,60.42%,1326,890,2216
"District Judge, 351 st Judicial District",0642,1030,270,1300,1783,72.91%,1000,248,1248
"District Judge, 351 st Judicial District",0643,1948,593,2541,4189,60.66%,1161,1280,2441
"District Judge, 351 st Judicial District",0644,2087,689,2776,4446,62.44%,1565,1088,2653
"District Judge, 351 st Judicial District",0645,2145,769,2914,4517,64.51%,1164,1593,2757
"District Judge, 351 st Judicial District",0646,925,399,1324,2422,54.67%,328,921,1249
Office,Precinct,Early Ballots Cast,Election Ballots Cast,Total Ballots Cast,Registered Voters,Percent Turnout,REP Mark Kent Ellis,DEM George Powell,Totals
"District Judge, 351 st Judicial District",0647,1372,526,1898,4349,43.64%,386,1381,1767
"District Judge, 351 st Judicial District",0648,1859,500,2359,3487,67.65%,1626,643,2269
"District Judge, 351 st Judicial District",0649,1549,775,2324,4755,48.87%,554,1654,2208
"District Judge, 351 st Judicial District",0650,2033,819,2852,4039,70.61%,1909,820,2729
"District Judge, 351 st Judicial District",0651,1734,551,2285,3873,59.00%,1187,996,2183
"District Judge, 351 st Judicial District",0652,1165,545,1710,2979,57.40%,265,1388,1653
"District Judge, 351 st Judicial District",0653,185,110,295,604,48.84%,64,218,282
"District Judge, 351 st Judicial District",0654,2381,698,3079,5063,60.81%,1522,1392,2914
"District Judge, 351 st Judicial District",0655,1959,761,2720,4495,60.51%,1432,1131,2563
"District Judge, 351 st Judicial District",0656,1106,401,1507,2737,55.06%,74,1386,1460
"District Judge, 351 st Judicial District",0657,683,276,959,1487,64.49%,320,588,908
"District Judge, 351 st Judicial District",0658,1299,494,1793,2901,61.81%,1085,639,1724
"District Judge, 351 st Judicial District",0659,2806,733,3539,5161,68.57%,2379,1000,3379
"District Judge, 351 st Judicial District",0660,1575,345,1920,3087,62.20%,180,1678,1858
"District Judge, 351 st Judicial District",0661,1945,774,2720,4363,62.34%,1302,1270,2572
"District Judge, 351 st Judicial District",0662,2267,571,2838,4002,70.91%,2252,477,2729
"District Judge, 351 st Judicial District",0663,1338,448,1786,2340,76.32%,920,716,1636
"District Judge, 351 st Judicial District",0664,909,513,1422,2992,47.53%,254,1091,1345
"District Judge, 351 st Judicial District",0665,1327,360,1687,2354,71.67%,1320,298,1618
"District Judge, 351 st Judicial District",0666,0,0,0,0,0.00%,0,0,0
"District Judge, 351 st Judicial District",0667,1109,400,1509,2175,69.38%,1104,331,1435
"District Judge, 351 st Judicial District",0668,1552,719,2271,3669,61.90%,1326,854,2180
"District Judge, 351 st Judicial District",0669,1889,702,2591,3585,72.27%,1730,742,2472
"District Judge, 351 st Judicial District",0670,1996,416,2412,3335,72.32%,1889,413,2302
"District Judge, 351 st Judicial District",0671,1398,588,1986,3198,62.10%,1049,849,1898
"District Judge, 351 st Judicial District",0672,1724,489,2213,3433,64.46%,1490,650,2140
"District Judge, 351 st Judicial District",0673,1525,467,2092,3051,68.57%,1636,373,2009
"District Judge, 351 st Judicial District",0674,2354,610,2964,4228,70.10%,2103,743,2846
"District Judge, 351 st Judicial District",0675,0,0,0,0,0.00%,0,0,0
"District Judge, 351 st Judicial District",0676,1087,465,1552,2976,52.15%,565,907,1472
"District Judge, 351 st Judicial District",0677,423,259,682,1300,52.46%,157,471,628
"District Judge, 351 st Judicial District",0678,1164,294,1458,2660,54.81%,139,1265,1404
"District Judge, 351 st Judicial District",0679,1718,529,2247,3542,63.44%,1514,615,2129
"District Judge, 351 st Judicial District",0680,98,17,115,179,64.25%,45,66,111
Office,Precinct,Early Ballots Cast,Election Ballots Cast,Total Ballots Cast,Registered Voters,Percent Turnout,REP Mark Kent Ellis,DEM George Powell,Totals
"District Judge, 351 st Judicial District",0681,e,0,6,4,150.00%,3,3,6
"District Judge, 351 st Judicial District",0682,2112,690,2802,4313,64.97%,1971,724,2695
"District Judge, 351 st Judicial District",0683,82,5,87,302,28.81%,22,61,83
"District Judge, 351 st Judicial District",0684,1580,640,2320,3559,65.19%,1397,815,2212
"District Judge, 351 st Judicial District",0685,139,28,167,285,58.60%,76,71,147
"District Judge, 351 st Judicial District",0686,53,5,58,221,26.24%,17,39,56
"District Judge, 351 st Judicial District",0687,1510,400,1910,2713,70.40%,1234,568,1802
"District Judge, 351 st Judicial District",0688,2333,594,2927,3922,74.63%,2265,555,2820
"District Judge, 351 st Judicial District",0689,725,604,1330,2449,54.31%,540,698,1238
"District Judge, 351 st Judicial District",0690,1957,553,2520,3614,69.73%,1891,512,2403
"District Judge, 351 st Judicial District",0691,2131,551,2682,3690,72.68%,2020,566,2586
"District Judge, 351 st Judicial District",0692,1278,678,1956,3118,62.73%,1333,519,1852
"District Judge, 351 st Judicial District",0693,309,110,419,681,61.53%,113,283,396
"District Judge, 351 st Judicial District",0694,1005,319,1324,2478,53.43%,515,756,1271
"District Judge, 351 st Judicial District",0695,628,315,943,1842,51.19%,535,351,886
"District Judge, 351 st Judicial District",0696,723,312,1035,2027,51.06%,602,401,1003
"District Judge, 351 st Judicial District",0697,1299,552,1851,3238,57.16%,437,1335,1772
"District Judge, 351 st Judicial District",0698,1275,520,1795,3339,53.76%,210,1520,1730
"District Judge, 351 st Judicial District",0699,1276,398,1674,2387,70.13%,1054,503,1557
"District Judge, 351 st Judicial District",0700,726,247,973,1536,63.35%,799,137,936
"District Judge, 351 st Judicial District",0701,208,73,281,614,45.77%,114,144,258
"District Judge, 351 st Judicial District",0702,183,69,252,550,45.82%,38,205,243
"District Judge, 351 st Judicial District",0703,899,528,1427,1943,73.44%,1009,344,1353
"District Judge, 351 st Judicial District",0704,1698,512,2210,3121,70.81%,1761,366,2127
"District Judge, 351 st Judicial District",0705,331,206,537,1513,35.49%,54,470,524
"District Judge, 351 st Judicial District",0706,1248,372,1620,2821,57.43%,563,945,1508
"District Judge, 351 st Judicial District",0707,377,69,446,757,58.92%,265,156,421
"District Judge, 351 st Judicial District",0708,162,98,260,592,43.92%,80,166,246
"District Judge, 351 st Judicial District",0709,2257,528,2785,4136,67.34%,1438,1227,2665
"District Judge, 351 st Judicial District",0710,1132,450,1582,2096,75.48%,868,588,1456
"District Judge, 351 st Judicial District",0711,1978,599,2577,3820,67.46%,1325,1124,2449
"District Judge, 351 st Judicial District",0712,1720,627,2347,4002,58.65%,805,1463,2268
"District Judge, 351 st Judicial District",0713,770,365,1135,2006,56.58%,513,569,1082
"District Judge, 351 st Judicial District",0714,102,28,130,306,42.48%,59,64,123
Office,Precinct,Early Ballots Cast,Election Ballots Cast,Total Ballots Cast,Registered Voters,Percent Turnout,REP Mark Kent Ellis,DEM George Powell,Totals
"District Judge, 351 st Judicial District",0715,553,239,792,1549,51.13%,363,387,750
"District Judge, 351 st Judicial District",0716,1215,419,1635,2720,60.11%,1126,438,1564
"District Judge, 351 st Judicial District",0717,974,232,1206,2082,57.93%,160,998,1158
"District Judge, 351 st Judicial District",0718,2243,872,3115,4412,70.60%,1972,951,2923
"District Judge, 351 st Judicial District",0719,624,223,847,1644,51.52%,397,401,798
"District Judge, 351 st Judicial District",0720,2498,709,3207,4709,68.10%,2121,934,3055
"District Judge, 351 st Judicial District",0721,1455,603,2059,2926,70.71%,1310,628,1938
"District Judge, 351 st Judicial District",0722,1929,609,2538,4638,54.72%,162,2277,2439
"District Judge, 351 st Judicial District",0723,897,261,1158,1959,59.11%,215,894,1109
"District Judge, 351 st Judicial District",0724,395,146,541,800,67.63%,353,161,514
"District Judge, 351 st Judicial District",0725,976,294,1270,2336,54.37%,497,696,1193
"District Judge, 351 st Judicial District",0726,1271,321,1592,2207,72.13%,1350,190,1540
"District Judge, 351 st Judicial District",0727,981,415,1396,2708,51.55%,370,973,1343
"District Judge, 351 st Judicial District",0728,399,198,597,942,63.38%,343,218,561
"District Judge, 351 st Judicial District",0729,235,49,284,471,60.30%,157,116,273
"District Judge, 351 st Judicial District",0730,1360,406,1766,2435,72.53%,1118,541,1659
"District Judge, 351 st Judicial District",0731,2087,624,2711,4834,56.08%,1089,1506,2595
"District Judge, 351 st Judicial District",0732,791,449,1240,1943,63.82%,709,457,1166
"District Judge, 351 st Judicial District",0733,55,25,80,303,26.40%,27,50,77
"District Judge, 351 st Judicial District",0734,2307,556,2863,4294,66.67%,1820,927,2747
"District Judge, 351 st Judicial District",0735,157,61,218,251,86.85%,115,93,208
"District Judge, 351 st Judicial District",0736,14,3,17,42,40.48%,0,13,13
"District Judge, 351 st Judicial District",0737,21,6,27,56,48.21%,19,8,27
"District Judge, 351 st Judicial District",0738,435,214,649,1497,43.35%,105,526,631
"District Judge, 351 st Judicial District",0739,978,440,1418,2971,47.73%,597,748,1345
"District Judge, 351 st Judicial District",0740,280,169,449,1005,44.68%,223,198,421
"District Judge, 351 st Judicial District",0741,923,262,1185,1895,62.53%,290,829,1119
"District Judge, 351 st Judicial District",0742,1532,498,2030,2859,71.00%,1240,694,1934
"District Judge, 351 st Judicial District",0743,54,60,114,234,48.72%,34,72,106
"District Judge, 351 st Judicial District",0744,1009,444,1453,2103,69.09%,838,534,1372
"District Judge, 351 st Judicial District",0745,1213,446,1659,2543,65.24%,994,580,1574
"District Judge, 351 st Judicial District",0746,244,121,365,732,49.86%,172,164,336
"District Judge, 351 st Judicial District",0747,1746,693,2439,4096,59.55%,1030,1291,2321
"District Judge, 351 st Judicial District",0748,563,245,808,1556,51.93%,382,392,774
Office,Precinct,Early Ballots Cast,Election Ballots Cast,Total Ballots Cast,Registered Voters,Percent Turnout,REP Mark Kent Ellis,DEM George Powell,Totals
"District Judge, 351 st Judicial District",0749,115,1,116,432,26.85%,16,94,110
"District Judge, 351 st Judicial District",0750,294,122,416,809,51.42%,218,169,387
"District Judge, 351 st Judicial District",0751,2931,1013,3944,5893,66.93%,2351,1417,3768
"District Judge, 351 st Judicial District",0752,659,227,886,1484,59.70%,574,267,841
"District Judge, 351 st Judicial District",0753,258,53,311,512,60.74%,120,174,294
"District Judge, 351 st Judicial District",0754,386,262,648,1590,40.75%,29,599,628
"District Judge, 351 st Judicial District",0755,1782,955,2737,5015,54.58%,901,1687,2588
"District Judge, 351 st Judicial District",0756,687,309,996,1723,57.81%,312,632,944
"District Judge, 351 st Judicial District",0757,1867,601,2468,4792,51.50%,393,1990,2383
"District Judge, 351 st Judicial District",0758,2104,595,2699,3803,70.97%,2004,565,2569
"District Judge, 351 st Judicial District",0759,1389,375,1764,2779,63.48%,995,679,1674
"District Judge, 351 st Judicial District",0760,1219,268,1487,2162,68.78%,1199,224,1423
"District Judge, 351 st Judicial District",0761,1088,167,1255,1598,78.54%,894,288,1182
"District Judge, 351 st Judicial District",0762,924,303,1227,1828,67.12%,543,624,1167
"District Judge, 351 st Judicial District",0763,370,264,634,1249,50.76%,180,413,593
"District Judge, 351 st Judicial District",0764,2472,677,3149,4827,65.24%,1844,1144,2988
"District Judge, 351 st Judicial District",0765,2051,874,2925,5742,50.94%,770,2038,2808
"District Judge, 351 st Judicial District",0766,126,59,185,428,43.22%,28,136,164
"District Judge, 351 st Judicial District",0767,31,15,46,92,50.00%,19,24,43
"District Judge, 351 st Judicial District",0768,1479,387,1866,2643,70.60%,1426,355,1781
"District Judge, 351 st Judicial District",0769,85,14,99,184,53.80%,8,89,97
"District Judge, 351 st Judicial District",0770,103,42,145,388,37.37%,44,95,139
"District Judge, 351 st Judicial District",0771,572,210,782,1588,49.24%,323,418,741
"District Judge, 351 st Judicial District",0772,2805,477,3282,4606,71.25%,2389,736,3125
"District Judge, 351 st Judicial District",0773,1693,638,2331,4414,52.81%,552,1619,2171
"District Judge, 351 st Judicial District",0774,150,66,216,426,50.70%,49,162,211
"District Judge, 351 st Judicial District",0775,50,1,51,102,50.00%,1,49,50
"District Judge, 351 st Judicial District",0776,1432,538,1970,3276,60.13%,1095,781,1876
"District Judge, 351 st Judicial District",0777,201,105,306,767,39.90%,69,225,294
"District Judge, 351 st Judicial District",0778,0,3,3,0,0.00%,0,3,3
"District Judge, 351 st Judicial District",0779,263,160,423,1019,41.51%,96,290,386
"District Judge, 351 st Judicial District",0780,170,130,300,666,45.05%,97,180,277
"District Judge, 351 st Judicial District",0781,1235,612,1847,3782,48.84%,561,1139,1700
"District Judge, 351 st Judicial District",0782,1048,368,1416,2355,60.13%,823,509,1332
Office,Precinct,Early Ballots Cast,Election Ballots Cast,Total Ballots Cast,Registered Voters,Percent Turnout,REP Mark Kent Ellis,DEM George Powell,Totals
"District Judge, 351 st Judicial District",0783,197,90,287,520,55.19%,18,257,275
"District Judge, 351 st Judicial District",0784,408,119,527,1062,49.62%,14,495,509
"District Judge, 351 st Judicial District",0785,1229,357,1586,1896,83.65%,809,700,1509
"District Judge, 351 st Judicial District",0786,396,177,573,1258,45.55%,179,361,540
"District Judge, 351 st Judicial District",0787,180,83,263,542,48.52%,77,168,245
"District Judge, 351 st Judicial District",0788,2,0,2,13,15.38%,2,0,2
"District Judge, 351 st Judicial District",0789,1377,420,1797,2998,59.94%,1036,689,1725
"District Judge, 351 st Judicial District",0790,1143,329,1472,2523,58.34%,489,917,1406
"District Judge, 351 st Judicial District",0791,9,3,12,29,41.38%,3,9,12
"District Judge, 351 st Judicial District",0792,648,415,1063,1954,54.40%,235,770,1005
"District Judge, 351 st Judicial District",0793,984,416,1400,2620,53.44%,703,625,1328
"District Judge, 351 st Judicial District",0794,626,411,1037,3208,32.33%,99,899,998
"District Judge, 351 st Judicial District",0795,396,2,398,1281,31.07%,114,253,367
"District Judge, 351 st Judicial District",0796,1371,465,1836,3041,60.37%,740,1029,1769
"District Judge, 351 st Judicial District",0797,0,0,0,0,0.00%,0,0,0
"District Judge, 351 st Judicial District",0798,222,142,364,521,69.87%,134,206,340
"District Judge, 351 st Judicial District",0799,58,26,84,171,49.12%,14,69,83
"District Judge, 351 st Judicial District",0800,1934,730,2664,4216,63.19%,1599,941,2540
"District Judge, 351 st Judicial District",0801,90,44,134,261,51.34%,37,91,128
"District Judge, 351 st Judicial District",0802,54,21,75,224,33.48%,18,53,71
"District Judge, 351 st Judicial District",0803,2665,547,3212,4514,71.16%,2202,868,3070
"District Judge, 351 st Judicial District",0804,2703,682,3385,5303,63.83%,1753,1501,3254
"District Judge, 351 st Judicial District",0805,1597,454,2051,2874,71.36%,1578,384,1962
"District Judge, 351 st Judicial District",0806,1001,324,1325,1889,70.14%,788,486,1274
"District Judge, 351 st Judicial District",0807,792,349,1141,2163,52.75%,196,905,1101
"District Judge, 351 st Judicial District",0808,142,57,199,232,85.78%,69,116,185
"District Judge, 351 st Judicial District",0809,19,7,26,98,26.53%,11,14,25
"District Judge, 351 st Judicial District",0810,47,31,78,197,39.59%,12,59,71
"District Judge, 351 st Judicial District",0811,82,68,150,277,54.15%,34,111,145
"District Judge, 351 st Judicial District",0812,0,0,0,0,0.00%,0,0,0
"District Judge, 351 st Judicial District",0813,1742,434,2176,3488,62.39%,942,1155,2097
"District Judge, 351 st Judicial District",0814,1968,827,2795,5483,50.98%,552,2140,2692
"District Judge, 351 st Judicial District",0815,0,0,0,0,0.00%,0,0,0
"District Judge, 351 st Judicial District",0816,23,10,33,64,51.56%,5,26,31
Office,Precinct,Early Ballots Cast,Election Ballots Cast,Total Ballots Cast,Registered Voters,Percent Turnout,REP Mark Kent Ellis,DEM George Powell,Totals
"District Judge, 351 st Judicial District",0817,2787,550,3337,4700,71.00%,2310,915,3225
"District Judge, 351 st Judicial District",0818,208,104,312,737,42.33%,68,230,298
"District Judge, 351 st Judicial District",0819,108,31,139,228,60.96%,69,55,124
"District Judge, 351 st Judicial District",0820,0,0,0,0,0.00%,0,0,0
"District Judge, 351 st Judicial District",0821,362,188,550,1295,42.47%,69,452,521
"District Judge, 351 st Judicial District",0822,571,185,756,1574,48.03%,25,700,725
"District Judge, 351 st Judicial District",0823,1339,410,1749,3017,57.97%,920,748,1668
"District Judge, 351 st Judicial District",0824,1057,410,1467,2762,53.11%,314,1095,1409
"District Judge, 351 st Judicial District",0825,9,7,16,21,76.19%,3,12,15
"District Judge, 351 st Judicial District",0826,177,70,247,355,69.58%,129,97,226
"District Judge, 351 st Judicial District",0827,218,234,452,1042,43.38%,142,294,436
"District Judge, 351 st Judicial District",0828,1174,281,1455,1965,74.05%,1101,284,1385
"District Judge, 351 st Judicial District",0829,101,19,120,235,51.06%,34,81,115
"District Judge, 351 st Judicial District",0830,2,2,4,2,200.00%,4,0,4
"District Judge, 351 st Judicial District",0831,8,5,13,36,36.11%,6,6,12
"District Judge, 351 st Judicial District",0832,124,50,174,364,47.80%,43,121,164
"District Judge, 351 st Judicial District",0833,3,2,5,20,25.00%,1,4,5
"District Judge, 351 st Judicial District",0834,142,61,203,388,52.32%,19,181,200
"District Judge, 351 st Judicial District",0835,87,71,158,311,50.80%,38,110,148
"District Judge, 351 st Judicial District",0836,128,0,128,248,51.61%,10,105,115
"District Judge, 351 st Judicial District",0837,0,0,0,0,0.00%,0,0,0
"District Judge, 351 st Judicial District",0838,0,0,0,0,0.00%,0,0,0
"District Judge, 351 st Judicial District",0839,419,174,593,1190,49.83%,123,445,568
"District Judge, 351 st Judicial District",0840,829,228,1057,1780,59.38%,339,665,1004
"District Judge, 351 st Judicial District",0841,1473,475,1948,3431,56.78%,443,1440,1883
"District Judge, 351 st Judicial District",0842,1338,513,1851,3390,54.60%,699,1047,1746
"District Judge, 351 st Judicial District",0843,595,298,893,1387,64.38%,159,690,849
"District Judge, 351 st Judicial District",0844,4,0,4,10,40.00%,0,4,4
"District Judge, 351 st Judicial District",0845,151,13,164,218,75.23%,100,54,154
"District Judge, 351 st Judicial District",0846,61,22,83,229,36.24%,1,81,82
"District Judge, 351 st Judicial District",0847,993,330,1323,2310,57.27%,340,925,1265
"District Judge, 351 st Judicial District",0848,1011,201,1212,1875,64.64%,369,778,1147
"District Judge, 351 st Judicial District",0849,731,455,1186,2272,52.20%,308,779,1087
"District Judge, 351 st Judicial District",0850,129,19,148,208,71.15%,59,82,141
Office,Precinct,Early Ballots Cast,Election Ballots Cast,Total Ballots Cast,Registered Voters,Percent Turnout,REP Mark Kent Ellis,DEM George Powell,Totals
"District Judge, 351 st Judicial District",0851,1885,441,2326,3597,64.66%,1516,702,2218
"District Judge, 351 st Judicial District",0852,0,0,0,1,0.00%,0,0,0
"District Judge, 351 st Judicial District",0853,1537,487,2124,2986,71.13%,1559,476,2035
"District Judge, 351 st Judicial District",0854,40,19,59,175,33.71%,9,48,57
"District Judge, 351 st Judicial District",0855,7,2,9,21,42.86%,4,4,8
"District Judge, 351 st Judicial District",0856,0,3,3,0,0.00%,1,0,1
"District Judge, 351 st Judicial District",0857,0,0,0,1,0.00%,0,0,0
"District Judge, 351 st Judicial District",0858,121,35,156,334,46.71%,5,142,147
"District Judge, 351 st Judicial District",0859,391,143,534,945,56.51%,115,393,508
"District Judge, 351 st Judicial District",0860,1,1,2,0,0.00%,0,2,2
"District Judge, 351 st Judicial District",0861,777,272,1049,1941,54.04%,171,842,1013
"District Judge, 351 st Judicial District",0862,1989,508,2497,3739,66.78%,1442,954,2396
"District Judge, 351 st Judicial District",0863,192,64,256,581,44.06%,14,237,251
"District Judge, 351 st Judicial District",0864,693,574,1267,2708,46.79%,268,925,1193
"District Judge, 351 st Judicial District",0865,9,2,11,21,52.38%,2,9,11
"District Judge, 351 st Judicial District",0866,0,0,0,0,0.00%,0,0,0
"District Judge, 351 st Judicial District",0867,0,0,0,0,0.00%,0,0,0
"District Judge, 351 st Judicial District",0868,736,495,1231,2446,50.33%,302,864,1166
"District Judge, 351 st Judicial District",0869,165,55,220,480,45.83%,34,180,214
"District Judge, 351 st Judicial District",0870,0,2,2,0,0.00%,1,1,2
"District Judge, 351 st Judicial District",0871,2,1,3,3,100.00%,1,2,3
"District Judge, 351 st Judicial District",0872,16,6,22,68,32.35%,12,10,22
"District Judge, 351 st Judicial District",0873,296,111,407,778,52.31%,96,299,395
"District Judge, 351 st Judicial District",0874,1681,670,2351,3294,71.37%,1679,563,2242
"District Judge, 351 st Judicial District",0875,1947,501,2448,3592,68.15%,1118,1233,2351
"District Judge, 351 st Judicial District",0876,1945,577,2522,3485,72.37%,1732,689,2421
"District Judge, 351 st Judicial District",0877,1803,528,2331,3651,63.85%,851,1397,2248
"District Judge, 351 st Judicial District",0878,685,110,795,1039,76.52%,626,135,761
"District Judge, 351 st Judicial District",0879,1215,413,1628,2843,57.26%,658,900,1558
"District Judge, 351 st Judicial District",0880,1354,471,1825,2467,73.98%,1354,398,1752
"District Judge, 351 st Judicial District",0881,2465,927,3392,5638,60.16%,870,2405,3275
"District Judge, 351 st Judicial District",0882,1952,595,2547,4317,59.00%,744,1684,2428
"District Judge, 351 st Judicial District",0883,2252,928,3180,5613,56.65%,527,2528,3055
"District Judge, 351 st Judicial District",0884,149,55,204,396,51.52%,29,170,199
Office,Precinct,Early Ballots Cast,Election Ballots Cast,Total Ballots Cast,Registered Voters,Percent Turnout,REP Mark Kent Ellis,DEM George Powell,Totals
"District Judge, 351 st Judicial District",0885,1570,323,1893,2811,67.34%,1054,771,1825
"District Judge, 351 st Judicial District",0886,495,152,647,906,71.41,%,348,241,589
"District Judge, 351 st Judicial District",0887,234,95,329,492,66.87%,172,122,294
"District Judge, 351 st Judicial District",0888,817,289,1106,1867,59.24%,342,719,1061
"District Judge, 351 st Judicial District",0889,113,28,141,238,59.24%,40,91,131
"District Judge, 351 st Judicial District",0890,445,98,543,1214,44.73%,231,269,500
"District Judge, 351 st Judicial District",0891,753,194,947,1376,68.82%,369,518,887
"District Judge, 351 st Judicial District",0892,420,123,543,900,60.33%,197,306,503
"District Judge, 351 st Judicial District",0893,1,4,5,9,55.56%,2,3,5
"District Judge, 351 st Judicial District",0894,801,305,1106,2087,52.99%,151,913,1064
"District Judge, 351 st Judicial District",0895,41,7,252,669,834,80.22%,329,280,609
"District Judge, 351 st Judicial District",0896,838,254,1092,1467,74.44%,426,596,1022
"District Judge, 351 st Judicial District",0897,812,365,1177,1766,66.65%,610,504,1114
"District Judge, 351 st Judicial District",0898,792,301,1093,1821,60.02%,430,624,1054
"District Judge, 351 st Judicial District",0899,745,165,911,1264,72.07%,564,321,885
"District Judge, 351 st Judicial District",0900,7,0,7,12,58.33%,1,6,7
"District Judge, 351 st Judicial District",0901,0,0,0,0,0.00%,0,0,0
"District Judge, 351 st Judicial District",0902,1310,361,1671,2217,75.37%,863,680,1543
"District Judge, 351 st Judicial District",0903,1314,354,1668,2558,65.21%,1201,404,1605
"District Judge, 351 st Judicial District",0904,2,0,2,8,25.00%,1,1,2
"District Judge, 351 st Judicial District",0905,390,136,526,946,55.60%,190,313,503
"District Judge, 351 st Judicial District",0906,19,3,22,28,78.57%,14,8,22
"District Judge, 351 st Judicial District",0907,53,37,90,201,44.78%,8,80,88
"District Judge, 351 st Judicial District",0908,0,0,0,0,0.00%,0,0,0
"District Judge, 351 st Judicial District",0909,7,1,8,21,38.10%,2,5,7
"District Judge, 351 st Judicial District",0910,78,37,115,236,48.73%,36,70,106
"District Judge, 351 st Judicial District",0911,237,63,300,576,52.08%,192,98,290
"District Judge, 351 st Judicial District",0912,712,167,879,1341,65.55%,507,326,833
"District Judge, 351 st Judicial District",0913,102,12,114,241,47.30%,21,89,110
"District Judge, 351 st Judicial District",0914,42,0,42,124,33.87%,9,31,40
"District Judge, 351 st Judicial District",0915,0,0,0,0,0.00%,0,0,0
"District Judge, 351 st Judicial District",0916,1472,308,1780,2205,80.73%,1330,368,1698
"District Judge, 351 st Judicial District",0917,33,9,42,147,28.57%,4,33,37
"District Judge, 351 st Judicial District",0918,3,1,4,7,57.14%,1,3,4
Office,Precinct,Early Ballots Cast,Election Ballots Cast,Total Ballots Cast,Registered Voters,Percent Turnout,REP Mark Kent Ellis,DEM George Powell,Totals
"District Judge, 351 st Judicial District",0919,1,0,1,1,100.00%,0,1,1
"District Judge, 351 st Judicial District",0920,41,13,54,79,68.35%,32,20,52
"District Judge, 351 st Judicial District",0921,27,6,33,61,54.10%,6,27,33
"District Judge, 351 st Judicial District",0922,0,0,0,0,0.00%,0,0,0
"District Judge, 351 st Judicial District",0923,2331,350,2681,3536,75.82%,1986,626,2612
"District Judge, 351 st Judicial District",0924,0,0,0,0,0.00%,0,0,0
"District Judge, 351 st Judicial District",0925,0,0,0,0,0.00%,0,0,0
"District Judge, 351 st Judicial District",0926,550,149,699,967,72.29%,468,194,662
"District Judge, 351 st Judicial District",0927,966,173,1139,1771,64.31%,574,481,1055
"District Judge, 351 st Judicial District",0928,4,1,5,7,71.43%,0,5,5
"District Judge, 351 st Judicial District",0929,0,0,0,0,0.00%,0,0,0
"District Judge, 351 st Judicial District",0930,217,83,300,606,49.50%,17,270,287
"District Judge, 351 st Judicial District",0931,87,28,115,141,81.56%,52,53,105
"District Judge, 351 st Judicial District",0932,0,1,1,0,0.00%,0,1,1
"District Judge, 351 st Judicial District",0933,297,93,390,668,58.38%,123,252,375
"District Judge, 351 st Judicial District",0934,9,4,13,37,35.14%,7,6,13
"District Judge, 351 st Judicial District",0935,12,9,21,55,38.18%,7,13,20
"District Judge, 351 st Judicial District",0936,23,9,32,76,42.11%,8,20,28
"District Judge, 351 st Judicial District",0937,0,0,0,0,0.00%,0,0,0
"District Judge, 351 st Judicial District",0938,72,19,91,255,35.69%,30,61,91
"District Judge, 351 st Judicial District",0939,1,1,2,4,50.00%,1,1,2
"District Judge, 351 st Judicial District",0940,9,3,12,28,42.86%,1,11,12
"District Judge, 351 st Judicial District",0941,284,144,428,870,49.20%,199,204,403
"District Judge, 351 st Judicial District",0942,102,16,118,152,77.63%,80,35,115
"District Judge, 351 st Judicial District",0943,192,28,220,774,28.42%,49,156,205
"District Judge, 351 st Judicial District",0944,1,0,1,1,100.00%,0,1,1
"District Judge, 351 st Judicial District",0945,8,6,14,21,66.67%,1,12,13
"District Judge, 351 st Judicial District",0946,4,2,6,14,42.86%,1,5,6
"District Judge, 351 st Judicial District",0947,428,198,626,820,76.34%,325,256,581
"District Judge, 351 st Judicial District",0948,0,0,0,1,0.00%,0,0,0
"District Judge, 351 st Judicial District",0949,84,61,145,210,69.05%,65,71,136
"District Judge, 351 st Judicial District",0950,0,0,0,0,0.00%,0,0,0
"District Judge, 351 st Judicial District",0951,114,62,176,304,57.89%,40,125,165
"District Judge, 351 st Judicial District",0952,32,15,47,65,72.31%,29,15,44
Office,Precinct,Early Ballots Cast,Election Ballots Cast,Total Ballots Cast,Registered Voters,Percent Turnout,REP Mark Kent Ellis,DEM George Powell,Totals
"District Judge, 351 st Judicial District",0953,4,0,4,8,50.00%,0,4,4
"District Judge, 351 st Judicial District",0954,0,0,0,0,0.00%,0,0,0
"District Judge, 351 st Judicial District",0955,3528,572,4100,5108,80.27%,2841,1061,3902
"District Judge, 351 st Judicial District",0956,0,0,0,0,0.00%,0,0,0
"District Judge, 351 st Judicial District",0957,282,39,321,585,54.87%,39,269,308
"District Judge, 351 st Judicial District",0958,430,231,661,1202,54.99%,118,512,630
"District Judge, 351 st Judicial District",0959,0,0,0,0,0.00%,0,0,0
"District Judge, 351 st Judicial District",0960,829,235,1064,1471,72.33%,222,799,1021
"District Judge, 351 st Judicial District",0961,820,318,1138,2369,48.04%,173,915,1088
"District Judge, 351 st Judicial District",0962,33,12,45,88,51.14%,10,32,42
"District Judge, 351 st Judicial District",0963,225,91,316,528,59.85%,126,170,296
"District Judge, 351 st Judicial District",0964,2145,325,2470,3179,77.70%,1401,967,2368
"District Judge, 351 st Judicial District",0965,101,35,136,345,39.42%,86,41,127
"District Judge, 351 st Judicial District",0966,368,189,557,1332,41.82%,137,384,521
"District Judge, 351 st Judicial District",0967,82,24,106,186,56.99%,35,66,101
"District Judge, 351 st Judicial District",0968,455,127,582,906,64.24%,121,441,562
"District Judge, 351 st Judicial District",0969,299,71,370,624,59.29%,7,351,358
"District Judge, 351 st Judicial District",0970,223,102,325,810,40.12%,30,271,301
"District Judge, 351 st Judicial District",0971,0,0,0,0,0.00%,0,0,0
"District Judge, 351 st Judicial District",0972,0,0,0,0,0.00%,0,0,0
"District Judge, 351 st Judicial District",0973,504,138,642,999,64.26%,412,195,607
"District Judge, 351 st Judicial District",0974,0,1,1,0,0.00%,1,0,1
"District Judge, 351 st Judicial District",0975,104,26,130,190,68.42%,57,62,119
"District Judge, 351 st Judicial District",0976,190,152,342,712,48.03%,166,153,319
"District Judge, 351 st Judicial District",0977,160,108,268,617,43.44%,92,166,258
"District Judge, 351 st Judicial District",0978,0,0,0,0,0.00%,0,0,0
"District Judge, 351 st Judicial District",0979,0,0,0,0,0.00%,0,0,0
"District Judge, 351 st Judicial District",0980,686,333,1019,1412,72.17%,700,261,961
"District Judge, 351 st Judicial District",0981,12,2,14,31,45.16%,1,12,13
"District Judge, 351 st Judicial District",0982,1898,501,2399,2916,82.27%,1783,518,2301
"District Judge, 351 st Judicial District",0983,65,17,82,198,41.41,%,45,35,80
"District Judge, 351 st Judicial District",0984,76,57,133,341,39.00%,11,120,131
"District Judge, 351 st Judicial District",0985,222,56,278,355,78.31%,132,130,262
"District Judge, 351 st Judicial District",0986,153,78,231,537,43.02%,25,199,224
Office,Precinct,Early Ballots Cast,Election Ballots Cast,Total Ballots Cast,Registered Voters,Percent Turnout,REP Mark Kent Ellis,DEM George Powell,Totals
"District Judge, 351 st Judicial District",0987,476,130,606,1183,51.23%,39,541,580
"District Judge, 351 st Judicial District",0988,62,15,77,117,65.81%,66,8,74
"District Judge, 351 st Judicial District",0989,0,0,0,0,0.00%,0,0,0
"District Judge, 351 st Judicial District",0990,5,6,11,66,16.67%,4,7,11
"District Judge, 351 st Judicial District",0991,0,1,1,2,50.00%,0,1,1
"District Judge, 351 st Judicial District",0992,456,106,562,1075,52.28%,253,272,525
"District Judge, 351 st Judicial District",0993,0,0,0,0,0.00%,0,0,0
"District Judge, 351 st Judicial District",0994,56,12,68,75,90.67%,21,45,66
"District Judge, 351 st Judicial District",0995,753,193,946,1576,60.03%,90,813,903
"District Judge, 351 st Judicial District",0996,403,70,473,708,66.81%,243,198,441
"District Judge, 351 st Judicial District",0997,521,283,804,1909,42.12%,139,642,781
"District Judge, 351 st Judicial District",0998,24,12,36,68,52.94%,22,12,34
"District Judge, 351 st Judicial District",0999,0,0,0,0,0.00%,0,0,0
"District Judge, 351 st Judicial District",1000,122,22,144,428,33.64%,22,116,138
"District Judge, 351 st Judicial District",1001,519,280,799,1654,48.31%,149,605,754
"District Judge, 351 st Judicial District",1002,480,270,750,1804,41.57%,103,604,707
"District Judge, 351 st Judicial District",1003,0,0,0,0,0.00%,0,0,0
"District Judge, 351 st Judicial District",1004,349,114,463,691,67.00%,226,207,433
"District Judge, 351 st Judicial District",1005,0,0,0,0,0.00%,0,0,0
"District Judge, 351 st Judicial District",1006,0,0,0,0,0.00%,0,0,0
"District Judge, 351 st Judicial District",1007,694,306,1000,1775,56.34%,213,740,953
"District Judge, 351 st Judicial District",1008,620,107,727,1011,71.91%,564,131,695
"District Judge, 351 st Judicial District",1009,0,0,0,0,0.00%,0,0,0
"District Judge, 351 st Judicial District",1010,292,96,388,647,59.97%,70,303,373
"District Judge, 351 st Judicial District",1011,9,6,15,31,48.39%,10,5,15
"District Judge, 351 st Judicial District",1012,543,362,905,1633,55.42%,211,641,852
"District Judge, 351 st Judicial District",Totals;,981446,353327,1334773,2182980,613728,651816,1265544
