Office,Precinct,Early Ballots Cast,Election Ballots Cast,Total Ballots Cast,Registered Voters,Percent Turnout,REP Linda Garcia,DEM Darrell William Jordan,Totals
"Judge, County Criminal Court No. 16",0001,141,6,496,1912,2682,71.29%,735,1039,1774
"Judge, County Criminal Court No. 16",0002,1000,370,1370,2099,65.27%,580,697,1277
"Judge, County Criminal Court No. 16",0003,875,336,1211,1625,74.52%,462,646,1108
"Judge, County Criminal Court No. 16",0004,954,369,1323,1709,77.41%,490,725,1215
"Judge, County Criminal Court No. 16",0005,759,380,1139,1470,77.48%,430,626,1056
"Judge, County Criminal Court No. 16",0006,1840,628,2468,4084,60.43%,1198,1158,2356
"Judge, County Criminal Court No. 16",0007,430,125,555,1002,55.39%,24,516,540
"Judge, County Criminal Court No. 16",0008,889,351,1240,1848,67.10%,601,574,1175
"Judge, County Criminal Court No. 16",0009,658,312,970,1861,52.12%,275,631,906
"Judge, County Criminal Court No. 16",0010,701,232,933,1830,50.98%,229,624,853
"Judge, County Criminal Court No. 16",0011,617,258,875,1748,50.06%,218,598,816
"Judge, County Criminal Court No. 16",0012,230,65,295,731,40.36%,152,125,277
"Judge, County Criminal Court No. 16",0013,1230,382,1612,2751,58.60%,1049,467,1516
"Judge, County Criminal Court No. 16",0014,989,429,1418,1924,73.70%,698,624,1322
"Judge, County Criminal Court No. 16",0015,1489,849,2338,2852,81.98%,1293,856,2149
"Judge, County Criminal Court No. 16",0016,676,189,865,1284,67.37%,396,420,816
"Judge, County Criminal Court No. 16",0017,451,293,744,1198,62.10%,297,395,692
"Judge, County Criminal Court No. 16",0018,743,367,1110,1456,76.24%,514,527,1041
"Judge, County Criminal Court No. 16",0019,647,293,940,1288,72.98%,326,551,877
"Judge, County Criminal Court No. 16",0020,1007,335,1342,2780,48.27%,446,796,1242
"Judge, County Criminal Court No. 16",0021,539,207,746,1229,60.70%,180,524,704
"Judge, County Criminal Court No. 16",0022,935,419,1354,2501,54.14%,228,1071,1299
"Judge, County Criminal Court No. 16",0023,132,74,206,551,37.39%,45,151,196
"Judge, County Criminal Court No. 16",0024,292,36,328,712,46.07%,69,245,314
"Judge, County Criminal Court No. 16",0025,239,292,531,1105,48.05%,27,486,513
"Judge, County Criminal Court No. 16",0026,834,313,1147,1969,58.25%,293,772,1065
"Judge, County Criminal Court No. 16",0027,1391,508,1899,3271,58.06%,478,1288,1766
"Judge, County Criminal Court No. 16",0028,1513,446,1959,3307,59.24%,1096,789,1885
"Judge, County Criminal Court No. 16",0029,548,490,1138,2722,41.81%,371,697,1068
"Judge, County Criminal Court No. 16",0030,1285,546,1831,2818,64.98%,554,1151,1705
"Judge, County Criminal Court No. 16",0031,784,453,1237,2656,46.57%,45,1144,1189
"Judge, County Criminal Court No. 16",0032,1245,504,1749,2728,64.11%,750,857,1607
"Judge, County Criminal Court No. 16",0033,2072,554,2525,3907,67.21%,981,1416,2397
"Judge, County Criminal Court No. 16",0034,1511,517,2128,3044,69.91%,502,1495,1997
Office,Precinct,Early Ballots Cast,Election Ballots Cast,Total Ballots Cast,Registered Voters,Percent Turnout,REP Linda Garcia,DEM Darrell William Jordan,Totals
"Judge, County Criminal Court No. 16",0035,5,0,5,14,35.71%,3,2,5
"Judge, County Criminal Court No. 16",0036,1032,516,1548,3100,49.94%,371,1098,1469
"Judge, County Criminal Court No. 16",0037,1521,409,1930,2467,78.23%,669,1101,1770
"Judge, County Criminal Court No. 16",0038,1876,436,2312,3081,75.04%,779,1365,2144
"Judge, County Criminal Court No. 16",0039,1703,492,2195,3070,71.50%,605,1411,2016
"Judge, County Criminal Court No. 16",0040,275,107,382,527,72.49%,167,179,346
"Judge, County Criminal Court No. 16",0041,712,264,976,1518,64.30%,420,513,933
"Judge, County Criminal Court No. 16",0042,438,109,547,1062,51.51%,16,522,538
"Judge, County Criminal Court No. 16",0043,815,300,1115,1972,56.54%,469,578,1047
"Judge, County Criminal Court No. 16",0044,726,310,1036,2126,48.73%,258,679,937
"Judge, County Criminal Court No. 16",0045,2263,1021,3284,5740,57.21%,674,2448,3122
"Judge, County Criminal Court No. 16",0046,875,341,1216,2568,47.35%,255,886,1141
"Judge, County Criminal Court No. 16",0047,505,268,773,1618,47.78%,48,704,752
"Judge, County Criminal Court No. 16",0048,348,168,516,967,53.36%,61,430,491
"Judge, County Criminal Court No. 16",0049,1545,731,2277,3709,61.39%,1511,672,2183
"Judge, County Criminal Court No. 16",0050,1836,680,2516,4314,58.32%,1216,1206,2422
"Judge, County Criminal Court No. 16",0051,828,271,1099,1734,63.38%,797,257,1054
"Judge, County Criminal Court No. 16",0052,1400,456,1856,2581,71.91%,877,848,1725
"Judge, County Criminal Court No. 16",0053,1675,613,2288,3083,74.21%,956,1119,2075
"Judge, County Criminal Court No. 16",0054,1052,211,1263,1619,78.01%,609,537,1146
"Judge, County Criminal Court No. 16",0055,1252,410,1672,2094,79.85%,702,830,1532
"Judge, County Criminal Court No. 16",0056,698,283,981,1393,70.42%,561,360,921
"Judge, County Criminal Court No. 16",0057,2043,567,2610,3325,78.50%,1049,1340,2389
"Judge, County Criminal Court No. 16",0058,1716,484,2200,3031,72.58%,994,1048,2042
"Judge, County Criminal Court No. 16",0059,1589,439,2028,2671,75.93%,845,1047,1892
"Judge, County Criminal Court No. 16",0060,1473,537,2010,2766,72.67%,551,1305,1856
"Judge, County Criminal Court No. 16",0061,519,423,942,1847,51.00%,278,601,879
"Judge, County Criminal Court No. 16",0062,689,452,1141,2195,51.98%,293,772,1065
"Judge, County Criminal Court No. 16",0063,767,391,1158,1903,60.85%,896,208,1104
"Judge, County Criminal Court No. 16",0064,678,368,1046,2220,47.12%,244,729,973
"Judge, County Criminal Court No. 16",0065,638,435,1073,2178,49.27%,245,776,1021
"Judge, County Criminal Court No. 16",0066,247,255,502,1135,44.23%,100,372,472
"Judge, County Criminal Court No. 16",0067,942,521,1463,3019,48.46%,356,1003,1359
"Judge, County Criminal Court No. 16",0068,1171,430,1601,3096,51.71%,50,1490,1540
Office,Precinct,Early Ballots Cast,Election Ballots Cast,Total Ballots Cast,Registered Voters,Percent Turnout,REP Linda Garcia,DEM Darrell William Jordan,Totals
"Judge, County Criminal Court No. 16",0069,375,222,597,1309,45.61%,131,418,549
"Judge, County Criminal Court No. 16",0070,2288,670,2958,3815,77.54%,1651,1117,2768
"Judge, County Criminal Court No. 16",0071,2703,947,3650,5016,72.77%,1806,1602,3408
"Judge, County Criminal Court No. 16",0072,736,418,1154,2029,56.88%,367,716,1083
"Judge, County Criminal Court No. 16",0073,813,282,1095,1621,67.55%,573,442,1015
"Judge, County Criminal Court No. 16",0074,2503,268,2771,3578,77.45%,2045,596,2641
"Judge, County Criminal Court No. 16",0075,1000,286,1286,1684,76.37%,571,623,1194
"Judge, County Criminal Court No. 16",0076,1015,427,1442,2441,59.07%,721,646,1367
"Judge, County Criminal Court No. 16",0077,2,5,7,17,41.18%,2,5,7
"Judge, County Criminal Court No. 16",0078,618,254,872,1608,54.23%,272,532,804
"Judge, County Criminal Court No. 16",0079,831,602,1433,2963,48.36%,341,988,1329
"Judge, County Criminal Court No. 16",0080,1174,466,1640,2840,57.75%,381,1169,1550
"Judge, County Criminal Court No. 16",0081,776,273,1049,1964,53.41%,322,669,991
"Judge, County Criminal Court No. 16",0082,1585,756,2341,3539,66.15%,1658,580,2238
"Judge, County Criminal Court No. 16",0083,1829,540,2369,4174,56.76%,908,1369,2277
"Judge, County Criminal Court No. 16",0084,573,257,830,1421,58.41%,572,227,799
"Judge, County Criminal Court No. 16",0085,587,329,916,2169,42.23%,48,835,883
"Judge, County Criminal Court No. 16",0086,2032,493,2525,3449,73.21%,1194,1173,2367
"Judge, County Criminal Court No. 16",0087,1451,719,2170,2839,76.44%,1329,702,2031
"Judge, County Criminal Court No. 16",0088,338,141,479,784,61.10%,310,142,452
"Judge, County Criminal Court No. 16",0089,398,424,822,1094,75.14%,440,314,754
"Judge, County Criminal Court No. 16",0090,1856,890,2746,3883,70.72%,2000,618,2618
"Judge, County Criminal Court No. 16",0091,673,339,1012,1724,58.70%,562,383,945
"Judge, County Criminal Court No. 16",0092,1263,474,1737,2260,76.86%,1118,518,1636
"Judge, County Criminal Court No. 16",0093,1048,619,1667,3536,47.14%,522,1059,1581
"Judge, County Criminal Court No. 16",0094,202,53,255,580,45.69%,63,189,252
"Judge, County Criminal Court No. 16",0095,2022,534,2556,3394,75.31%,1595,830,2425
"Judge, County Criminal Court No. 16",0096,828,306,1134,2060,55.05%,180,904,1084
"Judge, County Criminal Court No. 16",0097,2511,467,2978,4414,67.47%,2179,662,2841
"Judge, County Criminal Court No. 16",0098,1385,594,1979,3161,62.61%,1599,304,1903
"Judge, County Criminal Court No. 16",0099,681,295,976,2192,44.53%,412,518,930
"Judge, County Criminal Court No. 16",0100,529,276,805,1825,44.11%,343,434,777
"Judge, County Criminal Court No. 16",0101,221,129,350,988,35.43%,84,255,339
"Judge, County Criminal Court No. 16",0102,580,227,807,1907,42.32%,232,537,769
Office,Precinct,Early Ballots Cast,Election Ballots Cast,Total Ballots Cast,Registered Voters,Percent Turnout,REP Linda Garcia,DEM Darrell William Jordan,Totals
"Judge, County Criminal Court No. 16",0103,2140,985,3125,5097,61.31%,1540,1481,3021
"Judge, County Criminal Court No. 16",0104,913,211,1124,1920,58.54%,34,1063,1097
"Judge, County Criminal Court No. 16",0105,709,433,1142,2304,49.57%,335,740,1075
"Judge, County Criminal Court No. 16",0106,73,59,132,299,44.15%,46,83,129
"Judge, County Criminal Court No. 16",0107,592,403,995,2230,44.62%,187,765,952
"Judge, County Criminal Court No. 16",0108,1461,448,1909,3674,51.96%,905,892,1797
"Judge, County Criminal Court No. 16",0109,1098,278,1376,2909,47.30%,39,1293,1332
"Judge, County Criminal Court No. 16",0110,1661,481,2142,3222,66.48%,1212,840,2052
"Judge, County Criminal Court No. 16",0111,2699,866,3565,4792,74.39%,2478,934,3412
"Judge, County Criminal Court No. 16",0112,1507,598,2105,3188,66.03%,1388,619,2007
"Judge, County Criminal Court No. 16",0113,1307,418,1725,2718,63.47%,892,765,1657
"Judge, County Criminal Court No. 16",0114,2290,506,2796,3885,71.97%,2000,679,2679
"Judge, County Criminal Court No. 16",0115,609,272,881,1843,47.80%,102,744,846
"Judge, County Criminal Court No. 16",0116,1898,599,2497,3194,78.18%,1844,539,2383
"Judge, County Criminal Court No. 16",0117,573,379,952,1900,50.11%,344,549,893
"Judge, County Criminal Court No. 16",0118,1823,530,2353,3181,73.97%,1232,1006,2238
"Judge, County Criminal Court No. 16",0119,2755,409,3164,4682,67.58%,2426,594,3020
"Judge, County Criminal Court No. 16",0120,1804,588,2392,3732,64.09%,1403,869,2272
"Judge, County Criminal Court No. 16",0121,354,221,575,966,59.52%,363,196,559
"Judge, County Criminal Court No. 16",0122,732,284,1016,1904,53.36%,64,913,977
"Judge, County Criminal Court No. 16",0123,749,287,1036,1585,65.36%,268,705,973
"Judge, County Criminal Court No. 16",0124,3136,888,4024,5393,74.62%,3121,779,3900
"Judge, County Criminal Court No. 16",0125,1207,400,1607,2593,61.97%,851,689,1540
"Judge, County Criminal Court No. 16",0126,2017,427,2444,3380,72.31%,2040,306,2346
"Judge, County Criminal Court No. 16",0127,978,214,1192,2091,57.01%,822,307,1129
"Judge, County Criminal Court No. 16",0128,1107,612,1719,2322,74.03%,1023,552,1575
"Judge, County Criminal Court No. 16",0129,2540,1052,3592,5172,69.45%,2052,1332,3384
"Judge, County Criminal Court No. 16",0130,1310,433,1743,2289,76.15%,1217,442,1659
"Judge, County Criminal Court No. 16",0131,798,371,1169,2147,54.45%,260,877,1137
"Judge, County Criminal Court No. 16",0132,1028,322,1350,2378,56.77%,48,1273,1321
"Judge, County Criminal Court No. 16",0133,1411,746,2157,2690,80.19%,1161,826,1987
"Judge, County Criminal Court No. 16",0134,593,345,938,1513,62.00%,400,481,881
"Judge, County Criminal Court No. 16",0135,1614,551,2165,2777,77.96%,1334,689,2023
"Judge, County Criminal Court No. 16",0136,982,352,1334,2116,63.04%,89,1192,1281
Office,Precinct,Early Ballots Cast,Election Ballots Cast,Total Ballots Cast,Registered Voters,Percent Turnout,REP Linda Garcia,DEM Darrell William Jordan,Totals
"Judge, County Criminal Court No. 16",0137,993,259,1252,1986,63.04%,826,369,1195
"Judge, County Criminal Court No. 16",0138,600,228,828,1723,48.06%,44,760,804
"Judge, County Criminal Court No. 16",0139,1939,601,2540,3435,73.94%,1157,1181,2338
"Judge, County Criminal Court No. 16",0140,1513,510,2023,3270,61.87%,324,1584,1908
"Judge, County Criminal Court No. 16",0141,217,153,370,904,40.93%,195,145,340
"Judge, County Criminal Court No. 16",0142,293,140,433,933,46.41%,112,292,404
"Judge, County Criminal Court No. 16",0143,1868,267,2135,2582,82.69%,1378,687,2065
"Judge, County Criminal Court No. 16",0144,442,125,567,1086,52.21%,16,530,546
"Judge, County Criminal Court No. 16",0145,560,256,816,1564,52.17%,17,770,787
"Judge, County Criminal Court No. 16",0146,1000,494,1494,2073,72.07%,624,776,1400
"Judge, County Criminal Court No. 16",0147,1411,354,1765,3211,54.97%,224,1485,1709
"Judge, County Criminal Court No. 16",0148,1265,652,1917,2571,74.56%,732,1029,1761
"Judge, County Criminal Court No. 16",0149,2938,573,3511,4756,73.82%,1939,1446,3385
"Judge, County Criminal Court No. 16",0150,582,223,805,1574,51.14%,34,744,778
"Judge, County Criminal Court No. 16",0151,282,107,389,826,47.09%,17,356,373
"Judge, County Criminal Court No. 16",0152,838,524,1362,3059,44.52%,319,970,1289
"Judge, County Criminal Court No. 16",0153,544,399,943,1873,50.35%,247,651,898
"Judge, County Criminal Court No. 16",0154,913,289,1202,2293,52.42%,296,819,1115
"Judge, County Criminal Court No. 16",0155,2275,576,2851,4065,70.14%,1759,947,2706
"Judge, County Criminal Court No. 16",0156,1413,403,1815,3223,56.35%,103,1636,1739
"Judge, County Criminal Court No. 16",0157,880,278,1158,2265,51.13%,68,1057,1125
"Judge, County Criminal Court No. 16",0158,1143,365,1508,3049,49.46%,39,1428,1467
"Judge, County Criminal Court No. 16",0159,348,147,495,997,49.65%,79,401,480
"Judge, County Criminal Court No. 16",0160,286,67,353,717,49.23%,15,323,338
"Judge, County Criminal Court No. 16",0161,378,173,551,992,55.54%,18,512,530
"Judge, County Criminal Court No. 16",0162,364,267,631,1312,48.09%,168,417,585
"Judge, County Criminal Court No. 16",0163,1080,524,1604,3075,52.16%,493,953,1446
"Judge, County Criminal Court No. 16",0164,441,258,699,1407,49.68%,25,648,673
"Judge, County Criminal Court No. 16",0165,1169,469,1638,2460,66.59%,927,604,1531
"Judge, County Criminal Court No. 16",0166,562,261,823,1171,70.28%,286,481,767
"Judge, County Criminal Court No. 16",0167,5,2,7,24,29.17%,0,7,7
"Judge, County Criminal Court No. 16",0168,196,59,255,512,49.80%,6,245,251
"Judge, County Criminal Court No. 16",0169,985,247,1232,2548,48.35%,40,1150,1190
"Judge, County Criminal Court No. 16",0170,553,262,925,1958,47.24%,429,433,862
Office,Precinct,Early Ballots Cast,Election Ballots Cast,Total Ballots Cast,Registered Voters,Percent Turnout,REP Linda Garcia,DEM Darrell William Jordan,Totals
"Judge, County Criminal Court No. 16",0171,482,283,765,1648,46.42%,43,682,725
"Judge, County Criminal Court No. 16",0172,245,103,348,661,52.65%,109,223,332
"Judge, County Criminal Court No. 16",0173,2259,683,2942,3966,74.18%,2169,636,2805
"Judge, County Criminal Court No. 16",0174,1716,707,2423,3389,71.50%,1554,720,2274
"Judge, County Criminal Court No. 16",0175,1402,691,2093,2711,77.20%,1034,887,1921
"Judge, County Criminal Court No. 16",0176,767,375,1142,1533,74.49%,559,485,1044
"Judge, County Criminal Court No. 16",0177,937,333,1270,1715,74.05%,669,502,1171
"Judge, County Criminal Court No. 16",0178,1116,273,1389,1795,77.38%,888,395,1283
"Judge, County Criminal Court No. 16",0179,771,244,1015,1673,60.67%,488,457,945
"Judge, County Criminal Court No. 16",0180,928,463,1391,2914,47.74%,66,1277,1343
"Judge, County Criminal Court No. 16",0181,697,439,1136,2195,51.75%,307,775,1082
"Judge, County Criminal Court No. 16",0182,1943,994,2937,4071,72.14%,1525,1169,2694
"Judge, County Criminal Court No. 16",0183,1286,715,2001,2535,78.93%,1243,617,1860
"Judge, County Criminal Court No. 16",0184,278,219,497,1048,47.42%,145,324,469
"Judge, County Criminal Court No. 16",0185,709,444,1153,2054,56.13%,322,770,1092
"Judge, County Criminal Court No. 16",0186,252,150,402,798,50.38%,51,337,388
"Judge, County Criminal Court No. 16",0187,96,51,147,309,47.57%,35,99,134
"Judge, County Criminal Court No. 16",0188,499,306,805,1711,47.05%,276,493,769
"Judge, County Criminal Court No. 16",0189,804,279,1083,1505,71.96%,602,414,1016
"Judge, County Criminal Court No. 16",0190,571,326,897,1849,48.51%,274,572,846
"Judge, County Criminal Court No. 16",0191,327,259,586,1408,41.62%,196,365,561
"Judge, County Criminal Court No. 16",0192,757,259,1016,1959,51.86%,67,910,977
"Judge, County Criminal Court No. 16",0193,375,211,586,1099,53.32%,24,532,556
"Judge, County Criminal Court No. 16",0194,1138,449,1587,2172,73.07%,444,1034,1478
"Judge, County Criminal Court No. 16",0195,606,344,950,1739,54.63%,55,846,901
"Judge, County Criminal Court No. 16",0196,132,37,169,313,53.99%,20,137,157
"Judge, County Criminal Court No. 16",0197,996,372,1368,2969,46.08%,46,1276,1322
"Judge, County Criminal Court No. 16",0198,161,82,243,619,39.26%,11,221,232
"Judge, County Criminal Court No. 16",0199,1929,815,2744,4063,67.54%,2036,587,2623
"Judge, County Criminal Court No. 16",0200,2307,377,2684,3692,72.70%,1218,1291,2509
"Judge, County Criminal Court No. 16",0201,221,105,326,773,42.17%,11,306,317
"Judge, County Criminal Court No. 16",0202,421,233,654,1410,46.38%,29,598,627
"Judge, County Criminal Court No. 16",0203,298,111,409,988,41.40%,78,306,384
"Judge, County Criminal Court No. 16",0204,2099,577,2676,3568,75.00%,1422,1031,2453
Office,Precinct,Early Ballots Cast,Election Ballots Cast,Total Ballots Cast,Registered Voters,Percent Turnout,REP Linda Garcia,DEM Darrell William Jordan,Totals
"Judge, County Criminal Court No. 16",0205,771,171,942,1724,54.64%,27,894,921
"Judge, County Criminal Court No. 16",0206,1277,494,1771,2965,59.73%,571,1075,1646
"Judge, County Criminal Court No. 16",0207,605,212,817,1166,70.07%,288,481,769
"Judge, County Criminal Court No. 16",0208,909,338,1247,2256,55.27%,321,842,1163
"Judge, County Criminal Court No. 16",0209,0,0,0,0,0.00%,0,0,0
"Judge, County Criminal Court No. 16",0210,1259,489,1748,2781,62.86%,278,1389,1667
"Judge, County Criminal Court No. 16",0211,964,595,1559,3130,49.81%,500,960,1460
"Judge, County Criminal Court No. 16",0212,309,323,632,1370,46.13%,126,468,594
"Judge, County Criminal Court No. 16",0213,1782,795,2577,3406,75.66%,1975,474,2449
"Judge, County Criminal Court No. 16",0214,1016,418,1434,1911,75.04%,833,484,1317
"Judge, County Criminal Court No. 16",0215,1096,636,1732,2286,75.77%,971,633,1604
"Judge, County Criminal Court No. 16",0216,778,244,1022,1966,51.98%,79,899,978
"Judge, County Criminal Court No. 16",0217,1545,618,2163,2736,79.06%,1314,709,2023
"Judge, County Criminal Court No. 16",0218,1099,457,1555,2467,63.07%,445,985,1430
"Judge, County Criminal Court No. 16",0219,1117,515,1632,2868,56.90%,158,1391,1549
"Judge, County Criminal Court No. 16",0220,832,306,1138,2362,48.18%,704,362,1066
"Judge, County Criminal Court No. 16",0221,1032,473,1505,2598,57.93%,551,871,1422
"Judge, County Criminal Court No. 16",0222,1460,671,2131,2728,78.12%,947,1015,1962
"Judge, County Criminal Court No. 16",0223,1750,517,2267,3664,61.87%,597,1510,2107
"Judge, County Criminal Court No. 16",0224,1155,495,1551,2313,71.81%,717,822,1539
"Judge, County Criminal Court No. 16",0225,1353,596,1949,3689,52.83%,831,1030,1861
"Judge, County Criminal Court No. 16",0226,840,421,1261,2554,49.37%,305,903,1208
"Judge, County Criminal Court No. 16",0227,1071,359,1430,1810,79.01%,1010,334,1344
"Judge, County Criminal Court No. 16",0228,625,159,784,1175,66.72%,49,720,769
"Judge, County Criminal Court No. 16",0229,227,168,395,828,47.71%,129,243,372
"Judge, County Criminal Court No. 16",0230,353,165,518,1094,47.35%,28,476,504
"Judge, County Criminal Court No. 16",0231,801,445,1246,2376,52.44%,303,883,1186
"Judge, County Criminal Court No. 16",0232,941,438,1379,1826,75.52%,729,548,1277
"Judge, County Criminal Court No. 16",0233,2571,703,3274,4713,69.47%,1456,1573,3029
"Judge, County Criminal Court No. 16",0234,2419,728,3147,4042,77.86%,2245,717,2962
"Judge, County Criminal Court No. 16",0235,461,203,664,1421,46.73%,29,609,638
"Judge, County Criminal Court No. 16",0236,555,308,964,2104,45.82%,57,877,934
"Judge, County Criminal Court No. 16",0237,739,312,1051,2146,48.97%,37,981,1018
"Judge, County Criminal Court No. 16",0238,606,317,923,1948,47.38%,42,846,888
Office,Precinct,Early Ballots Cast,Election Ballots Cast,Total Ballots Cast,Registered Voters,Percent Turnout,REP Linda Garcia,DEM Darrell William Jordan,Totals
"Judge, County Criminal Court No. 16",0239,694,334,1028,1984,51.81%,43,964,1007
"Judge, County Criminal Court No. 16",0240,1007,292,1299,2601,49.94%,37,1229,1266
"Judge, County Criminal Court No. 16",0241,651,383,1034,2466,41.93%,358,633,991
"Judge, County Criminal Court No. 16",0242,506,314,820,1744,47.02%,374,397,771
"Judge, County Criminal Court No. 16",0243,244,42,286,475,60.21%,4,277,281
"Judge, County Criminal Court No. 16",0244,1409,538,1947,3296,59.07%,919,935,1854
"Judge, County Criminal Court No. 16",0245,2100,811,2911,4679,62.21%,1809,957,2766
"Judge, County Criminal Court No. 16",0246,2209,482,2691,3971,67.77%,1657,932,2589
"Judge, County Criminal Court No. 16",0247,440,376,816,1595,51.16%,25,774,799
"Judge, County Criminal Court No. 16",0248,453,347,800,2147,37.26%,200,553,753
"Judge, County Criminal Court No. 16",0249,1124,365,1489,2825,52.71%,930,516,1446
"Judge, County Criminal Court No. 16",0250,288,183,471,925,50.92%,25,435,460
"Judge, County Criminal Court No. 16",0251,806,378,1184,2132,55.53%,67,1076,1143
"Judge, County Criminal Court No. 16",0252,925,309,1235,2292,53.88%,34,1166,1200
"Judge, County Criminal Court No. 16",0253,759,311,1070,2154,49.68%,37,1016,1053
"Judge, County Criminal Court No. 16",0254,411,280,691,1675,41.25%,163,490,653
"Judge, County Criminal Court No. 16",0255,1253,586,1839,2489,73.89%,785,914,1699
"Judge, County Criminal Court No. 16",0256,1398,583,1981,3321,59.65%,693,1167,1860
"Judge, County Criminal Court No. 16",0257,997,622,1619,3497,46.30%,412,1142,1554
"Judge, County Criminal Court No. 16",0258,1948,608,2555,3346,76.39%,1792,614,2406
"Judge, County Criminal Court No. 16",0259,1030,414,1444,2312,62.46%,41,1368,1409
"Judge, County Criminal Court No. 16",0260,547,227,774,1300,59.54%,382,351,733
"Judge, County Criminal Court No. 16",0261,442,531,973,1457,66.78%,299,618,917
"Judge, County Criminal Court No. 16",0262,1847,676,2523,4397,57.38%,1337,1038,2375
"Judge, County Criminal Court No. 16",0263,2208,665,2873,4016,71.54%,2023,726,2749
"Judge, County Criminal Court No. 16",0264,1110,627,1737,3101,56.01%,872,768,1640
"Judge, County Criminal Court No. 16",0265,1991,608,2599,3582,72.56%,1775,652,2427
"Judge, County Criminal Court No. 16",0266,737,443,1180,2147,54.96%,466,655,1121
"Judge, County Criminal Court No. 16",0267,421,293,714,1433,49.83%,280,399,679
"Judge, County Criminal Court No. 16",0268,1174,689,1863,2528,73.69%,1017,678,1695
"Judge, County Criminal Court No. 16",0269,1305,365,1670,2114,79.00%,1229,341,1570
"Judge, County Criminal Court No. 16",0270,1816,688,2504,3985,62.84%,1262,1077,2339
"Judge, County Criminal Court No. 16",0271,1150,346,1496,2558,58.48%,40,1424,1464
"Judge, County Criminal Court No. 16",0272,870,415,1285,2334,55.06%,449,765,1214
Office,Precinct,Early Ballots Cast,Election Ballots Cast,Total Ballots Cast,Registered Voters,Percent Turnout,REP Linda Garcia,DEM Darrell William Jordan,Totals
"Judge, County Criminal Court No. 16",0273,1175,647,1822,2485,73.32%,1369,365,1734
"Judge, County Criminal Court No. 16",0274,1261,311,1572,2223,70.72%,957,501,1458
"Judge, County Criminal Court No. 16",0275,585,334,919,2059,44.63%,171,715,886
"Judge, County Criminal Court No. 16",0276,1027,255,1282,2458,52.16%,21,1231,1252
"Judge, County Criminal Court No. 16",0277,573,338,911,1898,48.00%,327,546,873
"Judge, County Criminal Court No. 16",0278,1059,469,1528,2602,58.72%,676,778,1454
"Judge, County Criminal Court No. 16",0279,789,314,1103,2073,53.21%,615,437,1052
"Judge, County Criminal Court No. 16",0280,444,362,806,1656,48.67%,250,509,759
"Judge, County Criminal Court No. 16",0281,1287,590,1877,2507,74.87%,843,854,1697
"Judge, County Criminal Court No. 16",0282,773,604,1377,2144,64.23%,766,537,1303
"Judge, County Criminal Court No. 16",0283,2351,1143,3494,6365,54.89%,549,2812,3361
"Judge, County Criminal Court No. 16",0284,1585,574,2159,4079,52.93%,718,1326,2044
"Judge, County Criminal Court No. 16",0285,1077,431,1508,2680,56.27%,144,1316,1460
"Judge, County Criminal Court No. 16",0286,1708,545,2253,3757,59.97%,203,1973,2176
"Judge, County Criminal Court No. 16",0287,851,408,1259,1658,75.93%,597,581,1178
"Judge, County Criminal Court No. 16",0288,881,314,1195,2208,54.12%,33,1137,1170
"Judge, County Criminal Court No. 16",0289,481,352,833,1584,52.59%,314,465,779
"Judge, County Criminal Court No. 16",0290,705,332,1037,1623,63.89%,755,244,999
"Judge, County Criminal Court No. 16",0291,603,233,836,1218,68.64%,361,426,787
"Judge, County Criminal Court No. 16",0292,549,178,727,1379,52.72%,98,604,702
"Judge, County Criminal Court No. 16",0293,778,475,1253,1811,69.19%,522,638,1160
"Judge, County Criminal Court No. 16",0294,852,198,1050,2054,51.12%,12,1020,1032
"Judge, County Criminal Court No. 16",0295,270,111,381,894,42.62%,11,359,370
"Judge, County Criminal Court No. 16",0296,701,385,1086,1705,63.70%,546,461,1007
"Judge, County Criminal Court No. 16",0297,729,341,1070,2055,52.07%,370,639,1009
"Judge, County Criminal Court No. 16",0298,1095,387,1482,2236,66.28%,729,681,1410
"Judge, County Criminal Court No. 16",0299,499,236,735,1506,48.80%,229,460,689
"Judge, County Criminal Court No. 16",0300,3385,728,4113,5480,75.05%,3063,866,3929
"Judge, County Criminal Court No. 16",0301,737,392,1129,2337,48.31%,403,670,1073
"Judge, County Criminal Court No. 16",0302,1197,591,1788,3277,54.56%,911,804,1715
"Judge, County Criminal Court No. 16",0303,1896,692,2588,3375,76.68%,1934,531,2465
"Judge, County Criminal Court No. 16",0304,1190,474,1664,2326,71.54%,900,643,1543
"Judge, County Criminal Court No. 16",0305,2154,645,2799,4838,57.85%,929,1753,2682
"Judge, County Criminal Court No. 16",0306,1096,299,1395,1896,73.58%,937,362,1299
Office,Precinct,Early Ballots Cast,Election Ballots Cast,Total Ballots Cast,Registered Voters,Percent Turnout,REP Linda Garcia,DEM Darrell William Jordan,Totals
"Judge, County Criminal Court No. 16",0307,1456,801,2257,3270,69.02%,1465,653,2118
"Judge, County Criminal Court No. 16",0308,526,225,751,1457,51,54%,200,500,700
"Judge, County Criminal Court No. 16",0309,2160,591,2751,3495,78.71%,2042,558,2600
"Judge, County Criminal Court No. 16",0310,709,326,1035,1464,70.70%,634,335,969
"Judge, County Criminal Court No. 16",0311,930,643,1573,3222,48.82%,714,740,1454
"Judge, County Criminal Court No. 16",0312,1705,552,2257,3724,60.61%,1139,992,2131
"Judge, County Criminal Court No. 16",0313,23,8,31,61,50.82%,16,8,24
"Judge, County Criminal Court No. 16",0314,2997,817,3814,5606,68.03%,2152,1525,3677
"Judge, County Criminal Court No. 16",0315,801,353,1154,1636,70.54%,644,431,1075
"Judge, County Criminal Court No. 16",0316,739,340,1079,1513,71.32%,550,448,998
"Judge, County Criminal Court No. 16",0317,593,252,845,1661,50.87%,214,583,797
"Judge, County Criminal Court No. 16",0318,1726,529,2255,3776,59.72%,154,2030,2184
"Judge, County Criminal Court No. 16",0319,994,271,1265,2199,57.53%,83,1146,1229
"Judge, County Criminal Court No. 16",0320,554,238,792,1570,50.45%,303,443,746
"Judge, County Criminal Court No. 16",0321,857,363,1230,2483,49.54%,380,766,1146
"Judge, County Criminal Court No. 16",0322,426,124,550,1210,45.45%,160,374,534
"Judge, County Criminal Court No. 16",0323,700,296,996,1793,55.55%,380,565,945
"Judge, County Criminal Court No. 16",0324,1444,560,2004,2607,76.87%,1219,659,1878
"Judge, County Criminal Court No. 16",0325,802,257,1059,2176,48.67%,205,795,1000
"Judge, County Criminal Court No. 16",0326,271,129,400,736,54.35%,155,214,369
"Judge, County Criminal Court No. 16",0327,738,141,879,1758,50.00%,25,822,847
"Judge, County Criminal Court No. 16",0328,425,286,711,1631,43.59%,234,438,672
"Judge, County Criminal Court No. 16",0329,589,260,849,1621,52.38%,268,534,802
"Judge, County Criminal Court No. 16",0330,863,326,1189,2146,55.41%,536,591,1127
"Judge, County Criminal Court No. 16",0331,884,234,1118,1612,69.35%,704,351,1055
"Judge, County Criminal Court No. 16",0332,1355,503,1858,2926,63.50%,232,1552,1784
"Judge, County Criminal Court No. 16",0333,1385,942,2327,3296,70.60%,1598,593,2191
"Judge, County Criminal Court No. 16",0334,246,104,350,786,44.53%,62,272,334
"Judge, County Criminal Court No. 16",0335,489,293,782,1679,46.58%,205,522,727
"Judge, County Criminal Court No. 16",0336,2489,689,3178,4771,66.61%,340,2748,3088
"Judge, County Criminal Court No. 16",0337,367,155,522,1108,47.11%,82,408,490
"Judge, County Criminal Court No. 16",0338,1626,632,2258,5001,45.15%,612,1537,2149
"Judge, County Criminal Court No. 16",0339,704,303,1007,1909,52.75%,229,714,943
"Judge, County Criminal Court No. 16",0340,2040,654,2694,4012,67.15%,1879,678,2557
Office,Precinct,Early Ballots Cast,Election Ballots Cast,Total Ballots Cast,Registered Voters,Percent Turnout,REP Linda Garcia,DEM Darrell William Jordan,Totals
"Judge, County Criminal Court No. 16",0341,380,278,658,1372,47.96%,187,439,626
"Judge, County Criminal Court No. 16",0342,311,225,536,1092,49.08%,117,387,504
"Judge, County Criminal Court No. 16",0343,722,370,1092,2099,52.02%,263,762,1025
"Judge, County Criminal Court No. 16",0344,381,207,588,1225,48.00%,32,526,558
"Judge, County Criminal Court No. 16",0345,575,349,924,1945,47.51%,199,666,865
"Judge, County Criminal Court No. 16",0346,1,0,1,1,100.00%,0,0,0
"Judge, County Criminal Court No. 16",0347,1461,618,2079,3614,57.53%,1209,785,1994
"Judge, County Criminal Court No. 16",0348,830,242,1072,1796,59.69%,721,306,1027
"Judge, County Criminal Court No. 16",0349,458,369,827,1372,60.28%,485,311,796
"Judge, County Criminal Court No. 16",0350,1674,582,2256,3269,69.01%,798,1263,2061
"Judge, County Criminal Court No. 16",0351,2855,570,3425,4799,71.37%,2551,726,3277
"Judge, County Criminal Court No. 16",0352,2023,538,2561,4278,59.86%,1772,682,2454
"Judge, County Criminal Court No. 16",0353,1715,659,2374,4156,57.12%,443,1850,2293
"Judge, County Criminal Court No. 16",0354,1569,429,1998,3520,56.76%,487,1416,1903
"Judge, County Criminal Court No. 16",0355,821,239,1060,1714,61.84%,109,918,1027
"Judge, County Criminal Court No. 16",0356,1542,582,2124,3126,67.95%,1149,851,2000
"Judge, County Criminal Court No. 16",0357,1882,557,2439,3685,66.19%,1726,589,2315
"Judge, County Criminal Court No. 16",0358,775,376,1151,2634,43.70%,137,970,1107
"Judge, County Criminal Court No. 16",0359,803,496,1299,3320,39.13%,141,1113,1254
"Judge, County Criminal Court No. 16",0360,1858,597,2455,3309,74.19%,1128,1135,2263
"Judge, County Criminal Court No. 16",0361,323,688,1011,1808,55.92%,159,745,904
"Judge, County Criminal Court No. 16",0362,2865,553,3418,5161,66.23%,2353,919,3272
"Judge, County Criminal Court No. 16",0363,1826,635,2461,4160,59.16%,991,1391,2382
"Judge, County Criminal Court No. 16",0364,1190,528,1718,2827,60.77%,791,823,1614
"Judge, County Criminal Court No. 16",0365,827,174,1001,1348,74.26%,116,858,974
"Judge, County Criminal Court No. 16",0366,988,524,1512,2887,52.37%,359,1088,1447
"Judge, County Criminal Court No. 16",0367,453,204,657,1256,52.31%,161,462,623
"Judge, County Criminal Court No. 16",0368,433,122,555,1024,54.20%,150,384,534
"Judge, County Criminal Court No. 16",0369,132,29,161,678,23.75%,61,87,148
"Judge, County Criminal Court No. 16",0370,2525,627,3152,4531,69.57%,2248,784,3032
"Judge, County Criminal Court No. 16",0371,210,78,288,537,53.63%,14,269,283
"Judge, County Criminal Court No. 16",0372,509,180,689,1274,54.08%,82,577,659
"Judge, County Criminal Court No. 16",0373,61,13,74,163,45.40%,1,68,69
"Judge, County Criminal Court No. 16",0374,176,165,341,720,47.36%,96,229,325
Office,Precinct,Early Ballots Cast,Election Ballots Cast,Total Ballots Cast,Registered Voters,Percent Turnout,REP Linda Garcia,DEM Darrell William Jordan,Totals
"Judge, County Criminal Court No. 16",0375,745,510,1255,2836,44.25%,459,719,1178
"Judge, County Criminal Court No. 16",0376,753,344,1097,2060,53.25%,417,617,1034
"Judge, County Criminal Court No. 16",0377,1381,643,2024,3137,64.52%,1496,426,1922
"Judge, County Criminal Court No. 16",0378,621,447,1068,1856,57.54%,655,364,1019
"Judge, County Criminal Court No. 16",0379,857,388,1245,2149,57.93%,124,1088,1212
"Judge, County Criminal Court No. 16",0380,2732,551,3283,4380,74.95%,1721,1441,3162
"Judge, County Criminal Court No. 16",0381,1185,432,1617,3141,51.48%,630,910,1540
"Judge, County Criminal Court No. 16",0382,429,206,635,1035,61.35%,392,214,606
"Judge, County Criminal Court No. 16",0383,722,458,1180,2373,49.73%,371,745,1116
"Judge, County Criminal Court No. 16",0384,1152,444,1596,2725,58.57%,348,1172,1520
"Judge, County Criminal Court No. 16",0385,1141,561,1702,2207,77.12%,1256,351,1607
"Judge, County Criminal Court No. 16",0386,1658,419,2077,3105,66.89%,1439,571,2010
"Judge, County Criminal Court No. 16",0387,1702,780,2482,4340,57.19%,1627,744,2371
"Judge, County Criminal Court No. 16",0388,2899,711,3510,5413,66.69%,1726,1750,3476
"Judge, County Criminal Court No. 16",0389,397,293,690,1359,50.77%,99,546,645
"Judge, County Criminal Court No. 16",0390,698,271,969,1482,65.38%,140,788,928
"Judge, County Criminal Court No. 16",0391,986,336,1322,1978,66.84%,774,484,1258
"Judge, County Criminal Court No. 16",0392,652,145,797,1426,55.89%,16,755,771
"Judge, County Criminal Court No. 16",0393,427,257,684,1274,53.69%,319,325,644
"Judge, County Criminal Court No. 16",0394,236,126,362,914,39.61%,125,218,343
"Judge, County Criminal Court No. 16",0395,1007,371,1378,1875,73.49%,902,395,1297
"Judge, County Criminal Court No. 16",0396,1035,204,1239,2072,59.80%,34,1166,1200
"Judge, County Criminal Court No. 16",0397,204,117,321,796,40.33%,120,181,301
"Judge, County Criminal Court No. 16",0398,1761,654,2415,4200,57.50%,1084,1224,2308
"Judge, County Criminal Court No. 16",0399,1291,546,1837,3340,55.00%,690,1081,1771
"Judge, County Criminal Court No. 16",0400,1457,372,1839,2661,69.11%,1181,583,1764
"Judge, County Criminal Court No. 16",0401,703,257,960,1971,48.71%,54,862,916
"Judge, County Criminal Court No. 16",0402,897,262,1159,1911,60.65%,82,1040,1122
"Judge, County Criminal Court No. 16",0403,959,387,1346,1719,78.30%,677,559,1236
"Judge, County Criminal Court No. 16",0404,1033,445,1478,2717,54.40%,715,709,1424
"Judge, County Criminal Court No. 16",0405,1910,457,2367,3067,77.18%,1769,530,2299
"Judge, County Criminal Court No. 16",0406,275,65,340,649,52.39%,10,317,327
"Judge, County Criminal Court No. 16",0407,1703,860,2563,3969,64.58%,1506,909,2415
"Judge, County Criminal Court No. 16",0408,520,313,833,1740,47.87%,277,503,780
Office,Precinct,Early Ballots Cast,Election Ballots Cast,Total Ballots Cast,Registered Voters,Percent Turnout,REP Linda Garcia,DEM Darrell William Jordan,Totals
"Judge, County Criminal Court No. 16",0409,501,280,781,1608,48.57%,244,492,736
"Judge, County Criminal Court No. 16",0410,381,96,477,934,51.07%,89,367,456
"Judge, County Criminal Court No. 16",0411,699,418,1117,2426,46.04%,306,750,1056
"Judge, County Criminal Court No. 16",0412,156,80,236,478,49.37%,9,221,230
"Judge, County Criminal Court No. 16",0413,1546,456,2002,3081,64.98%,733,1168,1901
"Judge, County Criminal Court No. 16",0414,1573,514,2087,3586,58.20%,1493,507,2000
"Judge, County Criminal Court No. 16",0415,1076,573,1649,2284,72.20%,1081,476,1557
"Judge, County Criminal Court No. 16",0416,1443,845,2288,4009,57.07%,1113,1051,2164
"Judge, County Criminal Court No. 16",0417,1104,397,1501,2589,57.98%,653,779,1432
"Judge, County Criminal Court No. 16",0418,1336,663,1999,3940,50.74%,689,1191,1880
"Judge, County Criminal Court No. 16",0419,1166,477,1643,2702,60.81%,936,634,1570
"Judge, County Criminal Court No. 16",0420,2687,731,3418,4946,69.11%,2739,550,3289
"Judge, County Criminal Court No. 16",0421,1240,273,1513,2023,74.79%,702,750,1452
"Judge, County Criminal Court No. 16",0422,1357,401,1758,3348,52.81%,66,1651,1717
"Judge, County Criminal Court No. 16",0423,31,e,288,604,1423,42.45%,143,435,578
"Judge, County Criminal Court No. 16",0424,548,158,706,1079,65.43%,360,309,669
"Judge, County Criminal Court No. 16",0425,257,139,396,878,45.10%,115,259,374
"Judge, County Criminal Court No. 16",0426,485,228,713,1266,56.32%,352,318,670
"Judge, County Criminal Court No. 16",0427,437,155,592,1120,52.86%,202,353,555
"Judge, County Criminal Court No. 16",0428,1588,865,2553,5151,49.56%,659,1755,2414
"Judge, County Criminal Court No. 16",0429,947,649,1596,3311,48.20%,336,1182,1518
"Judge, County Criminal Court No. 16",0430,524,291,815,1794,45.43%,139,620,759
"Judge, County Criminal Court No. 16",0431,1218,604,1822,3860,47.20%,409,1324,1733
"Judge, County Criminal Court No. 16",0432,456,249,705,1568,44.96%,217,437,654
"Judge, County Criminal Court No. 16",0433,163,88,251,561,44.74%,58,179,237
"Judge, County Criminal Court No. 16",0434,831,293,1124,1557,72.19%,616,429,1045
"Judge, County Criminal Court No. 16",0435,1951,567,2518,3363,74.87%,1535,822,2357
"Judge, County Criminal Court No. 16",0436,2008,678,2686,3809,70.52%,1465,1052,2517
"Judge, County Criminal Court No. 16",0437,1148,425,1573,2094,75.12%,1014,472,1486
"Judge, County Criminal Court No. 16",0438,2288,475,2763,3789,72.92%,1843,759,2602
"Judge, County Criminal Court No. 16",0439,1854,749,2603,3701,70.33%,1706,742,2448
"Judge, County Criminal Court No. 16",0440,1498,749,2247,2973,75.58%,1659,451,2110
"Judge, County Criminal Court No. 16",0441,824,408,1232,1695,72.68%,843,309,1152
"Judge, County Criminal Court No. 16",0442,2441,685,3126,4315,72.44%,2488,502,2990
Office,Precinct,Early Ballots Cast,Election Ballots Cast,Total Ballots Cast,Registered Voters,Percent Turnout,REP Linda Garcia,DEM Darrell William Jordan,Totals
"Judge, County Criminal Court No. 16",0443,415,83,498,642,77.57%,348,118,466
"Judge, County Criminal Court No. 16",0444,1620,679,2299,3625,63.42%,1240,910,2150
"Judge, County Criminal Court No. 16",0445,1036,382,1418,2134,66.45%,842,504,1346
"Judge, County Criminal Court No. 16",0446,89,45,134,309,43.37%,46,83,129
"Judge, County Criminal Court No. 16",0447,2411,464,2875,3727,77.14%,1869,864,2733
"Judge, County Criminal Court No. 16",0448,1763,529,2292,3155,72.65%,1279,845,2124
"Judge, County Criminal Court No. 16",0449,73,26,99,225,44.00%,12,86,98
"Judge, County Criminal Court No. 16",0450,1104,394,1498,2890,51.83%,387,1053,1440
"Judge, County Criminal Court No. 16",0451,1719,367,2086,2771,75.28%,1616,386,2002
"Judge, County Criminal Court No. 16",0452,1871,662,2533,3789,66.85%,1680,738,2418
"Judge, County Criminal Court No. 16",0453,661,417,1078,2039,52.87%,303,712,1015
"Judge, County Criminal Court No. 16",0454,1043,288,1331,2509,53.05%,27,1263,1290
"Judge, County Criminal Court No. 16",0455,669,173,842,1713,49.15%,34,782,816
"Judge, County Criminal Court No. 16",0456,1404,553,1957,3793,51.60%,1041,823,1864
"Judge, County Criminal Court No. 16",0457,0,0,0,0,0.00%,0,0,0
"Judge, County Criminal Court No. 16",0458,914,253,1167,2025,57.63%,96,1030,1126
"Judge, County Criminal Court No. 16",0459,2362,432,2794,3942,70.88%,2091,584,2675
"Judge, County Criminal Court No. 16",0460,1613,472,2085,3280,63.57%,547,1462,2009
"Judge, County Criminal Court No. 16",0461,2242,669,2911,4054,71.81%,1738,978,2716
"Judge, County Criminal Court No. 16",0462,1474,738,2212,3507,63.07%,741,1387,2128
"Judge, County Criminal Court No. 16",0463,1673,564,2237,3773,59.29%,867,1300,2167
"Judge, County Criminal Court No. 16",0464,967,582,1549,2343,66.11%,942,515,1457
"Judge, County Criminal Court No. 16",0465,1628,594,2222,3778,58.81%,1002,1131,2133
"Judge, County Criminal Court No. 16",0466,2274,509,2783,4327,64.32%,1400,1283,2683
"Judge, County Criminal Court No. 16",0467,501,225,726,1320,55.00%,159,536,695
"Judge, County Criminal Court No. 16",0468,1379,747,2126,4040,52.62%,544,1476,2020
"Judge, County Criminal Court No. 16",0469,1867,462,2329,3257,71.51%,1752,471,2223
"Judge, County Criminal Court No. 16",0470,555,232,787,1358,57.95%,564,190,754
"Judge, County Criminal Court No. 16",0471,1057,458,1515,2473,61.26%,1122,336,1458
"Judge, County Criminal Court No. 16",0472,463,339,802,1131,70.91%,337,407,744
"Judge, County Criminal Court No. 16",0473,944,390,1334,1787,74.65%,898,369,1267
"Judge, County Criminal Court No. 16",0474,1417,624,2041,3127,65.27%,1315,636,1951
"Judge, County Criminal Court No. 16",0475,791,261,1052,1936,54.34%,426,569,995
"Judge, County Criminal Court No. 16",0476,1077,405,1482,2458,60.29%,791,623,1414
Office,Precinct,Early Ballots Cast,Election Ballots Cast,Total Ballots Cast,Registered Voters,Percent Turnout,REP Linda Garcia,DEM Darrell William Jordan,Totals
"Judge, County Criminal Court No. 16",0477,2027,640,2667,4010,66.51%,1794,740,2534
"Judge, County Criminal Court No. 16",0478,2271,683,2954,4696,62.90%,1817,994,2811
"Judge, County Criminal Court No. 16",0479,1978,755,2733,3851,70.97%,1980,649,2629
"Judge, County Criminal Court No. 16",0480,1445,538,1983,2978,66.59%,1335,579,1914
"Judge, County Criminal Court No. 16",0481,1756,667,2423,3609,67.14%,1723,582,2305
"Judge, County Criminal Court No. 16",0482,2259,618,2877,4405,65.31%,1915,839,2754
"Judge, County Criminal Court No. 16",0483,2305,538,2843,4495,63.25%,1426,1262,2688
"Judge, County Criminal Court No. 16",0484,2020,700,2720,3981,68.32%,1695,907,2602
"Judge, County Criminal Court No. 16",0485,2118,567,2685,4051,66.28%,1876,698,2574
"Judge, County Criminal Court No. 16",0486,2310,721,3031,4195,72.25%,2255,642,2897
"Judge, County Criminal Court No. 16",0487,1405,527,1932,4142,46.64%,485,1287,1772
"Judge, County Criminal Court No. 16",0488,842,511,1353,2382,56.80%,395,893,1288
"Judge, County Criminal Court No. 16",0489,865,344,1209,1958,61.75%,339,810,1149
"Judge, County Criminal Court No. 16",0490,980,346,1326,2105,62.99%,418,836,1254
"Judge, County Criminal Court No. 16",0491,937,488,1425,2110,67.54%,761,585,1346
"Judge, County Criminal Court No. 16",0492,1217,396,1613,2552,63.21%,796,741,1537
"Judge, County Criminal Court No. 16",0493,1404,555,1959,3338,58.69%,730,1113,1843
"Judge, County Criminal Court No. 16",0494,1079,419,1498,2787,53.75%,214,1228,1442
"Judge, County Criminal Court No. 16",0495,1414,376,1790,2488,71.95%,1179,515,1694
"Judge, County Criminal Court No. 16",0496,687,549,1235,2325,53.16%,450,726,1176
"Judge, County Criminal Court No. 16",0497,915,281,1197,2148,55.73%,46,1107,1153
"Judge, County Criminal Court No. 16",0498,1069,423,1492,2527,59.04%,514,905,1419
"Judge, County Criminal Court No. 16",0499,1433,397,1830,2336,78.34%,1268,479,1747
"Judge, County Criminal Court No. 16",0500,1869,651,2520,3698,68.14%,1552,864,2416
"Judge, County Criminal Court No. 16",0501,1146,406,1552,2016,76.98%,650,792,1442
"Judge, County Criminal Court No. 16",0502,1,355,293,1559,2595,63.93%,1235,347,1582
"Judge, County Criminal Court No. 16",0503,1397,306,1703,2236,76.16%,1246,376,1622
"Judge, County Criminal Court No. 16",0504,1270,482,1752,2318,75.58%,1080,572,1652
"Judge, County Criminal Court No. 16",0505,1750,735,2485,4076,60.97%,1081,1231,2312
"Judge, County Criminal Court No. 16",0506,1513,696,2209,3544,62.33%,349,1782,2131
"Judge, County Criminal Court No. 16",0507,599,319,918,2562,35.83%,210,611,821
"Judge, County Criminal Court No. 16",0508,1519,828,2347,4767,49.23%,686,1486,2172
"Judge, County Criminal Court No. 16",0509,2504,669,3173,5153,61.58%,1966,1077,3043
"Judge, County Criminal Court No. 16",0510,1701,666,2367,3822,61.93%,992,1288,2280
Office,Precinct,Early Ballots Cast,Election Ballots Cast,Total Ballots Cast,Registered Voters,Percent Turnout,REP Linda Garcia,DEM Darrell William Jordan,Totals
"Judge, County Criminal Court No. 16",0511,2933,574,3507,4620,75.91%,2111,1278,3389
"Judge, County Criminal Court No. 16",0512,1668,871,2539,4559,55.69%,1006,1422,2428
"Judge, County Criminal Court No. 16",0513,1754,413,2187,3003,72.16%,1522,549,2071
"Judge, County Criminal Court No. 16",0514,2288,613,2899,4378,66.22%,1957,817,2774
"Judge, County Criminal Court No. 16",0515,1836,468,2304,3182,72.41%,1795,408,2203
"Judge, County Criminal Court No. 16",0516,1316,363,1679,2799,59.99%,806,803,1609
"Judge, County Criminal Court No. 16",0517,1610,509,2119,3744,56.60%,937,1084,2021
"Judge, County Criminal Court No. 16",0518,1886,676,2562,4049,63.27%,1471,964,2435
"Judge, County Criminal Court No. 16",0519,1421,518,1939,3098,62.59%,1293,563,1856
"Judge, County Criminal Court No. 16",0520,1788,670,2456,5202,47.21%,395,1997,2392
"Judge, County Criminal Court No. 16",0521,1350,578,1928,3070,62.80%,909,944,1853
"Judge, County Criminal Court No. 16",0522,1508,464,1972,2815,70.05%,1432,480,1912
"Judge, County Criminal Court No. 16",0523,1978,537,2515,4027,62.45%,1512,866,2378
"Judge, County Criminal Court No. 16",0524,1392,637,2029,3598,56.39%,546,1393,1939
"Judge, County Criminal Court No. 16",0525,1440,574,2014,3260,61.78%,419,1488,1907
"Judge, County Criminal Court No. 16",0526,235,157,392,820,47.80%,98,273,371
"Judge, County Criminal Court No. 16",0527,156,38,194,580,33.45%,76,107,183
"Judge, County Criminal Court No. 16",0528,17,8,25,78,32.05%,3,21,24
"Judge, County Criminal Court No. 16",0529,2107,434,2541,3842,66.14%,2068,369,2437
"Judge, County Criminal Court No. 16",0530,375,212,587,1236,47.49%,140,398,538
"Judge, County Criminal Court No. 16",0531,1234,166,1400,2250,62.22%,994,324,1318
"Judge, County Criminal Court No. 16",0532,478,140,618,1058,58.41%,409,196,605
"Judge, County Criminal Court No. 16",0533,352,169,521,1164,44.76%,259,230,489
"Judge, County Criminal Court No. 16",0534,1895,577,2472,3918,63.09%,1701,656,2357
"Judge, County Criminal Court No. 16",0535,132,62,194,413,46.97%,70,113,183
"Judge, County Criminal Court No. 16",0536,2104,1053,3157,5637,56.00%,1126,1855,2981
"Judge, County Criminal Court No. 16",0537,1958,464,2422,3174,76.31%,1692,633,2325
"Judge, County Criminal Court No. 16",0538,371,203,574,1332,43.09%,22,532,554
"Judge, County Criminal Court No. 16",0539,811,234,1045,1535,68.08%,557,431,988
"Judge, County Criminal Court No. 16",0540,997,349,1346,1759,76.52%,452,777,1229
"Judge, County Criminal Court No. 16",0541,2157,761,2918,5001,58.35%,476,2304,2780
"Judge, County Criminal Court No. 16",0542,1156,406,1562,2654,58.85%,132,1382,1514
"Judge, County Criminal Court No. 16",0543,553,321,874,1658,52.71%,255,578,833
"Judge, County Criminal Court No. 16",0544,84,54,138,313,44.09%,15,120,135
Office,Precinct,Early Ballots Cast,Election Ballots Cast,Total Ballots Cast,Registered Voters,Percent Turnout,REP Linda Garcia,DEM Darrell William Jordan,Totals
"Judge, County Criminal Court No. 16",0545,2015,468,2483,3949,62.88%,1107,1248,2355
"Judge, County Criminal Court No. 16",0546,1524,278,1802,2471,72.93%,1492,254,1748
"Judge, County Criminal Court No. 16",0547,1413,270,1683,2534,66.42%,1090,517,1607
"Judge, County Criminal Court No. 16",0548,882,395,1277,2339,54.60%,571,664,1235
"Judge, County Criminal Court No. 16",0549,1105,447,1552,2786,55.71%,204,1303,1507
"Judge, County Criminal Court No. 16",0550,1171,553,1724,3245,53.13%,730,933,1663
"Judge, County Criminal Court No. 16",0551,2588,793,3379,4428,76.31%,2507,724,3231
"Judge, County Criminal Court No. 16",0552,2090,784,2874,3762,76.40%,2258,501,2759
"Judge, County Criminal Court No. 16",0553,982,317,1279,2193,58.32%,485,748,1233
"Judge, County Criminal Court No. 16",0554,597,271,868,1774,48.93%,170,662,832
"Judge, County Criminal Court No. 16",0555,839,390,1029,2286,45.01%,181,804,985
"Judge, County Criminal Court No. 16",0556,759,435,1194,2491,47.93%,246,896,1142
"Judge, County Criminal Court No. 16",0557,925,460,1385,2955,46.87%,402,873,1275
"Judge, County Criminal Court No. 16",0558,1812,721,2533,4718,53.69%,769,1664,2433
"Judge, County Criminal Court No. 16",0559,1901,701,2602,4984,52.21%,593,1897,2490
"Judge, County Criminal Court No. 16",0560,290,247,537,1141,47.06%,122,381,503
"Judge, County Criminal Court No. 16",0561,1023,624,1647,3138,52.49%,945,611,1556
"Judge, County Criminal Court No. 16",0562,222,116,338,691,48.91%,52,257,309
"Judge, County Criminal Court No. 16",0563,2089,337,2406,3468,69.38%,1803,500,2303
"Judge, County Criminal Court No. 16",0564,1551,526,2077,3240,64.10%,567,1396,1963
"Judge, County Criminal Court No. 16",0565,338,148,484,1414,34.23%,85,375,480
"Judge, County Criminal Court No. 16",0566,1183,441,1624,3029,53.62%,418,1136,1554
"Judge, County Criminal Court No. 16",0567,985,390,1355,2851,47.53%,332,928,1260
"Judge, County Criminal Court No. 16",0568,1833,697,2530,3638,69.54%,1567,790,2357
"Judge, County Criminal Court No. 16",0569,2027,747,2774,4125,67.25%,1290,1300,2590
"Judge, County Criminal Court No. 16",0570,788,278,1044,1598,65.33%,376,591,967
"Judge, County Criminal Court No. 16",0571,521,314,835,1950,42.82%,272,518,790
"Judge, County Criminal Court No. 16",0572,1522,444,1966,3308,59.43%,838,1030,1868
"Judge, County Criminal Court No. 16",0573,489,215,704,1625,43.32%,19,674,693
"Judge, County Criminal Court No. 16",0574,112,74,186,391,47.57%,26,149,175
"Judge, County Criminal Court No. 16",0575,1905,535,2440,3557,68.60%,1329,993,2322
"Judge, County Criminal Court No. 16",0576,1107,375,1482,2830,52.37%,97,1340,1437
"Judge, County Criminal Court No. 16",0577,885,205,1090,1586,68.73%,642,391,1033
"Judge, County Criminal Court No. 16",0578,1028,405,1431,1862,76.85%,863,460,1323
Office,Precinct,Early Ballots Cast,Election Ballots Cast,Total Ballots Cast,Registered Voters,Percent Turnout,REP Linda Garcia,DEM Darrell William Jordan,Totals
"Judge, County Criminal Court No. 16",0579,287,181,468,1139,41.09%,91,354,445
"Judge, County Criminal Court No. 16",0580,366,108,474,985,48.12%,21,446,467
"Judge, County Criminal Court No. 16",0581,456,137,593,1033,57.41%,22,549,571
"Judge, County Criminal Court No. 16",0582,543,232,775,1607,48.23%,54,689,743
"Judge, County Criminal Court No. 16",0583,433,155,588,1286,45.72%,19,558,577
"Judge, County Criminal Court No. 16",0584,367,120,487,1062,45.86%,40,428,468
"Judge, County Criminal Court No. 16",0585,829,280,1109,2346,47.27%,65,1007,1072
"Judge, County Criminal Court No. 16",0586,1790,790,2580,4521,57.07%,1451,1007,2458
"Judge, County Criminal Court No. 16",0587,1204,431,1635,2870,56.97%,540,1028,1568
"Judge, County Criminal Court No. 16",0588,1940,606,2546,3780,67.35%,1658,791,2449
"Judge, County Criminal Court No. 16",0589,1539,545,2084,3780,55.13%,979,1016,1995
"Judge, County Criminal Court No. 16",0590,1230,400,1630,2176,74.91%,1207,340,1547
"Judge, County Criminal Court No. 16",0591,651,462,1113,2274,48.94%,309,746,1055
"Judge, County Criminal Court No. 16",0592,449,272,721,1446,49.86%,158,527,685
"Judge, County Criminal Court No. 16",0593,1551,755,2316,4179,55.42%,951,1243,2194
"Judge, County Criminal Court No. 16",0594,1243,316,1559,2578,60.47%,434,1084,1518
"Judge, County Criminal Court No. 16",0595,600,299,899,1833,49.05%,160,708,868
"Judge, County Criminal Court No. 16",0596,1377,501,1878,3574,52.55%,840,939,1779
"Judge, County Criminal Court No. 16",0597,1204,609,1813,3587,50.54%,634,1092,1726
"Judge, County Criminal Court No. 16",0598,2389,731,3120,5253,59.39%,1077,1906,2983
"Judge, County Criminal Court No. 16",0599,1378,493,1871,3005,62.26%,641,1163,1804
"Judge, County Criminal Court No. 16",0600,1602,776,2378,4204,56.57%,790,1465,2255
"Judge, County Criminal Court No. 16",0601,2220,670,2890,4151,69.62%,2050,724,2774
"Judge, County Criminal Court No. 16",0602,754,234,988,1441,68.56%,663,287,950
"Judge, County Criminal Court No. 16",0603,2335,725,3060,4666,65.58%,1738,1205,2943
"Judge, County Criminal Court No. 16",0604,1816,375,2191,3189,68.70%,1776,315,2091
"Judge, County Criminal Court No. 16",0605,1711,599,2310,4217,54.78%,569,1627,2196
"Judge, County Criminal Court No. 16",0606,319,111,430,970,44.33%,7,414,421
"Judge, County Criminal Court No. 16",0607,163,51,214,712,30.06%,26,180,206
"Judge, County Criminal Court No. 16",0608,156,77,233,570,40.88%,84,135,219
"Judge, County Criminal Court No. 16",0609,2037,729,2766,4305,64.25%,1574,1059,2633
"Judge, County Criminal Court No. 16",0610,665,343,1008,2086,48.32%,414,532,946
"Judge, County Criminal Court No. 16",0611,980,229,1209,2527,47.84%,52,1131,1183
"Judge, County Criminal Court No. 16",0612,1927,431,2358,3388,69.60%,1743,501,2244
Office,Precinct,Early Ballots Cast,Election Ballots Cast,Total Ballots Cast,Registered Voters,Percent Turnout,REP Linda Garcia,DEM Darrell William Jordan,Totals
"Judge, County Criminal Court No. 16",0613,937,339,1276,2368,53.89%,222,997,1219
"Judge, County Criminal Court No. 16",0614,1949,645,2594,4566,56.81%,768,1711,2479
"Judge, County Criminal Court No. 16",0615,1075,301,1376,2086,65.96%,707,609,1316
"Judge, County Criminal Court No. 16",0616,1809,611,2420,3516,68.83%,1561,732,2293
"Judge, County Criminal Court No. 16",0617,1704,650,2354,4179,56.33%,789,1472,2261
"Judge, County Criminal Court No. 16",0618,1698,545,2243,3801,59.01%,930,1237,2167
"Judge, County Criminal Court No. 16",0619,2792,663,3455,4916,70.28%,2489,857,3346
"Judge, County Criminal Court No. 16",0620,1747,333,2080,3318,62.69%,1065,914,1979
"Judge, County Criminal Court No. 16",0621,536,200,736,1272,57.86%,317,382,699
"Judge, County Criminal Court No. 16",0622,2129,591,2720,4562,59.62%,1450,1147,2597
"Judge, County Criminal Court No. 16",0623,1960,461,2421,3919,61.78%,1480,829,2309
"Judge, County Criminal Court No. 16",0624,297,59,356,456,78.07%,267,76,343
"Judge, County Criminal Court No. 16",0625,924,372,1296,1864,69.53%,687,539,1226
"Judge, County Criminal Court No. 16",0626,2280,784,3054,4816,63.62%,1563,1336,2899
"Judge, County Criminal Court No. 16",0627,935,649,1584,3235,48.96%,420,1089,1509
"Judge, County Criminal Court No. 16",0628,716,545,1261,2420,52.11%,467,710,1177
"Judge, County Criminal Court No. 16",0629,162,96,258,750,34.40%,33,215,248
"Judge, County Criminal Court No. 16",0630,2662,541,3203,4738,67.60%,354,2765,3119
"Judge, County Criminal Court No. 16",0631,1841,398,2239,3263,68.62%,1459,679,2138
"Judge, County Criminal Court No. 16",0632,4,1,5,241,2.07%,0,5,5
"Judge, County Criminal Court No. 16",0633,2285,601,2887,3912,73.80%,1953,815,2768
"Judge, County Criminal Court No. 16",0634,1435,499,1934,3259,59.34%,1086,773,1859
"Judge, County Criminal Court No. 16",0635,1645,520,2165,3512,61.65%,1568,499,2067
"Judge, County Criminal Court No. 16",0636,2303,922,3225,4569,70.58%,2744,359,3103
"Judge, County Criminal Court No. 16",0637,1095,423,1518,2591,58.59%,389,1021,1410
"Judge, County Criminal Court No. 16",0638,850,348,1198,2310,51.86%,110,1054,1164
"Judge, County Criminal Court No. 16",0639,1385,284,1670,2560,65.23%,1264,334,1598
"Judge, County Criminal Court No. 16",0640,1619,615,2234,3927,56.89%,1243,903,2146
"Judge, County Criminal Court No. 16",0641,1637,683,2320,3840,60.42%,1343,880,2223
"Judge, County Criminal Court No. 16",0642,1030,270,1300,1783,72.91%,996,258,1254
"Judge, County Criminal Court No. 16",0643,1948,593,2541,4189,60.66%,1179,1261,2440
"Judge, County Criminal Court No. 16",0644,2087,689,2776,4446,62.44%,1577,1077,2654
"Judge, County Criminal Court No. 16",0645,2145,769,2914,4517,64.51%,1182,1581,2763
"Judge, County Criminal Court No. 16",0646,925,399,1324,2422,54.67%,339,916,1255
Office,Precinct,Early Ballots Cast,Election Ballots Cast,Total Ballots Cast,Registered Voters,Percent Turnout,REP Linda Garcia,DEM Darrell William Jordan,Totals
"Judge, County Criminal Court No. 16",0647,1372,526,1898,4349,43.64%,410,1365,1775
"Judge, County Criminal Court No. 16",0648,1859,500,2359,3487,67.65%,1619,648,2267
"Judge, County Criminal Court No. 16",0649,1549,775,2324,4755,48.87%,583,1630,2213
"Judge, County Criminal Court No. 16",0650,2033,819,2852,4039,70.61%,1895,836,2731
"Judge, County Criminal Court No. 16",0651,1734,551,2285,3873,59.00%,1230,955,2185
"Judge, County Criminal Court No. 16",0652,1165,545,1710,2979,57.40%,279,1381,1660
"Judge, County Criminal Court No. 16",0653,185,110,295,604,48.84%,72,209,281
"Judge, County Criminal Court No. 16",0654,2381,698,3079,5063,60.81%,1593,1345,2938
"Judge, County Criminal Court No. 16",0655,1959,761,2720,4495,60.51%,1459,1116,2575
"Judge, County Criminal Court No. 16",0656,1106,401,1507,2737,55.06%,74,1386,1460
"Judge, County Criminal Court No. 16",0657,683,276,959,1487,64.49%,330,581,911
"Judge, County Criminal Court No. 16",0658,1299,494,1793,2901,61.81%,1095,628,1723
"Judge, County Criminal Court No. 16",0659,2806,733,3539,5161,68.57%,2395,997,3392
"Judge, County Criminal Court No. 16",0660,1575,345,1920,3087,62.20%,199,1661,1860
"Judge, County Criminal Court No. 16",0661,1945,774,2720,4363,62.34%,1336,1255,2591
"Judge, County Criminal Court No. 16",0662,2267,571,2838,4002,70.91%,2250,481,2731
"Judge, County Criminal Court No. 16",0663,1338,448,1786,2340,76.32%,906,741,1647
"Judge, County Criminal Court No. 16",0664,909,513,1422,2992,47.53%,316,1039,1355
"Judge, County Criminal Court No. 16",0665,1327,360,1687,2354,71.67%,1325,302,1627
"Judge, County Criminal Court No. 16",0666,0,0,0,0,0.00%,0,0,0
"Judge, County Criminal Court No. 16",0667,1109,400,1509,2175,69.38%,1084,347,1431
"Judge, County Criminal Court No. 16",0668,1552,719,2271,3669,61.90%,1354,827,2181
"Judge, County Criminal Court No. 16",0669,1889,702,2591,3585,72.27%,1720,754,2474
"Judge, County Criminal Court No. 16",0670,1996,416,2412,3335,72.32%,1855,449,2304
"Judge, County Criminal Court No. 16",0671,1398,588,1986,3198,62.10%,1065,835,1900
"Judge, County Criminal Court No. 16",0672,1724,489,2213,3433,64.46%,1503,637,2140
"Judge, County Criminal Court No. 16",0673,1525,467,2092,3051,68.57%,1652,369,2021
"Judge, County Criminal Court No. 16",0674,2354,610,2964,4228,70.10%,2124,726,2850
"Judge, County Criminal Court No. 16",0675,0,0,0,0,0.00%,0,0,0
"Judge, County Criminal Court No. 16",0676,1087,465,1552,2976,52.15%,594,879,1473
"Judge, County Criminal Court No. 16",0677,423,259,682,1300,52.46%,192,443,635
"Judge, County Criminal Court No. 16",0678,1164,294,1458,2660,54.81%,146,1257,1403
"Judge, County Criminal Court No. 16",0679,1718,529,2247,3542,63.44%,1557,581,2138
"Judge, County Criminal Court No. 16",0680,98,17,115,179,64.25%,48,62,110
Office,Precinct,Early Ballots Cast,Election Ballots Cast,Total Ballots Cast,Registered Voters,Percent Turnout,REP Linda Garcia,DEM Darrell William Jordan,Totals
"Judge, County Criminal Court No. 16",0681,e,0,6,4,150.00%,4,2,6
"Judge, County Criminal Court No. 16",0682,2112,690,2802,4313,64.97%,1984,713,2697
"Judge, County Criminal Court No. 16",0683,82,5,87,302,28.81%,26,57,83
"Judge, County Criminal Court No. 16",0684,1580,640,2320,3559,65.19%,1422,797,2219
"Judge, County Criminal Court No. 16",0685,139,28,167,285,58.60%,73,75,148
"Judge, County Criminal Court No. 16",0686,53,5,58,221,26.24%,16,40,56
"Judge, County Criminal Court No. 16",0687,1510,400,1910,2713,70.40%,1232,575,1807
"Judge, County Criminal Court No. 16",0688,2333,594,2927,3922,74.63%,2268,555,2823
"Judge, County Criminal Court No. 16",0689,725,604,1330,2449,54.31%,566,677,1243
"Judge, County Criminal Court No. 16",0690,1957,553,2520,3614,69.73%,1909,498,2407
"Judge, County Criminal Court No. 16",0691,2131,551,2682,3690,72.68%,2026,564,2590
"Judge, County Criminal Court No. 16",0692,1278,678,1956,3118,62.73%,1340,513,1853
"Judge, County Criminal Court No. 16",0693,309,110,419,681,61.53%,107,289,396
"Judge, County Criminal Court No. 16",0694,1005,319,1324,2478,53.43%,536,735,1271
"Judge, County Criminal Court No. 16",0695,628,315,943,1842,51.19%,551,336,887
"Judge, County Criminal Court No. 16",0696,723,312,1035,2027,51.06%,605,398,1003
"Judge, County Criminal Court No. 16",0697,1299,552,1851,3238,57.16%,470,1306,1776
"Judge, County Criminal Court No. 16",0698,1275,520,1795,3339,53.76%,221,1514,1735
"Judge, County Criminal Court No. 16",0699,1276,398,1674,2387,70.13%,1013,544,1557
"Judge, County Criminal Court No. 16",0700,726,247,973,1536,63.35%,792,143,935
"Judge, County Criminal Court No. 16",0701,208,73,281,614,45.77%,119,138,257
"Judge, County Criminal Court No. 16",0702,183,69,252,550,45.82%,45,199,244
"Judge, County Criminal Court No. 16",0703,899,528,1427,1943,73.44%,985,373,1358
"Judge, County Criminal Court No. 16",0704,1698,512,2210,3121,70.81%,1768,366,2134
"Judge, County Criminal Court No. 16",0705,331,206,537,1513,35.49%,57,468,525
"Judge, County Criminal Court No. 16",0706,1248,372,1620,2821,57.43%,579,936,1515
"Judge, County Criminal Court No. 16",0707,377,69,446,757,58.92%,273,149,422
"Judge, County Criminal Court No. 16",0708,162,98,260,592,43.92%,90,159,249
"Judge, County Criminal Court No. 16",0709,2257,528,2785,4136,67.34%,1473,1194,2667
"Judge, County Criminal Court No. 16",0710,1132,450,1582,2096,75.48%,856,600,1456
"Judge, County Criminal Court No. 16",0711,1978,599,2577,3820,67.46%,1322,1128,2450
"Judge, County Criminal Court No. 16",0712,1720,627,2347,4002,58.65%,844,1431,2275
"Judge, County Criminal Court No. 16",0713,770,365,1135,2006,56.58%,525,558,1083
"Judge, County Criminal Court No. 16",0714,102,28,130,306,42.48%,63,60,123
Office,Precinct,Early Ballots Cast,Election Ballots Cast,Total Ballots Cast,Registered Voters,Percent Turnout,REP Linda Garcia,DEM Darrell William Jordan,Totals
"Judge, County Criminal Court No. 16",0715,553,239,792,1549,51.13%,374,374,748
"Judge, County Criminal Court No. 16",0716,1215,419,1635,2720,60.11%,1127,441,1568
"Judge, County Criminal Court No. 16",0717,974,232,1206,2082,57.93%,173,987,1160
"Judge, County Criminal Court No. 16",0718,2243,872,3115,4412,70.60%,1968,958,2926
"Judge, County Criminal Court No. 16",0719,624,223,847,1644,51.52%,418,382,800
"Judge, County Criminal Court No. 16",0720,2498,709,3207,4709,68.10%,2125,935,3060
"Judge, County Criminal Court No. 16",0721,1455,603,2059,2926,70.71%,1293,649,1942
"Judge, County Criminal Court No. 16",0722,1929,609,2538,4638,54.72%,199,2251,2450
"Judge, County Criminal Court No. 16",0723,897,261,1158,1959,59.11%,238,876,1114
"Judge, County Criminal Court No. 16",0724,395,146,541,800,67.63%,352,165,517
"Judge, County Criminal Court No. 16",0725,976,294,1270,2336,54.37%,494,697,1191
"Judge, County Criminal Court No. 16",0726,1271,321,1592,2207,72.13%,1351,192,1543
"Judge, County Criminal Court No. 16",0727,981,415,1396,2708,51.55%,367,980,1347
"Judge, County Criminal Court No. 16",0728,399,198,597,942,63.38%,352,209,561
"Judge, County Criminal Court No. 16",0729,235,49,284,471,60.30%,159,116,275
"Judge, County Criminal Court No. 16",0730,1360,406,1766,2435,72.53%,1107,558,1665
"Judge, County Criminal Court No. 16",0731,2087,624,2711,4834,56.08%,1138,1465,2603
"Judge, County Criminal Court No. 16",0732,791,449,1240,1943,63.82%,704,462,1166
"Judge, County Criminal Court No. 16",0733,55,25,80,303,26.40%,27,50,77
"Judge, County Criminal Court No. 16",0734,2307,556,2863,4294,66.67%,1837,922,2759
"Judge, County Criminal Court No. 16",0735,157,61,218,251,86.85%,114,94,208
"Judge, County Criminal Court No. 16",0736,14,3,17,42,40.48%,0,13,13
"Judge, County Criminal Court No. 16",0737,21,6,27,56,48.21%,21,6,27
"Judge, County Criminal Court No. 16",0738,435,214,649,1497,43.35%,110,520,630
"Judge, County Criminal Court No. 16",0739,978,440,1418,2971,47.73%,619,730,1349
"Judge, County Criminal Court No. 16",0740,280,169,449,1005,44.68%,229,193,422
"Judge, County Criminal Court No. 16",0741,923,262,1185,1895,62.53%,312,810,1122
"Judge, County Criminal Court No. 16",0742,1532,498,2030,2859,71.00%,1248,692,1940
"Judge, County Criminal Court No. 16",0743,54,60,114,234,48.72%,42,65,107
"Judge, County Criminal Court No. 16",0744,1009,444,1453,2103,69.09%,831,541,1372
"Judge, County Criminal Court No. 16",0745,1213,446,1659,2543,65.24%,995,578,1573
"Judge, County Criminal Court No. 16",0746,244,121,365,732,49.86%,167,172,339
"Judge, County Criminal Court No. 16",0747,1746,693,2439,4096,59.55%,1069,1269,2338
"Judge, County Criminal Court No. 16",0748,563,245,808,1556,51.93%,383,391,774
Office,Precinct,Early Ballots Cast,Election Ballots Cast,Total Ballots Cast,Registered Voters,Percent Turnout,REP Linda Garcia,DEM Darrell William Jordan,Totals
"Judge, County Criminal Court No. 16",0749,115,1,116,432,26.85%,19,91,110
"Judge, County Criminal Court No. 16",0750,294,122,416,809,51.42%,227,160,387
"Judge, County Criminal Court No. 16",0751,2931,1013,3944,5893,66.93%,2372,1407,3779
"Judge, County Criminal Court No. 16",0752,659,227,886,1484,59.70%,582,258,840
"Judge, County Criminal Court No. 16",0753,258,53,311,512,60.74%,124,172,296
"Judge, County Criminal Court No. 16",0754,386,262,648,1590,40.75%,39,589,628
"Judge, County Criminal Court No. 16",0755,1782,955,2737,5015,54.58%,994,1605,2599
"Judge, County Criminal Court No. 16",0756,687,309,996,1723,57.81%,319,625,944
"Judge, County Criminal Court No. 16",0757,1867,601,2468,4792,51.50%,413,1973,2386
"Judge, County Criminal Court No. 16",0758,2104,595,2699,3803,70.97%,2029,545,2574
"Judge, County Criminal Court No. 16",0759,1389,375,1764,2779,63.48%,1018,661,1679
"Judge, County Criminal Court No. 16",0760,1219,268,1487,2162,68.78%,1184,246,1430
"Judge, County Criminal Court No. 16",0761,1088,167,1255,1598,78.54%,865,318,1183
"Judge, County Criminal Court No. 16",0762,924,303,1227,1828,67.12%,582,587,1169
"Judge, County Criminal Court No. 16",0763,370,264,634,1249,50.76%,210,392,602
"Judge, County Criminal Court No. 16",0764,2472,677,3149,4827,65.24%,1891,1112,3003
"Judge, County Criminal Court No. 16",0765,2051,874,2925,5742,50.94%,780,2032,2812
"Judge, County Criminal Court No. 16",0766,126,59,185,428,43.22%,41,126,167
"Judge, County Criminal Court No. 16",0767,31,15,46,92,50.00%,22,22,44
"Judge, County Criminal Court No. 16",0768,1479,387,1866,2643,70.60%,1426,358,1784
"Judge, County Criminal Court No. 16",0769,85,14,99,184,53.80%,6,91,97
"Judge, County Criminal Court No. 16",0770,103,42,145,388,37.37%,51,88,139
"Judge, County Criminal Court No. 16",0771,572,210,782,1588,49.24%,343,404,747
"Judge, County Criminal Court No. 16",0772,2805,477,3282,4606,71.25%,2378,752,3130
"Judge, County Criminal Court No. 16",0773,1693,638,2331,4414,52.81%,579,1590,2169
"Judge, County Criminal Court No. 16",0774,150,66,216,426,50.70%,51,160,211
"Judge, County Criminal Court No. 16",0775,50,1,51,102,50.00%,1,49,50
"Judge, County Criminal Court No. 16",0776,1432,538,1970,3276,60.13%,1106,776,1882
"Judge, County Criminal Court No. 16",0777,201,105,306,767,39.90%,80,217,297
"Judge, County Criminal Court No. 16",0778,0,3,3,0,0.00%,1,2,3
"Judge, County Criminal Court No. 16",0779,263,160,423,1019,41.51%,117,274,391
"Judge, County Criminal Court No. 16",0780,170,130,300,666,45.05%,100,177,277
"Judge, County Criminal Court No. 16",0781,1235,612,1847,3782,48.84%,596,1113,1709
"Judge, County Criminal Court No. 16",0782,1048,368,1416,2355,60.13%,844,494,1338
Office,Precinct,Early Ballots Cast,Election Ballots Cast,Total Ballots Cast,Registered Voters,Percent Turnout,REP Linda Garcia,DEM Darrell William Jordan,Totals
"Judge, County Criminal Court No. 16",0783,197,90,287,520,55.19%,21,256,277
"Judge, County Criminal Court No. 16",0784,408,119,527,1062,49.62%,19,491,510
"Judge, County Criminal Court No. 16",0785,1229,357,1586,1896,83.65%,833,681,1514
"Judge, County Criminal Court No. 16",0786,396,177,573,1258,45.55%,194,347,541
"Judge, County Criminal Court No. 16",0787,180,83,263,542,48.52%,85,160,245
"Judge, County Criminal Court No. 16",0788,2,0,2,13,15.38%,2,0,2
"Judge, County Criminal Court No. 16",0789,1377,420,1797,2998,59.94%,1037,690,1727
"Judge, County Criminal Court No. 16",0790,1143,329,1472,2523,58.34%,509,904,1413
"Judge, County Criminal Court No. 16",0791,9,3,12,29,41.38%,3,9,12
"Judge, County Criminal Court No. 16",0792,648,415,1063,1954,54.40%,276,742,1018
"Judge, County Criminal Court No. 16",0793,984,416,1400,2620,53.44%,701,629,1330
"Judge, County Criminal Court No. 16",0794,626,411,1037,3208,32.33%,114,890,1004
"Judge, County Criminal Court No. 16",0795,396,2,398,1281,31.07%,123,247,370
"Judge, County Criminal Court No. 16",0796,1371,465,1836,3041,60.37%,778,1005,1783
"Judge, County Criminal Court No. 16",0797,0,0,0,0,0.00%,0,0,0
"Judge, County Criminal Court No. 16",0798,222,142,364,521,69.87%,140,205,345
"Judge, County Criminal Court No. 16",0799,58,26,84,171,49.12%,16,67,83
"Judge, County Criminal Court No. 16",0800,1934,730,2664,4216,63.19%,1618,926,2544
"Judge, County Criminal Court No. 16",0801,90,44,134,261,51.34%,49,79,128
"Judge, County Criminal Court No. 16",0802,54,21,75,224,33.48%,19,52,71
"Judge, County Criminal Court No. 16",0803,2665,547,3212,4514,71.16%,2197,884,3081
"Judge, County Criminal Court No. 16",0804,2703,682,3385,5303,63.83%,1781,1476,3257
"Judge, County Criminal Court No. 16",0805,1597,454,2051,2874,71.36%,1564,403,1967
"Judge, County Criminal Court No. 16",0806,1001,324,1325,1889,70.14%,803,474,1277
"Judge, County Criminal Court No. 16",0807,792,349,1141,2163,52.75%,203,902,1105
"Judge, County Criminal Court No. 16",0808,142,57,199,232,85.78%,78,106,184
"Judge, County Criminal Court No. 16",0809,19,7,26,98,26.53%,13,12,25
"Judge, County Criminal Court No. 16",0810,47,31,78,197,39.59%,20,52,72
"Judge, County Criminal Court No. 16",0811,82,68,150,277,54.15%,43,103,146
"Judge, County Criminal Court No. 16",0812,0,0,0,0,0.00%,0,0,0
"Judge, County Criminal Court No. 16",0813,1742,434,2176,3488,62.39%,972,1125,2097
"Judge, County Criminal Court No. 16",0814,1968,827,2795,5483,50.98%,585,2106,2691
"Judge, County Criminal Court No. 16",0815,0,0,0,0,0.00%,0,0,0
"Judge, County Criminal Court No. 16",0816,23,10,33,64,51.56%,6,25,31
Office,Precinct,Early Ballots Cast,Election Ballots Cast,Total Ballots Cast,Registered Voters,Percent Turnout,REP Linda Garcia,DEM Darrell William Jordan,Totals
"Judge, County Criminal Court No. 16",0817,2787,550,3337,4700,71.00%,2326,909,3235
"Judge, County Criminal Court No. 16",0818,208,104,312,737,42.33%,73,227,300
"Judge, County Criminal Court No. 16",0819,108,31,139,228,60.96%,69,56,125
"Judge, County Criminal Court No. 16",0820,0,0,0,0,0.00%,0,0,0
"Judge, County Criminal Court No. 16",0821,362,188,550,1295,42.47%,81,443,524
"Judge, County Criminal Court No. 16",0822,571,185,756,1574,48.03%,32,692,724
"Judge, County Criminal Court No. 16",0823,1339,410,1749,3017,57.97%,943,733,1676
"Judge, County Criminal Court No. 16",0824,1057,410,1467,2762,53.11%,341,1072,1413
"Judge, County Criminal Court No. 16",0825,9,7,1e,21,76.19%,3,12,15
"Judge, County Criminal Court No. 16",0826,177,70,247,355,69.58%,130,97,227
"Judge, County Criminal Court No. 16",0827,218,234,452,1042,43.38%,151,287,438
"Judge, County Criminal Court No. 16",0828,1174,281,1455,1965,74.05%,1107,279,1386
"Judge, County Criminal Court No. 16",0829,101,19,120,235,51.06%,35,78,113
"Judge, County Criminal Court No. 16",0830,2,2,4,2,200.00%,4,0,4
"Judge, County Criminal Court No. 16",0831,8,5,13,36,36.11%,6,6,12
"Judge, County Criminal Court No. 16",0832,124,50,174,364,47.80%,48,117,165
"Judge, County Criminal Court No. 16",0833,3,2,5,20,25.00%,1,4,5
"Judge, County Criminal Court No. 16",0834,142,61,203,388,52.32%,20,179,199
"Judge, County Criminal Court No. 16",0835,87,71,158,311,50.80%,47,104,151
"Judge, County Criminal Court No. 16",0836,128,0,128,248,51.61%,10,108,118
"Judge, County Criminal Court No. 16",0837,0,0,0,0,0.00%,0,0,0
"Judge, County Criminal Court No. 16",0838,0,0,0,0,0.00%,0,0,0
"Judge, County Criminal Court No. 16",0839,419,174,593,1190,49.83%,129,438,567
"Judge, County Criminal Court No. 16",0840,829,228,1057,1780,59.38%,359,652,1011
"Judge, County Criminal Court No. 16",0841,1473,475,1948,3431,56.78%,470,1412,1882
"Judge, County Criminal Court No. 16",0842,1338,513,1851,3390,54.60%,760,997,1757
"Judge, County Criminal Court No. 16",0843,595,298,893,1387,64.38%,177,680,857
"Judge, County Criminal Court No. 16",0844,4,0,4,10,40.00%,0,4,4
"Judge, County Criminal Court No. 16",0845,151,13,164,218,75.23%,100,57,157
"Judge, County Criminal Court No. 16",0846,51,22,83,229,36.24%,6,75,81
"Judge, County Criminal Court No. 16",0847,993,330,1323,2310,57.27%,371,901,1272
"Judge, County Criminal Court No. 16",0848,1011,201,1212,1875,64.64%,380,769,1149
"Judge, County Criminal Court No. 16",0849,731,455,1186,2272,52.20%,372,734,1106
"Judge, County Criminal Court No. 16",0850,129,19,148,208,71.15%,61,80,141
Office,Precinct,Early Ballots Cast,Election Ballots Cast,Total Ballots Cast,Registered Voters,Percent Turnout,REP Linda Garcia,DEM Darrell William Jordan,Totals
"Judge, County Criminal Court No. 16",0851,1885,441,2326,3597,64.66%,1521,702,2223
"Judge, County Criminal Court No. 16",0852,0,0,0,1,0.00%,0,0,0
"Judge, County Criminal Court No. 16",0853,1637,487,2124,2986,71.13%,1558,481,2039
"Judge, County Criminal Court No. 16",0854,40,19,59,175,33.71%,11,46,57
"Judge, County Criminal Court No. 16",0855,7,2,9,21,42.86%,4,4,8
"Judge, County Criminal Court No. 16",0856,0,3,3,0,0.00%,0,1,1
"Judge, County Criminal Court No. 16",0857,0,0,0,1,0.00%,0,0,0
"Judge, County Criminal Court No. 16",0858,121,35,156,334,46.71%,5,142,147
"Judge, County Criminal Court No. 16",0859,391,143,534,945,56.51%,121,387,508
"Judge, County Criminal Court No. 16",0860,1,1,2,0,0.00%,0,2,2
"Judge, County Criminal Court No. 16",0861,777,272,1049,1941,54.04%,170,842,1012
"Judge, County Criminal Court No. 16",0862,1989,508,2497,3739,66.78%,1456,948,2404
"Judge, County Criminal Court No. 16",0863,192,64,256,581,44.06%,15,236,251
"Judge, County Criminal Court No. 16",0864,693,574,1267,2708,46.79%,320,880,1200
"Judge, County Criminal Court No. 16",0865,9,2,11,21,52.38%,1,10,11
"Judge, County Criminal Court No. 16",0866,0,0,0,0,0.00%,0,0,0
"Judge, County Criminal Court No. 16",0867,0,0,0,0,0.00%,0,0,0
"Judge, County Criminal Court No. 16",0868,736,495,1231,2446,50.33%,344,823,1167
"Judge, County Criminal Court No. 16",0869,165,55,220,480,45.83%,31,183,214
"Judge, County Criminal Court No. 16",0870,0,2,2,0,0.00%,2,0,2
"Judge, County Criminal Court No. 16",0871,2,1,3,3,100.00%,1,2,3
"Judge, County Criminal Court No. 16",0872,16,6,22,68,32.35%,12,10,22
"Judge, County Criminal Court No. 16",0873,296,111,407,778,52.31%,98,297,395
"Judge, County Criminal Court No. 16",0874,1681,670,2351,3294,71.37%,1681,575,2256
"Judge, County Criminal Court No. 16",0875,1947,501,2448,3592,68.15%,1163,1194,2357
"Judge, County Criminal Court No. 16",0876,1945,577,2522,3485,72.37%,1730,686,2416
"Judge, County Criminal Court No. 16",0877,1803,528,2331,3651,63.85%,901,1350,2251
"Judge, County Criminal Court No. 16",0878,685,110,795,1039,76.52%,636,126,762
"Judge, County Criminal Court No. 16",0879,1215,413,1628,2843,57.26%,677,881,1558
"Judge, County Criminal Court No. 16",0880,1354,471,1825,2467,73.98%,1341,413,1754
"Judge, County Criminal Court No. 16",0881,2465,927,3392,5638,60.16%,912,2370,3282
"Judge, County Criminal Court No. 16",0882,1952,595,2547,4317,59.00%,779,1656,2435
"Judge, County Criminal Court No. 16",0883,2252,928,3180,5613,56.65%,601,2463,3064
"Judge, County Criminal Court No. 16",0884,149,55,204,396,51.52%,30,169,199
Office,Precinct,Early Ballots Cast,Election Ballots Cast,Total Ballots Cast,Registered Voters,Percent Turnout,REP Linda Garcia,DEM Darrell William Jordan,Totals
"Judge, County Criminal Court No. 16",0885,1570,323,1893,2811,67.34%,1060,765,1825
"Judge, County Criminal Court No. 16",0886,495,152,647,906,71.41,%,345,244,589
"Judge, County Criminal Court No. 16",0887,234,95,329,492,66.87%,168,128,296
"Judge, County Criminal Court No. 16",0888,817,289,1106,1867,59.24%,363,700,1063
"Judge, County Criminal Court No. 16",0889,113,28,141,238,59.24%,44,88,132
"Judge, County Criminal Court No. 16",0890,445,98,543,1214,44.73%,229,272,501
"Judge, County Criminal Court No. 16",0891,753,194,947,1376,68.82%,334,555,889
"Judge, County Criminal Court No. 16",0892,420,123,543,900,60.33%,188,319,507
"Judge, County Criminal Court No. 16",0893,1,4,5,9,55.56%,2,3,5
"Judge, County Criminal Court No. 16",0894,801,305,1106,2087,52.99%,158,911,1069
"Judge, County Criminal Court No. 16",0895,417,252,669,834,80.22%,278,324,602
"Judge, County Criminal Court No. 16",0896,838,254,1092,1467,74.44%,365,659,1024
"Judge, County Criminal Court No. 16",0897,812,365,1177,1766,66.65%,614,504,1118
"Judge, County Criminal Court No. 16",0898,792,301,1093,1821,60.02%,447,611,1058
"Judge, County Criminal Court No. 16",0899,746,165,911,1264,72.07%,564,320,884
"Judge, County Criminal Court No. 16",0900,7,0,7,12,58.33%,1,6,7
"Judge, County Criminal Court No. 16",0901,0,0,0,0,0.00%,0,0,0
"Judge, County Criminal Court No. 16",0902,1310,361,1671,2217,75.37%,848,695,1543
"Judge, County Criminal Court No. 16",0903,1314,354,1668,2558,65.21%,1207,401,1608
"Judge, County Criminal Court No. 16",0904,2,0,2,8,25.00%,1,1,2
"Judge, County Criminal Court No. 16",0905,390,136,526,946,55.60%,211,295,506
"Judge, County Criminal Court No. 16",0906,19,3,22,28,78.57%,13,9,22
"Judge, County Criminal Court No. 16",0907,53,37,90,201,44.78%,8,80,88
"Judge, County Criminal Court No. 16",0908,0,0,0,0,0.00%,0,0,0
"Judge, County Criminal Court No. 16",0909,7,1,8,21,38.10%,3,5,8
"Judge, County Criminal Court No. 16",0910,78,37,115,236,48.73%,45,63,108
"Judge, County Criminal Court No. 16",0911,237,63,300,576,52.08%,195,96,291
"Judge, County Criminal Court No. 16",0912,712,167,879,1341,65.55%,515,317,832
"Judge, County Criminal Court No. 16",0913,102,12,114,241,47.30%,22,89,111
"Judge, County Criminal Court No. 16",0914,42,0,42,124,33.87%,10,29,39
"Judge, County Criminal Court No. 16",0915,0,0,0,0,0.00%,0,0,0
"Judge, County Criminal Court No. 16",0916,1472,308,1780,2205,80.73%,1336,363,1699
"Judge, County Criminal Court No. 16",0917,33,9,42,147,28.57%,4,33,37
"Judge, County Criminal Court No. 16",0918,3,1,4,7,57.14%,1,3,4
Office,Precinct,Early Ballots Cast,Election Ballots Cast,Total Ballots Cast,Registered Voters,Percent Turnout,REP Linda Garcia,DEM Darrell William Jordan,Totals
"Judge, County Criminal Court No. 16",0919,1,0,1,1,100.00%,1,0,1
"Judge, County Criminal Court No. 16",0920,41,13,54,79,68.35%,33,19,52
"Judge, County Criminal Court No. 16",0921,27,6,33,61,54.10%,6,27,33
"Judge, County Criminal Court No. 16",0922,0,0,0,0,0.00%,0,0,0
"Judge, County Criminal Court No. 16",0923,2331,350,2681,3536,75.82%,1990,628,2618
"Judge, County Criminal Court No. 16",0924,0,0,0,0,0.00%,0,0,0
"Judge, County Criminal Court No. 16",0925,0,0,0,0,0.00%,0,0,0
"Judge, County Criminal Court No. 16",0926,550,149,699,967,72.29%,471,194,665
"Judge, County Criminal Court No. 16",0927,966,173,1139,1771,64.31%,572,489,1061
"Judge, County Criminal Court No. 16",0928,4,1,5,7,71.43%,0,5,5
"Judge, County Criminal Court No. 16",0929,0,0,0,0,0.00%,0,0,0
"Judge, County Criminal Court No. 16",0930,217,83,300,606,49.50%,21,266,287
"Judge, County Criminal Court No. 16",0931,87,28,115,141,81.56%,50,53,103
"Judge, County Criminal Court No. 16",0932,0,1,1,0,0.00%,0,1,1
"Judge, County Criminal Court No. 16",0933,297,93,390,668,58.38%,120,254,374
"Judge, County Criminal Court No. 16",0934,9,4,13,37,35.14%,7,6,13
"Judge, County Criminal Court No. 16",0935,12,9,21,55,38.18%,8,12,20
"Judge, County Criminal Court No. 16",0936,23,9,32,76,42.11%,9,20,29
"Judge, County Criminal Court No. 16",0937,0,0,0,0,0.00%,0,0,0
"Judge, County Criminal Court No. 16",0938,72,19,91,255,35.69%,29,61,90
"Judge, County Criminal Court No. 16",0939,1,1,2,4,50.00%,1,1,2
"Judge, County Criminal Court No. 16",0940,9,3,12,28,42.86%,1,11,12
"Judge, County Criminal Court No. 16",0941,284,144,428,870,49.20%,206,195,401
"Judge, County Criminal Court No. 16",0942,102,16,118,152,77.63%,80,36,116
"Judge, County Criminal Court No. 16",0943,192,28,220,774,28.42%,56,150,206
"Judge, County Criminal Court No. 16",0944,1,0,1,1,100.00%,0,1,1
"Judge, County Criminal Court No. 16",0945,8,6,14,21,66.67%,4,9,13
"Judge, County Criminal Court No. 16",0946,4,2,6,14,42.86%,2,4,6
"Judge, County Criminal Court No. 16",0947,428,198,626,820,76.34%,308,269,577
"Judge, County Criminal Court No. 16",0948,0,0,0,1,0.00%,0,0,0
"Judge, County Criminal Court No. 16",0949,84,61,145,210,69.05%,71,67,138
"Judge, County Criminal Court No. 16",0950,0,0,0,0,0.00%,0,0,0
"Judge, County Criminal Court No. 16",0951,114,62,176,304,57.89%,42,124,166
"Judge, County Criminal Court No. 16",0952,32,15,47,65,72.31%,32,13,45
Office,Precinct,Early Ballots Cast,Election Ballots Cast,Total Ballots Cast,Registered Voters,Percent Turnout,REP Linda Garcia,DEM Darrell William Jordan,Totals
"Judge, County Criminal Court No. 16",0953,4,0,4,8,50.00%,0,4,4
"Judge, County Criminal Court No. 16",0954,0,0,0,0,0.00%,0,0,0
"Judge, County Criminal Court No. 16",0955,3528,572,4100,5108,80.27%,2852,1056,3908
"Judge, County Criminal Court No. 16",0956,0,0,0,0,0.00%,0,0,0
"Judge, County Criminal Court No. 16",0957,282,39,321,585,54.87%,45,265,310
"Judge, County Criminal Court No. 16",0958,430,231,661,1202,54.99%,130,499,629
"Judge, County Criminal Court No. 16",0959,0,0,0,0,0.00%,0,0,0
"Judge, County Criminal Court No. 16",0960,829,235,1064,1471,72.33%,244,785,1029
"Judge, County Criminal Court No. 16",0961,820,318,1138,2369,48.04%,188,902,1090
"Judge, County Criminal Court No. 16",0962,33,12,45,88,51.14%,8,33,41
"Judge, County Criminal Court No. 16",0963,225,91,316,528,59.85%,135,164,299
"Judge, County Criminal Court No. 16",0964,2145,325,2470,3179,77.70%,1419,947,2366
"Judge, County Criminal Court No. 16",0965,101,35,136,345,39.42%,91,40,131
"Judge, County Criminal Court No. 16",0966,368,189,557,1332,41.82%,136,387,523
"Judge, County Criminal Court No. 16",0967,82,24,106,186,56.99%,40,61,101
"Judge, County Criminal Court No. 16",0968,455,127,582,906,64.24%,127,434,561
"Judge, County Criminal Court No. 16",0969,299,71,370,624,59.29%,6,357,363
"Judge, County Criminal Court No. 16",0970,223,102,325,810,40.12%,34,269,303
"Judge, County Criminal Court No. 16",0971,0,0,0,0,0.00%,0,0,0
"Judge, County Criminal Court No. 16",0972,0,0,0,0,0.00%,0,0,0
"Judge, County Criminal Court No. 16",0973,504,138,642,999,64.26%,412,197,609
"Judge, County Criminal Court No. 16",0974,0,1,1,0,0.00%,1,0,1
"Judge, County Criminal Court No. 16",0975,104,26,130,190,68.42%,57,63,120
"Judge, County Criminal Court No. 16",0976,190,152,342,712,48.03%,166,154,320
"Judge, County Criminal Court No. 16",0977,160,108,268,617,43.44%,91,167,258
"Judge, County Criminal Court No. 16",0978,0,0,0,0,0.00%,0,0,0
"Judge, County Criminal Court No. 16",0979,0,0,0,0,0.00%,0,0,0
"Judge, County Criminal Court No. 16",0980,686,333,1019,1412,72.17%,697,268,965
"Judge, County Criminal Court No. 16",0981,12,2,14,31,45.16%,0,13,13
"Judge, County Criminal Court No. 16",0982,1898,501,2399,2916,82.27%,1811,492,2303
"Judge, County Criminal Court No. 16",0983,55,17,82,198,41.41,%,44,36,80
"Judge, County Criminal Court No. 16",0984,75,57,133,341,39.00%,13,118,131
"Judge, County Criminal Court No. 16",0985,222,56,278,355,78.31%,130,131,261
"Judge, County Criminal Court No. 16",0986,153,78,231,537,43.02%,26,198,224
Office,Precinct,Early Ballots Cast,Election Ballots Cast,Total Ballots Cast,Registered Voters,Percent Turnout,REP Linda Garcia,DEM Darrell William Jordan,Totals
"Judge, County Criminal Court No. 16",0987,476,130,606,1183,51.23%,41,541,582
"Judge, County Criminal Court No. 16",0988,62,15,77,117,65.81%,68,5,73
"Judge, County Criminal Court No. 16",0989,0,0,0,0,0.00%,0,0,0
"Judge, County Criminal Court No. 16",0990,5,6,11,66,16.67%,4,7,11
"Judge, County Criminal Court No. 16",0991,0,1,1,2,50.00%,0,1,1
"Judge, County Criminal Court No. 16",0992,456,106,562,1075,52,28%,268,262,530
"Judge, County Criminal Court No. 16",0993,0,0,0,0,0.00%,0,0,0
"Judge, County Criminal Court No. 16",0994,56,12,68,75,90.67%,21,45,66
"Judge, County Criminal Court No. 16",0995,753,193,946,1576,60.03%,107,802,909
"Judge, County Criminal Court No. 16",0996,403,70,473,708,66.81%,256,188,444
"Judge, County Criminal Court No. 16",0997,521,283,804,1909,42.12%,146,637,783
"Judge, County Criminal Court No. 16",0998,24,12,36,68,52.94%,24,11,35
"Judge, County Criminal Court No. 16",0999,0,0,0,0,0.00%,0,0,0
"Judge, County Criminal Court No. 16",1000,122,22,144,428,33.64%,27,112,139
"Judge, County Criminal Court No. 16",1001,519,280,799,1654,48.31%,164,596,760
"Judge, County Criminal Court No. 16",1002,480,270,750,1804,41.57%,108,600,708
"Judge, County Criminal Court No. 16",1,003,0,0,0,0,0.00%,0,0,0
"Judge, County Criminal Court No. 16",1004,349,114,463,691,67.00%,223,214,437
"Judge, County Criminal Court No. 16",1,005,0,0,0,0,0.00%,0,0,0
"Judge, County Criminal Court No. 16",1,006,0,0,0,0,0.00%,0,0,0
"Judge, County Criminal Court No. 16",1007,694,306,1000,1775,56.34%,234,723,957
"Judge, County Criminal Court No. 16",1008,620,107,727,1011,71.91%,557,137,694
"Judge, County Criminal Court No. 16",1,009,0,0,0,0,0.00%,0,0,0
"Judge, County Criminal Court No. 16",1010,292,96,388,647,59.97%,82,294,376
"Judge, County Criminal Court No. 16",1011,9,6,15,31,48.39%,8,7,15
"Judge, County Criminal Court No. 16",1012,543,362,905,1633,55.42%,231,624,855
"Judge, County Criminal Court No. 16",Totals:,981446,353327,1334773,2182980,620944,647982,1268926
