Office,Precinct,Early Ballots Cast,Election Ballots Cast,Total Ballots Cast,Registered Voters,Percent Turnout,REP Michael E. Keasler,DEM Robert Burns,LIB Mark W. Bennett,Totals
"Judge, Court of Criminal Appeals, Place 6",0001,1426,496,1922,2682,71.66%,640,1061,119,1820
"Judge, Court of Criminal Appeals, Place 6",0002,1007,370,1377,2099,65.60%,529,700,78,1307
"Judge, Court of Criminal Appeals, Place 6",0003,875,336,1211,1625,74.52%,419,642,67,1128
"Judge, Court of Criminal Appeals, Place 6",0004,955,369,1324,1709,77.47%,426,754,69,1249
"Judge, Court of Criminal Appeals, Place 6",0005,760,380,1140,1470,77.55%,398,616,66,1080
"Judge, Court of Criminal Appeals, Place 6",0006,1841,628,2469,4084,60.46%,1133,1136,107,2376
"Judge, Court of Criminal Appeals, Place 6",0007,430,125,555,1002,55.39%,17,516,9,542
"Judge, Court of Criminal Appeals, Place 6",0008,891,351,1242,1848,67.21%,559,569,61,1189
"Judge, Court of Criminal Appeals, Place 6",0009,662,312,974,1861,52.34%,206,648,52,906
"Judge, Court of Criminal Appeals, Place 6",0010,703,232,935,1830,51.09%,174,654,30,858
"Judge, Court of Criminal Appeals, Place 6",0011,619,258,877,1748,50.17%,163,618,39,820
"Judge, Court of Criminal Appeals, Place 6",0012,230,65,295,731,40.36%,139,135,7,281
"Judge, Court of Criminal Appeals, Place 6",0013,1232,382,1614,2751,58.67%,985,485,67,1537
"Judge, Court of Criminal Appeals, Place 6",0014,992,429,1421,1924,73.86%,669,635,48,1352
"Judge, Court of Criminal Appeals, Place 6",0015,1490,849,2339,2852,82.01%,1266,866,55,2187
"Judge, Court of Criminal Appeals, Place 6",0016,683,189,872,1284,67.91%,376,405,56,837
"Judge, Court of Criminal Appeals, Place 6",0017,452,293,745,1198,62.19%,292,385,22,699
"Judge, Court of Criminal Appeals, Place 6",0018,744,367,1111,1456,76.30%,482,521,47,1050
"Judge, Court of Criminal Appeals, Place 6",0019,652,293,945,1288,73.37%,292,537,70,899
"Judge, Court of Criminal Appeals, Place 6",0020,1013,335,1348,2780,48.49%,386,786,96,1268
"Judge, Court of Criminal Appeals, Place 6",0021,541,207,748,1229,60.86%,145,529,53,727
"Judge, Court of Criminal Appeals, Place 6",0022,936,419,1355,2501,54.18%,200,1069,39,1308
"Judge, Court of Criminal Appeals, Place 6",0023,132,74,206,551,37.39%,31,150,20,201
"Judge, Court of Criminal Appeals, Place 6",0024,294,36,330,712,46.35%,60,245,13,318
"Judge, Court of Criminal Appeals, Place 6",0025,241,292,533,1105,48.24%,21,489,7,517
"Judge, Court of Criminal Appeals, Place 6",0026,836,313,1149,1969,58.35%,214,799,65,1078
"Judge, Court of Criminal Appeals, Place 6",0027,1394,508,1902,3271,58.15%,371,1334,69,1774
"Judge, Court of Criminal Appeals, Place 6",0028,1517,446,1963,3307,59.36%,1073,782,50,1905
"Judge, Court of Criminal Appeals, Place 6",0029,648,490,1138,2722,41.81%,326,712,37,1075
"Judge, Court of Criminal Appeals, Place 6",0030,1292,546,1838,2818,65.22%,488,1142,105,1735
"Judge, Court of Criminal Appeals, Place 6",0031,786,453,1239,2656,46.65%,34,1141,21,1196
"Judge, Court of Criminal Appeals, Place 6",0032,1269,504,1773,2728,64.99%,686,866,116,1668
"Judge, Court of Criminal Appeals, Place 6",0033,2086,554,2640,3907,67.57%,895,1430,157,2482
"Judge, Court of Criminal Appeals, Place 6",0034,1613,517,2130,3044,69.97%,437,1479,118,2034
Office,Precinct,Early Ballots Cast,Election Ballots Cast,Total Ballots Cast,Registered Voters,Percent Turnout,REP Michael E. Keasler,DEM Robert Burns,LIB Mark W. Bennett,Totals
"Judge, Court of Criminal Appeals, Place 6",0035,5,0,5,14,35.71%,2,3,0,5
"Judge, Court of Criminal Appeals, Place 6",0036,1032,516,1548,3100,49.94%,311,1117,46,1474
"Judge, Court of Criminal Appeals, Place 6",0037,1537,409,1946,2467,78.88%,630,1107,91,1828
"Judge, Court of Criminal Appeals, Place 6",0038,1879,436,2315,3081,75.14%,710,1373,106,2189
"Judge, Court of Criminal Appeals, Place 6",0039,1711,492,2203,3070,71.76%,530,1440,102,2072
"Judge, Court of Criminal Appeals, Place 6",0040,275,107,382,527,72.49%,167,185,9,361
"Judge, Court of Criminal Appeals, Place 6",0041,712,264,976,1518,64.30%,392,522,38,952
"Judge, Court of Criminal Appeals, Place 6",0042,438,109,547,1062,51.51%,15,519,3,537
"Judge, Court of Criminal Appeals, Place 6",0043,817,300,1117,1972,56.64%,438,579,44,1061
"Judge, Court of Criminal Appeals, Place 6",0044,729,310,1039,2126,48.87%,201,705,52,958
"Judge, Court of Criminal Appeals, Place 6",0045,2263,1021,3284,5740,57.21%,608,2456,88,3152
"Judge, Court of Criminal Appeals, Place 6",0046,876,341,1217,2568,47.39%,172,929,48,1149
"Judge, Court of Criminal Appeals, Place 6",0047,507,268,775,1618,47.90%,39,700,13,752
"Judge, Court of Criminal Appeals, Place 6",0048,348,168,516,967,53.36%,46,429,13,488
"Judge, Court of Criminal Appeals, Place 6",0049,1548,731,2279,3709,61.45%,1449,678,72,2199
"Judge, Court of Criminal Appeals, Place 6",0050,1838,680,2518,4314,58.37%,1158,1205,79,2442
"Judge, Court of Criminal Appeals, Place 6",0051,829,271,1100,1734,63.44%,767,251,46,1064
"Judge, Court of Criminal Appeals, Place 6",0052,1408,456,1864,2581,72.22%,804,850,101,1755
"Judge, Court of Criminal Appeals, Place 6",0053,1680,613,2293,3083,74.38%,872,1138,128,2138
"Judge, Court of Criminal Appeals, Place 6",0054,1056,211,1267,1619,78.26%,583,542,61,1186
"Judge, Court of Criminal Appeals, Place 6",0055,1272,410,1682,2094,80.32%,646,822,110,1578
"Judge, Court of Criminal Appeals, Place 6",0056,698,283,981,1393,70.42%,539,352,47,938
"Judge, Court of Criminal Appeals, Place 6",0057,2045,567,2612,3325,78.56%,977,1327,154,2458
"Judge, Court of Criminal Appeals, Place 6",0058,1717,484,2201,3031,72.62%,922,1043,110,2075
"Judge, Court of Criminal Appeals, Place 6",0059,1594,439,2033,2671,76.11%,788,1047,95,1930
"Judge, Court of Criminal Appeals, Place 6",0060,1477,537,2014,2766,72.81%,491,1311,101,1903
"Judge, Court of Criminal Appeals, Place 6",0061,519,423,942,1847,51.00%,239,616,34,889
"Judge, Court of Criminal Appeals, Place 6",0062,689,452,1141,2195,51.98%,200,822,41,1063
"Judge, Court of Criminal Appeals, Place 6",0063,767,391,1158,1903,60.85%,880,198,33,1111
"Judge, Court of Criminal Appeals, Place 6",0064,678,368,1046,2220,47.12%,189,751,32,972
"Judge, Court of Criminal Appeals, Place 6",0065,639,435,1074,2178,49.31%,165,813,43,1021
"Judge, Court of Criminal Appeals, Place 6",0066,247,255,502,1135,44.23%,87,369,14,470
"Judge, Court of Criminal Appeals, Place 6",0067,944,521,1465,3019,48.53%,252,1070,45,1367
"Judge, Court of Criminal Appeals, Place 6",0068,1172,430,1602,3096,51.74%,36,1500,13,1549
Office,Precinct,Early Ballots Cast,Election Ballots Cast,Total Ballots Cast,Registered Voters,Percent Turnout,REP Michael E. Keasler,DEM Robert Burns,LIB Mark W. Bennett,Totals
"Judge, Court of Criminal Appeals, Place 6",0069,375,222,597,1309,45.61%,94,443,17,554
"Judge, Court of Criminal Appeals, Place 6",0070,2297,670,2967,3815,77.77%,1576,1132,118,2826
"Judge, Court of Criminal Appeals, Place 6",0071,2719,947,3666,5016,73.09%,1670,1601,224,3495
"Judge, Court of Criminal Appeals, Place 6",0072,737,418,1155,2029,56.92%,273,782,39,1094
"Judge, Court of Criminal Appeals, Place 6",0073,813,282,1095,1621,67.55%,537,445,52,1034
"Judge, Court of Criminal Appeals, Place 6",0074,2503,268,2771,3578,77.45%,2012,576,73,2661
"Judge, Court of Criminal Appeals, Place 6",0075,1002,286,1288,1684,76.48%,536,602,83,1221
"Judge, Court of Criminal Appeals, Place 6",0076,1015,427,1442,2441,59.07%,661,662,53,1376
"Judge, Court of Criminal Appeals, Place 6",0077,2,5,7,1,7,41.18%,1,5,1,7
"Judge, Court of Criminal Appeals, Place 6",0078,619,254,873,1608,54.29%,217,557,37,811
"Judge, Court of Criminal Appeals, Place 6",0079,831,602,1433,2963,48.36%,234,1056,43,1333
"Judge, Court of Criminal Appeals, Place 6",0080,1175,466,1641,2840,57.78%,331,1190,45,1566
"Judge, Court of Criminal Appeals, Place 6",0081,776,273,1049,1964,53.41%,277,679,39,995
"Judge, Court of Criminal Appeals, Place 6",0082,1588,756,2344,3539,66.23%,1596,572,102,2270
"Judge, Court of Criminal Appeals, Place 6",0083,1834,540,2374,4174,56.88%,860,1376,67,2303
"Judge, Court of Criminal Appeals, Place 6",0084,573,257,830,1421,58.41%,562,217,27,806
"Judge, Court of Criminal Appeals, Place 6",0085,603,329,932,2169,42.97%,33,846,22,901
"Judge, Court of Criminal Appeals, Place 6",0086,2040,493,2533,3449,73.44%,1088,1158,162,2408
"Judge, Court of Criminal Appeals, Place 6",0087,1452,719,2171,2839,76.47%,1260,737,67,2064
"Judge, Court of Criminal Appeals, Place 6",0088,338,141,479,784,61.10%,298,138,22,458
"Judge, Court of Criminal Appeals, Place 6",0089,399,424,823,1094,75.23%,416,319,30,765
"Judge, Court of Criminal Appeals, Place 6",0090,1860,890,2750,3883,70.82%,1906,632,113,2651
"Judge, Court of Criminal Appeals, Place 6",0091,673,339,1012,1724,58.70%,527,373,58,958
"Judge, Court of Criminal Appeals, Place 6",0092,1266,474,1740,2260,76.99%,1068,529,72,1669
"Judge, Court of Criminal Appeals, Place 6",0093,1049,619,1668,3536,47.17%,442,1104,50,1596
"Judge, Court of Criminal Appeals, Place 6",0094,202,63,265,580,45.69%,41,198,14,253
"Judge, Court of Criminal Appeals, Place 6",0095,2025,534,2560,3394,75.43%,1546,810,101,2457
"Judge, Court of Criminal Appeals, Place 6",0096,828,306,1134,2060,55.05%,150,909,25,1084
"Judge, Court of Criminal Appeals, Place 6",0097,2515,467,2982,4414,67.56%,2139,627,98,2864
"Judge, Court of Criminal Appeals, Place 6",0098,1385,594,1979,3161,62.61%,1561,304,46,1911
"Judge, Court of Criminal Appeals, Place 6",0099,681,295,976,2192,44.53%,381,525,38,944
"Judge, Court of Criminal Appeals, Place 6",0100,531,276,807,1825,44.22%,303,437,41,781
"Judge, Court of Criminal Appeals, Place 6",0101,221,129,350,988,35.43%,77,245,13,335
"Judge, Court of Criminal Appeals, Place 6",0102,581,227,808,1907,42.37%,196,545,23,764
Office,Precinct,Early Ballots Cast,Election Ballots Cast,Total Ballots Cast,Registered Voters,Percent Turnout,REP Michael E. Keasler,DEM Robert Burns,LIB Mark W. Bennett,Totals
"Judge, Court of Criminal Appeals, Place 6",0103,2148,985,3133,5097,61.47%,1432,1502,104,3038
"Judge, Court of Criminal Appeals, Place 6",0104,915,211,1126,1920,58.65%,21,1069,11,1101
"Judge, Court of Criminal Appeals, Place 6",0105,709,433,1142,2304,49.57%,266,760,44,1070
"Judge, Court of Criminal Appeals, Place 6",0106,73,59,132,299,44.15%,42,84,3,129
"Judge, Court of Criminal Appeals, Place 6",0107,594,403,997,2230,44.71%,153,774,28,955
"Judge, Court of Criminal Appeals, Place 6",0108,1464,448,1912,3674,52.04%,862,902,65,1829
"Judge, Court of Criminal Appeals, Place 6",0109,1098,278,1376,2909,47.30%,32,1283,13,1328
"Judge, Court of Criminal Appeals, Place 6",0110,1664,481,2145,3222,66.57%,1178,838,65,2081
"Judge, Court of Criminal Appeals, Place 6",0111,2701,866,3567,4792,74.44%,2387,939,116,3442
"Judge, Court of Criminal Appeals, Place 6",0112,1509,598,2107,3188,66.09%,1321,623,84,2028
"Judge, Court of Criminal Appeals, Place 6",0113,1308,418,1726,2718,63.50%,848,773,51,1672
"Judge, Court of Criminal Appeals, Place 6",0114,2294,506,2800,3885,72.07%,1974,650,89,2713
"Judge, Court of Criminal Appeals, Place 6",0115,609,272,881,1843,47.80%,77,754,11,842
"Judge, Court of Criminal Appeals, Place 6",0116,1898,599,2497,3194,78.18%,1793,543,66,2402
"Judge, Court of Criminal Appeals, Place 6",0117,574,379,953,1900,50.16%,305,544,47,896
"Judge, Court of Criminal Appeals, Place 6",0118,1825,530,2355,3181,74.03%,1178,1006,86,2270
"Judge, Court of Criminal Appeals, Place 6",0119,2763,409,3172,4682,67.75%,2380,588,98,3066
"Judge, Court of Criminal Appeals, Place 6",0120,1812,588,2400,3732,64.31%,1346,862,89,2297
"Judge, Court of Criminal Appeals, Place 6",0121,354,221,575,966,59.52%,344,192,25,561
"Judge, Court of Criminal Appeals, Place 6",0122,733,284,1017,1904,53.41%,48,915,18,981
"Judge, Court of Criminal Appeals, Place 6",0123,750,287,1037,1585,65.43%,243,688,59,990
"Judge, Court of Criminal Appeals, Place 6",0124,3137,888,4025,5393,74.63%,3041,776,112,3929
"Judge, Court of Criminal Appeals, Place 6",0125,1207,400,1607,2593,61.97%,811,685,63,1559
"Judge, Court of Criminal Appeals, Place 6",0126,2021,427,2448,3380,72.43%,1995,306,74,2375
"Judge, Court of Criminal Appeals, Place 6",0127,979,214,1193,2091,57.05%,795,292,49,1136
"Judge, Court of Criminal Appeals, Place 6",0128,1107,612,1719,2322,74.03%,986,577,48,1611
"Judge, Court of Criminal Appeals, Place 6",0129,2549,1052,3601,5172,69.62%,1987,1313,133,3433
"Judge, Court of Criminal Appeals, Place 6",0130,1314,433,1747,2289,76.32%,1176,464,31,1671
"Judge, Court of Criminal Appeals, Place 6",0131,801,371,1172,2147,54.59%,224,875,43,1142
"Judge, Court of Criminal Appeals, Place 6",0132,1030,322,1352,2378,56.85%,39,1266,18,1323
"Judge, Court of Criminal Appeals, Place 6",0133,1412,746,2158,2690,80.22%,1110,840,78,2028
"Judge, Court of Criminal Appeals, Place 6",0134,594,345,939,1513,62.06%,357,506,30,893
"Judge, Court of Criminal Appeals, Place 6",0135,1621,551,2172,2777,78.21%,1302,685,75,2062
"Judge, Court of Criminal Appeals, Place 6",0136,985,352,1337,2116,63.19%,65,1181,38,1284
Office,Precinct,Early Ballots Cast,Election Ballots Cast,Total Ballots Cast,Registered Voters,Percent Turnout,REP Michael E. Keasler,DEM Robert Burns,LIB Mark W. Bennett,Totals
"Judge, Court of Criminal Appeals, Place 6",0137,993,259,1252,1986,63.04%,791,370,53,1214
"Judge, Court of Criminal Appeals, Place 6",0138,501,228,829,1723,48.11%,36,760,8,804
"Judge, Court of Criminal Appeals, Place 6",0139,1947,601,2548,3435,74.18%,1071,1202,117,2390
"Judge, Court of Criminal Appeals, Place 6",0140,1525,510,2035,3270,62.23%,290,1571,83,1944
"Judge, Court of Criminal Appeals, Place 6",0141,217,153,370,904,40.93%,186,146,14,346
"Judge, Court of Criminal Appeals, Place 6",0142,293,140,433,933,46.41%,87,305,12,404
"Judge, Court of Criminal Appeals, Place 6",0143,1868,267,2135,2582,82.69%,1342,688,48,2078
"Judge, Court of Criminal Appeals, Place 6",0144,442,125,567,1086,52.21%,18,526,3,547
"Judge, Court of Criminal Appeals, Place 6",0145,550,256,816,1564,52.17%,16,762,13,791
"Judge, Court of Criminal Appeals, Place 6",0146,1000,494,1494,2073,72.07%,582,768,72,1422
"Judge, Court of Criminal Appeals, Place 6",0147,1412,354,1766,3211,55.00%,204,1484,32,1720
"Judge, Court of Criminal Appeals, Place 6",0148,1266,652,1918,2571,74.60%,699,1051,61,1811
"Judge, Court of Criminal Appeals, Place 6",0149,2941,573,3514,4756,73.89%,1844,1459,129,3432
"Judge, Court of Criminal Appeals, Place 6",0150,582,223,805,1574,51.14%,26,736,18,780
"Judge, Court of Criminal Appeals, Place 6",0151,282,107,389,826,47.09%,13,357,4,374
"Judge, Court of Criminal Appeals, Place 6",0152,838,524,1362,3059,44.52%,259,992,36,1287
"Judge, Court of Criminal Appeals, Place 6",0153,545,399,944,1873,50.40%,200,672,31,903
"Judge, Court of Criminal Appeals, Place 6",0154,913,289,1202,2293,52.42%,228,843,42,1113
"Judge, Court of Criminal Appeals, Place 6",0155,2275,576,2851,4065,70.14%,1723,955,62,2740
"Judge, Court of Criminal Appeals, Place 6",0156,1415,403,1818,3223,56.41%,85,1622,44,1751
"Judge, Court of Criminal Appeals, Place 6",0157,880,278,1158,2265,51.13%,56,1045,23,1124
"Judge, Court of Criminal Appeals, Place 6",0158,1145,365,1510,3049,49.52%,30,1422,19,1471
"Judge, Court of Criminal Appeals, Place 6",0159,350,147,497,997,49.85%,71,397,13,481
"Judge, Court of Criminal Appeals, Place 6",0160,286,67,353,717,49.23%,16,318,4,338
"Judge, Court of Criminal Appeals, Place 6",0161,378,173,551,992,55.54%,16,511,5,532
"Judge, Court of Criminal Appeals, Place 6",0162,364,267,631,1312,48.09%,143,429,19,591
"Judge, Court of Criminal Appeals, Place 6",0163,1083,524,1607,3075,52.26%,420,998,47,1465
"Judge, Court of Criminal Appeals, Place 6",0164,441,258,699,1407,49.68%,21,636,8,665
"Judge, Court of Criminal Appeals, Place 6",0165,1172,469,1641,2460,66.71%,885,609,70,1564
"Judge, Court of Criminal Appeals, Place 6",0166,563,261,824,1171,70.37%,247,480,46,773
"Judge, Court of Criminal Appeals, Place 6",0167,5,2,7,24,29.17%,0,6,0,6
"Judge, Court of Criminal Appeals, Place 6",0168,196,59,255,512,49.80%,4,246,2,252
"Judge, Court of Criminal Appeals, Place 6",0169,985,247,1232,2548,48.35%,33,1151,12,1196
"Judge, Court of Criminal Appeals, Place 6",0170,554,262,925,1958,47.29%,394,447,33,874
Office,Precinct,Early Ballots Cast,Election Ballots Cast,Total Ballots Cast,Registered Voters,Percent Turnout,REP Michael E. Keasler,DEM Robert Burns,LIB Mark W. Bennett,Totals
"Judge, Court of Criminal Appeals, Place 6",0171,482,283,765,1648,46.42%,36,677,16,729
"Judge, Court of Criminal Appeals, Place 6",0172,245,103,348,661,52.65%,78,241,14,333
"Judge, Court of Criminal Appeals, Place 6",0173,2262,683,2945,3966,74.26%,2092,647,105,2844
"Judge, Court of Criminal Appeals, Place 6",0174,1718,707,2425,3389,71.56%,1513,698,86,2297
"Judge, Court of Criminal Appeals, Place 6",0175,1403,691,2094,2711,77.24%,980,908,65,1953
"Judge, Court of Criminal Appeals, Place 6",0176,767,375,1142,1533,74.49%,508,515,39,1062
"Judge, Court of Criminal Appeals, Place 6",0177,943,333,1276,1715,74.40%,636,500,58,1194
"Judge, Court of Criminal Appeals, Place 6",0178,1116,273,1389,1795,77.38%,866,396,47,1309
"Judge, Court of Criminal Appeals, Place 6",0179,773,244,1017,1673,60.79%,445,472,52,969
"Judge, Court of Criminal Appeals, Place 6",0180,930,463,1393,2914,47.80%,46,1264,19,1329
"Judge, Court of Criminal Appeals, Place 6",0181,698,439,1137,2195,51.80%,236,809,39,1084
"Judge, Court of Criminal Appeals, Place 6",0182,1952,994,2946,4071,72.37%,1489,1182,85,2756
"Judge, Court of Criminal Appeals, Place 6",0183,1289,715,2004,2535,79.05%,1202,638,50,1890
"Judge, Court of Criminal Appeals, Place 6",0184,278,219,497,1048,47.42%,124,329,10,463
"Judge, Court of Criminal Appeals, Place 6",0185,709,444,1153,2054,56.13%,286,773,32,1091
"Judge, Court of Criminal Appeals, Place 6",0186,252,150,402,798,50.38%,32,352,7,391
"Judge, Court of Criminal Appeals, Place 6",0187,95,51,147,309,47.57%,22,110,4,136
"Judge, Court of Criminal Appeals, Place 6",0188,499,306,805,1711,47.05%,238,505,26,769
"Judge, Court of Criminal Appeals, Place 6",0189,805,279,1084,1505,72.03%,566,406,58,1030
"Judge, Court of Criminal Appeals, Place 6",0190,571,326,897,1849,48.51%,241,573,33,847
"Judge, Court of Criminal Appeals, Place 6",0191,327,259,586,1408,41.62%,162,375,20,557
"Judge, Court of Criminal Appeals, Place 6",0192,757,259,1016,1959,51.86%,57,904,20,981
"Judge, Court of Criminal Appeals, Place 6",0193,376,211,587,1099,53.41%,16,531,16,563
"Judge, Court of Criminal Appeals, Place 6",0194,1144,449,1593,2172,73.34%,387,1044,74,1505
"Judge, Court of Criminal Appeals, Place 6",0195,606,344,950,1739,54.63%,48,842,17,907
"Judge, Court of Criminal Appeals, Place 6",0196,133,37,170,313,54.31%,15,140,6,161
"Judge, Court of Criminal Appeals, Place 6",0197,995,372,1368,2969,46.08%,34,1275,19,1328
"Judge, Court of Criminal Appeals, Place 6",0198,161,82,243,619,39.26%,8,222,4,234
"Judge, Court of Criminal Appeals, Place 6",0199,1932,815,2747,4063,67.61%,1986,557,116,2659
"Judge, Court of Criminal Appeals, Place 6",0200,2317,377,2694,3692,72.97%,1128,1327,102,2557
"Judge, Court of Criminal Appeals, Place 6",0201,222,105,327,773,42.30%,9,305,6,320
"Judge, Court of Criminal Appeals, Place 6",0202,421,233,654,1410,46.38%,21,600,9,630
"Judge, Court of Criminal Appeals, Place 6",0203,298,111,409,988,41.40%,61,312,16,389
"Judge, Court of Criminal Appeals, Place 6",0204,2104,577,2681,3568,75.14%,1325,1061,133,2519
Office,Precinct,Early Ballots Cast,Election Ballots Cast,Total Ballots Cast,Registered Voters,Percent Turnout,REP Michael E. Keasler,DEM Robert Burns,LIB Mark W. Bennett,Totals
"Judge, Court of Criminal Appeals, Place 6",0205,772,171,943,1724,54.70%,21,882,16,919
"Judge, Court of Criminal Appeals, Place 6",0206,1278,494,1772,2965,59.76%,477,1087,106,1670
"Judge, Court of Criminal Appeals, Place 6",0207,606,212,818,1166,70.15%,245,497,33,775
"Judge, Court of Criminal Appeals, Place 6",0208,910,338,1248,2256,55.32%,267,870,33,1170
"Judge, Court of Criminal Appeals, Place 6",0209,0,0,0,0,0.00%,0,0,0,0
"Judge, Court of Criminal Appeals, Place 6",0210,1269,489,1758,2781,63.21%,240,1379,74,1693
"Judge, Court of Criminal Appeals, Place 6",0211,965,595,1551,3130,49.87%,401,1015,56,1472
"Judge, Court of Criminal Appeals, Place 6",0212,309,323,632,1370,46.13%,96,487,15,598
"Judge, Court of Criminal Appeals, Place 6",0213,1782,795,2577,3406,75.66%,1924,507,57,2488
"Judge, Court of Criminal Appeals, Place 6",0214,1017,418,1435,1911,75.09%,793,505,50,1348
"Judge, Court of Criminal Appeals, Place 6",0215,1097,636,1733,2286,75.81%,924,657,55,1636
"Judge, Court of Criminal Appeals, Place 6",0216,778,244,1022,1966,51.98%,60,900,27,987
"Judge, Court of Criminal Appeals, Place 6",0217,1547,618,2165,2736,79.13%,1289,712,60,2061
"Judge, Court of Criminal Appeals, Place 6",0218,1101,457,1558,2467,63.15%,358,1023,53,1434
"Judge, Court of Criminal Appeals, Place 6",0219,1125,515,1641,2868,57.22%,138,1389,38,1565
"Judge, Court of Criminal Appeals, Place 6",0220,833,306,1139,2362,48.22%,690,356,42,1088
"Judge, Court of Criminal Appeals, Place 6",0221,1032,473,1505,2598,57.93%,472,903,43,1418
"Judge, Court of Criminal Appeals, Place 6",0222,1461,671,2132,2728,78.15%,927,1025,51,2003
"Judge, Court of Criminal Appeals, Place 6",0223,1766,517,2283,3664,62.31%,536,1521,108,2165
"Judge, Court of Criminal Appeals, Place 6",0224,1155,495,1551,2313,71.81%,677,826,61,1564
"Judge, Court of Criminal Appeals, Place 6",0225,1357,596,1953,3689,52.94%,797,1025,64,1886
"Judge, Court of Criminal Appeals, Place 6",0226,840,421,1261,2554,49.37%,221,950,37,1208
"Judge, Court of Criminal Appeals, Place 6",0227,1071,359,1430,1810,79.01%,983,342,34,1359
"Judge, Court of Criminal Appeals, Place 6",0228,628,159,787,1175,66.98%,44,718,11,773
"Judge, Court of Criminal Appeals, Place 6",0229,229,168,397,828,47.95%,102,259,14,375
"Judge, Court of Criminal Appeals, Place 6",0230,354,155,519,1094,47.44%,21,469,13,503
"Judge, Court of Criminal Appeals, Place 6",0231,802,445,1247,2376,52.48%,238,909,40,1187
"Judge, Court of Criminal Appeals, Place 6",0232,942,438,1380,1826,75.58%,688,565,39,1292
"Judge, Court of Criminal Appeals, Place 6",0233,2583,703,3286,4713,69.72%,1383,1529,179,3091
"Judge, Court of Criminal Appeals, Place 6",0234,2425,728,3153,4042,78.01%,2211,734,63,3008
"Judge, Court of Criminal Appeals, Place 6",0235,461,203,664,1421,46.73%,23,600,17,640
"Judge, Court of Criminal Appeals, Place 6",0236,555,308,964,2104,45.82%,42,874,21,937
"Judge, Court of Criminal Appeals, Place 6",0237,740,312,1052,2146,49.02%,23,991,15,1029
"Judge, Court of Criminal Appeals, Place 6",0238,607,317,924,1948,47.43%,27,850,12,889
Office,Precinct,Early Ballots Cast,Election Ballots Cast,Total Ballots Cast,Registered Voters,Percent Turnout,REP Michael E. Keasler,DEM Robert Burns,LIB Mark W. Bennett,Totals
"Judge, Court of Criminal Appeals, Place 6",0239,694,334,1028,1984,51.81%,38,956,13,1007
"Judge, Court of Criminal Appeals, Place 6",0240,1008,292,1300,2601,49.98%,32,1222,15,1269
"Judge, Court of Criminal Appeals, Place 6",0241,652,383,1035,2466,41.97%,313,647,32,992
"Judge, Court of Criminal Appeals, Place 6",0242,507,314,821,1744,47.08%,344,404,27,775
"Judge, Court of Criminal Appeals, Place 6",0243,245,42,287,475,60.42%,4,276,4,284
"Judge, Court of Criminal Appeals, Place 6",0244,1412,538,1950,3296,59.16%,877,916,73,1866
"Judge, Court of Criminal Appeals, Place 6",0245,2103,811,2914,4679,62.28%,1725,949,125,2799
"Judge, Court of Criminal Appeals, Place 6",0246,2214,482,2696,3971,67.89%,1618,913,74,2605
"Judge, Court of Criminal Appeals, Place 6",0247,441,376,817,1595,51.22%,21,771,12,804
"Judge, Court of Criminal Appeals, Place 6",0248,454,347,801,2147,37.31%,171,567,26,764
"Judge, Court of Criminal Appeals, Place 6",0249,1127,365,1492,2825,52.81%,892,522,42,1456
"Judge, Court of Criminal Appeals, Place 6",0250,288,183,471,925,50.92%,18,440,3,461
"Judge, Court of Criminal Appeals, Place 6",0251,806,378,1184,2132,55.53%,53,1080,13,1146
"Judge, Court of Criminal Appeals, Place 6",0252,927,309,1236,2292,53.93%,23,1161,13,1197
"Judge, Court of Criminal Appeals, Place 6",0253,760,311,1071,2154,49.72%,31,1002,15,1048
"Judge, Court of Criminal Appeals, Place 6",0254,411,280,691,1675,41.25%,136,501,24,661
"Judge, Court of Criminal Appeals, Place 6",0255,1257,586,1843,2489,74.05%,747,927,66,1740
"Judge, Court of Criminal Appeals, Place 6",0256,1398,583,1981,3321,59.65%,635,1189,54,1878
"Judge, Court of Criminal Appeals, Place 6",0257,999,622,1621,3497,46.35%,353,1161,44,1558
"Judge, Court of Criminal Appeals, Place 6",0258,1948,608,2556,3346,76.39%,1756,618,70,2444
"Judge, Court of Criminal Appeals, Place 6",0259,1031,414,1445,2312,62.50%,27,1359,19,1405
"Judge, Court of Criminal Appeals, Place 6",0260,548,227,775,1300,59.62%,368,356,17,741
"Judge, Court of Criminal Appeals, Place 6",0261,442,531,973,1457,66.78%,254,642,22,918
"Judge, Court of Criminal Appeals, Place 6",0262,1849,676,2525,4397,57.43%,1250,1032,123,2405
"Judge, Court of Criminal Appeals, Place 6",0263,2212,665,2877,4016,71.64%,1962,722,81,2765
"Judge, Court of Criminal Appeals, Place 6",0264,1114,627,1741,3101,56.14%,822,762,72,1656
"Judge, Court of Criminal Appeals, Place 6",0265,1995,608,2603,3582,72.67%,1746,653,71,2470
"Judge, Court of Criminal Appeals, Place 6",0266,737,443,1180,2147,54.96%,414,673,39,1126
"Judge, Court of Criminal Appeals, Place 6",0267,421,293,714,1433,49.83%,242,409,22,673
"Judge, Court of Criminal Appeals, Place 6",0268,1178,689,1867,2528,73.85%,995,702,54,1751
"Judge, Court of Criminal Appeals, Place 6",0269,1307,365,1672,2114,79.09%,1209,351,34,1594
"Judge, Court of Criminal Appeals, Place 6",0270,1816,688,2504,3985,62.84%,1176,1086,103,2365
"Judge, Court of Criminal Appeals, Place 6",0271,1150,346,1496,2558,58.48%,32,1415,18,1465
"Judge, Court of Criminal Appeals, Place 6",0272,871,415,1286,2334,55.10%,416,756,54,1226
Office,Precinct,Early Ballots Cast,Election Ballots Cast,Total Ballots Cast,Registered Voters,Percent Turnout,REP Michael E. Keasler,DEM Robert Burns,LIB Mark W. Bennett,Totals
"Judge, Court of Criminal Appeals, Place 6",0273,1176,647,1823,2485,73.36%,1367,363,40,1770
"Judge, Court of Criminal Appeals, Place 6",0274,1263,311,1574,2223,70.81%,915,510,56,1481
"Judge, Court of Criminal Appeals, Place 6",0275,586,334,920,2059,44.68%,143,717,29,889
"Judge, Court of Criminal Appeals, Place 6",0276,1027,255,1282,2458,52.16%,17,1233,10,1260
"Judge, Court of Criminal Appeals, Place 6",0277,573,338,911,1898,48.00%,304,540,33,877
"Judge, Court of Criminal Appeals, Place 6",0278,1059,469,1528,2602,58.72%,619,782,44,1445
"Judge, Court of Criminal Appeals, Place 6",0279,790,314,1104,2073,53.26%,593,428,40,1061
"Judge, Court of Criminal Appeals, Place 6",0280,444,362,806,1656,48.67%,213,517,32,762
"Judge, Court of Criminal Appeals, Place 6",0281,1287,590,1877,2507,74.87%,796,873,55,1724
"Judge, Court of Criminal Appeals, Place 6",0282,777,604,1381,2144,64.41%,721,549,51,1321
"Judge, Court of Criminal Appeals, Place 6",0283,2353,1143,3496,6365,54.93%,460,2830,103,3393
"Judge, Court of Criminal Appeals, Place 6",0284,1592,574,2166,4079,53.10%,672,1321,63,2056
"Judge, Court of Criminal Appeals, Place 6",0285,1080,431,1511,2680,56.38%,111,1328,29,1468
"Judge, Court of Criminal Appeals, Place 6",0286,1714,545,2259,3757,60.13%,175,1978,36,2189
"Judge, Court of Criminal Appeals, Place 6",0287,853,408,1261,1658,76.06%,566,587,48,1201
"Judge, Court of Criminal Appeals, Place 6",0288,883,314,1197,2208,54.21%,27,1126,13,1166
"Judge, Court of Criminal Appeals, Place 6",0289,481,352,833,1584,52.59%,295,465,22,782
"Judge, Court of Criminal Appeals, Place 6",0290,705,332,1037,1623,63.89%,736,246,33,1015
"Judge, Court of Criminal Appeals, Place 6",0291,604,233,837,1218,68.72%,329,433,31,793
"Judge, Court of Criminal Appeals, Place 6",0292,549,178,727,1379,52.72%,80,608,15,703
"Judge, Court of Criminal Appeals, Place 6",0293,778,475,1253,1811,69.19%,483,638,52,1173
"Judge, Court of Criminal Appeals, Place 6",0294,852,198,1050,2054,51.12%,13,1005,16,1034
"Judge, Court of Criminal Appeals, Place 6",0295,270,111,381,894,42.62%,10,358,4,372
"Judge, Court of Criminal Appeals, Place 6",0296,701,385,1086,1705,63.70%,524,461,33,1018
"Judge, Court of Criminal Appeals, Place 6",0297,730,341,1071,2055,52.12%,354,635,37,1026
"Judge, Court of Criminal Appeals, Place 6",0298,1096,387,1483,2236,66.32%,690,675,65,1430
"Judge, Court of Criminal Appeals, Place 6",0299,499,236,735,1506,48.80%,212,466,18,696
"Judge, Court of Criminal Appeals, Place 6",0300,3386,728,4114,5480,75.07%,3000,860,123,3983
"Judge, Court of Criminal Appeals, Place 6",0301,737,392,1129,2337,48.31%,362,666,42,1070
"Judge, Court of Criminal Appeals, Place 6",0302,1199,591,1790,3277,54.62%,844,815,69,1728
"Judge, Court of Criminal Appeals, Place 6",0303,1902,692,2594,3375,76.86%,1899,550,46,2495
"Judge, Court of Criminal Appeals, Place 6",0304,1190,474,1664,2326,71.54%,839,663,67,1569
"Judge, Court of Criminal Appeals, Place 6",0305,2156,645,2801,4838,57.90%,850,1753,90,2693
"Judge, Court of Criminal Appeals, Place 6",0306,1096,299,1395,1896,73.58%,923,362,42,1327
Office,Precinct,Early Ballots Cast,Election Ballots Cast,Total Ballots Cast,Registered Voters,Percent Turnout,REP Michael E. Keasler,DEM Robert Burns,LIB Mark W. Bennett,Totals
"Judge, Court of Criminal Appeals, Place 6",0307,1458,801,2259,3270,69.08%,1402,632,111,2145
"Judge, Court of Criminal Appeals, Place 6",0308,527,225,752,1457,51.61%,174,515,14,703
"Judge, Court of Criminal Appeals, Place 6",0309,2151,591,2752,3495,78.74%,2005,576,62,2643
"Judge, Court of Criminal Appeals, Place 6",0310,710,326,1036,1464,70.77%,602,349,29,980
"Judge, Court of Criminal Appeals, Place 6",0311,932,643,1575,3222,48.88%,673,749,42,1464
"Judge, Court of Criminal Appeals, Place 6",0312,1713,552,2265,3724,60.82%,1097,976,84,2157
"Judge, Court of Criminal Appeals, Place 6",0313,23,8,31,61,50.82%,16,8,0,24
"Judge, Court of Criminal Appeals, Place 6",0314,3000,817,3817,5606,68.09%,2080,1500,117,3697
"Judge, Court of Criminal Appeals, Place 6",0315,803,353,1156,1636,70.66%,613,443,35,1091
"Judge, Court of Criminal Appeals, Place 6",0316,741,340,1081,1513,71.45%,534,441,40,1015
"Judge, Court of Criminal Appeals, Place 6",0317,594,252,846,1661,50.93%,201,578,25,804
"Judge, Court of Criminal Appeals, Place 6",0318,1729,529,2258,3776,59.80%,111,2042,44,2197
"Judge, Court of Criminal Appeals, Place 6",0319,996,271,1267,2199,57.62%,68,1134,28,1230
"Judge, Court of Criminal Appeals, Place 6",0320,556,238,794,1570,50.57%,268,467,20,755
"Judge, Court of Criminal Appeals, Place 6",0321,887,363,1230,2483,49.54%,333,785,33,1151
"Judge, Court of Criminal Appeals, Place 6",0322,426,124,550,1210,45.45%,144,372,20,536
"Judge, Court of Criminal Appeals, Place 6",0323,700,296,996,1793,55.55%,343,571,42,956
"Judge, Court of Criminal Appeals, Place 6",0324,1445,560,2005,2607,76.91%,1177,665,65,1907
"Judge, Court of Criminal Appeals, Place 6",0325,802,257,1059,2176,48.67%,173,799,30,1002
"Judge, Court of Criminal Appeals, Place 6",0326,271,129,400,736,54.35%,144,215,15,374
"Judge, Court of Criminal Appeals, Place 6",0327,740,141,881,1758,50.11%,17,819,11,847
"Judge, Court of Criminal Appeals, Place 6",0328,425,286,711,1631,43.59%,195,456,25,676
"Judge, Court of Criminal Appeals, Place 6",0329,592,260,852,1621,52.56%,232,548,29,809
"Judge, Court of Criminal Appeals, Place 6",0330,864,326,1190,2146,55.45%,500,588,46,1134
"Judge, Court of Criminal Appeals, Place 6",0331,888,234,1122,1612,69.60%,674,361,49,1084
"Judge, Court of Criminal Appeals, Place 6",0332,1359,503,1882,2926,63.64%,178,1571,41,1790
"Judge, Court of Criminal Appeals, Place 6",0333,1387,942,2329,3296,70.66%,1551,583,101,2235
"Judge, Court of Criminal Appeals, Place 6",0334,247,104,351,786,44.66%,58,275,5,338
"Judge, Court of Criminal Appeals, Place 6",0335,489,293,782,1679,46.58%,178,531,23,732
"Judge, Court of Criminal Appeals, Place 6",0336,2496,689,3185,4771,66.76%,308,2725,74,3107
"Judge, Court of Criminal Appeals, Place 6",0337,371,155,526,1108,47.47%,73,412,8,493
"Judge, Court of Criminal Appeals, Place 6",0338,1627,632,2259,5001,45.17%,563,1526,61,2150
"Judge, Court of Criminal Appeals, Place 6",0339,705,303,1008,1909,52.80%,180,739,27,946
"Judge, Court of Criminal Appeals, Place 6",0340,2042,654,2696,4012,67.20%,1812,674,103,2589
Office,Precinct,Early Ballots Cast,Election Ballots Cast,Total Ballots Cast,Registered Voters,Percent Turnout,REP Michael E. Keasler,DEM Robert Burns,LIB Mark W. Bennett,Totals
"Judge, Court of Criminal Appeals, Place 6",0341,380,278,658,1372,47.96%,142,462,16,620
"Judge, Court of Criminal Appeals, Place 6",0342,312,225,537,1092,49.18%,113,386,15,514
"Judge, Court of Criminal Appeals, Place 6",0343,723,370,1093,2099,52.07%,185,817,29,1031
"Judge, Court of Criminal Appeals, Place 6",0344,381,207,588,1225,48.00%,20,534,10,564
"Judge, Court of Criminal Appeals, Place 6",0345,580,349,929,1945,47.76%,161,675,42,878
"Judge, Court of Criminal Appeals, Place 6",0346,1,0,1,1,100.00%,0,0,0,0
"Judge, Court of Criminal Appeals, Place 6",0347,1462,618,2080,3614,57.55%,1145,791,76,2012
"Judge, Court of Criminal Appeals, Place 6",0348,832,242,1074,1796,59.80%,689,302,41,1032
"Judge, Court of Criminal Appeals, Place 6",0349,459,369,828,1372,60.35%,463,299,41,803
"Judge, Court of Criminal Appeals, Place 6",0350,1590,582,2272,3269,69.50%,758,1282,84,2124
"Judge, Court of Criminal Appeals, Place 6",0351,2857,570,3427,4799,71.41%,2479,728,103,3310
"Judge, Court of Criminal Appeals, Place 6",0352,2025,538,2563,4278,59.91%,1700,692,89,2481
"Judge, Court of Criminal Appeals, Place 6",0353,1715,659,2374,4156,57.12%,378,1868,45,2291
"Judge, Court of Criminal Appeals, Place 6",0354,1572,429,2001,3520,56.85%,435,1432,48,1915
"Judge, Court of Criminal Appeals, Place 6",0355,821,239,1060,1714,61.84%,103,901,20,1024
"Judge, Court of Criminal Appeals, Place 6",0356,1544,582,2126,3126,68.01%,1094,852,79,2025
"Judge, Court of Criminal Appeals, Place 6",0357,1886,557,2443,3685,66.30%,1688,587,80,2355
"Judge, Court of Criminal Appeals, Place 6",0358,775,376,1151,2634,43.70%,119,977,21,1117
"Judge, Court of Criminal Appeals, Place 6",0359,805,496,1301,3320,39.19%,131,1107,27,1265
"Judge, Court of Criminal Appeals, Place 6",0360,1867,597,2464,3309,74.46%,1081,1149,79,2309
"Judge, Court of Criminal Appeals, Place 6",0361,332,688,1020,1808,56.42%,140,759,32,931
"Judge, Court of Criminal Appeals, Place 6",0362,2865,553,3418,5161,66.23%,2289,913,107,3309
"Judge, Court of Criminal Appeals, Place 6",0363,1826,635,2461,4160,59.16%,949,1386,68,2403
"Judge, Court of Criminal Appeals, Place 6",0364,1190,528,1718,2827,60.77%,736,837,62,1635
"Judge, Court of Criminal Appeals, Place 6",0365,828,174,1002,1348,74.33%,110,849,19,978
"Judge, Court of Criminal Appeals, Place 6",0366,989,524,1513,2887,52.41%,303,1108,48,1459
"Judge, Court of Criminal Appeals, Place 6",0367,455,204,659,1256,52.47%,144,461,26,631
"Judge, Court of Criminal Appeals, Place 6",0368,433,122,555,1024,54.20%,141,384,12,537
"Judge, Court of Criminal Appeals, Place 6",0369,136,29,165,678,24.34%,48,86,18,152
"Judge, Court of Criminal Appeals, Place 6",0370,2525,627,3152,4531,69.57%,2174,779,96,3049
"Judge, Court of Criminal Appeals, Place 6",0371,210,78,288,537,53.63%,10,267,6,283
"Judge, Court of Criminal Appeals, Place 6",0372,510,180,690,1274,54.16%,77,582,8,667
"Judge, Court of Criminal Appeals, Place 6",0373,61,13,74,163,45.40%,0,69,2,71
"Judge, Court of Criminal Appeals, Place 6",0374,175,165,341,720,47.36%,79,240,10,329
Office,Precinct,Early Ballots Cast,Election Ballots Cast,Total Ballots Cast,Registered Voters,Percent Turnout,REP Michael E. Keasler,DEM Robert Burns,LIB Mark W. Bennett,Totals
"Judge, Court of Criminal Appeals, Place 6",0375,747,510,1257,2836,44.32%,404,746,43,1193
"Judge, Court of Criminal Appeals, Place 6",0376,755,344,1099,2060,53.35%,387,631,26,1044
"Judge, Court of Criminal Appeals, Place 6",0377,1382,643,2025,3137,64.55%,1442,418,91,1951
"Judge, Court of Criminal Appeals, Place 6",0378,622,447,1069,1856,57.60%,615,363,50,1028
"Judge, Court of Criminal Appeals, Place 6",0379,857,388,1245,2149,57.93%,99,1071,38,1208
"Judge, Court of Criminal Appeals, Place 6",0380,2736,551,3287,4380,75.05%,1645,1438,113,3196
"Judge, Court of Criminal Appeals, Place 6",0381,1185,432,1518,3141,51.51%,593,910,45,1548
"Judge, Court of Criminal Appeals, Place 6",0382,429,206,635,1035,61.35%,377,218,21,616
"Judge, Court of Criminal Appeals, Place 6",0383,723,458,1181,2373,49.77%,339,745,48,1132
"Judge, Court of Criminal Appeals, Place 6",0384,1153,444,1597,2725,58.61%,326,1171,28,1525
"Judge, Court of Criminal Appeals, Place 6",0385,1142,561,1703,2207,77.16%,1252,353,23,1628
"Judge, Court of Criminal Appeals, Place 6",0386,1658,419,2077,3105,66.89%,1434,539,52,2025
"Judge, Court of Criminal Appeals, Place 6",0387,1706,780,2486,4340,57.28%,1608,721,73,2402
"Judge, Court of Criminal Appeals, Place 6",0388,2899,711,3510,5413,66.69%,1634,1769,99,3502
"Judge, Court of Criminal Appeals, Place 6",0389,408,293,701,1359,51.58%,87,542,38,667
"Judge, Court of Criminal Appeals, Place 6",0390,708,271,979,1482,66.06%,118,794,34,946
"Judge, Court of Criminal Appeals, Place 6",0391,992,336,1328,1978,67.14%,737,495,45,1277
"Judge, Court of Criminal Appeals, Place 6",0392,653,145,798,1426,55.96%,10,750,15,775
"Judge, Court of Criminal Appeals, Place 6",0393,427,257,684,1274,53.69%,288,329,37,654
"Judge, Court of Criminal Appeals, Place 6",0394,236,126,362,914,39.61%,113,223,8,344
"Judge, Court of Criminal Appeals, Place 6",0395,1007,371,1378,1875,73.49%,863,390,61,1314
"Judge, Court of Criminal Appeals, Place 6",0396,1036,204,1240,2072,59.85%,31,1164,8,1203
"Judge, Court of Criminal Appeals, Place 6",0397,204,117,321,796,40.33%,109,187,8,304
"Judge, Court of Criminal Appeals, Place 6",0398,1762,654,2416,4200,57.52%,1022,1221,76,2319
"Judge, Court of Criminal Appeals, Place 6",0399,1294,546,1840,3340,55.09%,656,1078,48,1782
"Judge, Court of Criminal Appeals, Place 6",0400,1457,372,1839,2661,69.11%,1130,589,64,1783
"Judge, Court of Criminal Appeals, Place 6",0401,703,257,960,1971,48.71%,39,867,11,917
"Judge, Court of Criminal Appeals, Place 6",0402,898,262,1160,1911,60.70%,68,1047,13,1128
"Judge, Court of Criminal Appeals, Place 6",0403,959,387,1346,1719,78.30%,660,562,42,1264
"Judge, Court of Criminal Appeals, Place 6",0404,1034,445,1479,2717,54.44%,671,707,46,1424
"Judge, Court of Criminal Appeals, Place 6",0405,1914,457,2371,3067,77.31%,1726,544,47,2317
"Judge, Court of Criminal Appeals, Place 6",0406,275,65,340,649,52.39%,6,319,3,328
"Judge, Court of Criminal Appeals, Place 6",0407,1704,860,2564,3969,64.60%,1418,921,104,2443
"Judge, Court of Criminal Appeals, Place 6",0408,521,313,834,1740,47.93%,247,508,35,790
Office,Precinct,Early Ballots Cast,Election Ballots Cast,Total Ballots Cast,Registered Voters,Percent Turnout,REP Michael E. Keasler,DEM Robert Burns,LIB Mark W. Bennett,Totals
"Judge, Court of Criminal Appeals, Place 6",0409,501,280,781,1608,48.57%,222,486,35,743
"Judge, Court of Criminal Appeals, Place 6",0410,382,96,478,934,51.18%,80,363,16,459
"Judge, Court of Criminal Appeals, Place 6",0411,699,418,1117,2426,46.04%,265,762,36,1063
"Judge, Court of Criminal Appeals, Place 6",0412,156,80,236,478,49.37%,10,216,2,228
"Judge, Court of Criminal Appeals, Place 6",0413,1549,456,2005,3081,65.08%,701,1166,55,1922
"Judge, Court of Criminal Appeals, Place 6",0414,1577,514,2091,3586,58.31%,1451,496,68,2015
"Judge, Court of Criminal Appeals, Place 6",0415,1076,573,1649,2284,72.20%,1041,472,72,1585
"Judge, Court of Criminal Appeals, Place 6",0416,1444,845,2289,4009,57.10%,1039,1041,107,2187
"Judge, Court of Criminal Appeals, Place 6",0417,1105,397,1502,2589,58.01%,590,795,61,1446
"Judge, Court of Criminal Appeals, Place 6",0418,1337,663,2000,3940,50.76%,611,1212,71,1894
"Judge, Court of Criminal Appeals, Place 6",0419,1166,477,1643,2702,60.81%,886,643,55,1584
"Judge, Court of Criminal Appeals, Place 6",0420,2690,731,3421,4946,69.17%,2689,545,93,3327
"Judge, Court of Criminal Appeals, Place 6",0421,1242,273,1515,2023,74.89%,672,739,65,1476
"Judge, Court of Criminal Appeals, Place 6",0422,1357,401,1758,3348,52.81%,57,1645,20,1722
"Judge, Court of Criminal Appeals, Place 6",0423,31,e,288,604,1423,42.45%,118,446,16,580
"Judge, Court of Criminal Appeals, Place 6",0424,548,158,706,1079,65.43%,353,308,21,682
"Judge, Court of Criminal Appeals, Place 6",0425,257,139,396,878,45.10%,107,263,10,380
"Judge, Court of Criminal Appeals, Place 6",0426,487,228,715,1266,56.48%,342,321,20,683
"Judge, Court of Criminal Appeals, Place 6",0427,439,155,594,1120,53.04%,187,358,9,554
"Judge, Court of Criminal Appeals, Place 6",0428,1689,865,2554,5151,49.58%,596,1779,45,2420
"Judge, Court of Criminal Appeals, Place 6",0429,948,649,1597,3311,48.23%,315,1165,38,1518
"Judge, Court of Criminal Appeals, Place 6",0430,527,291,818,1794,45.60%,121,625,20,766
"Judge, Court of Criminal Appeals, Place 6",0431,1222,604,1826,3860,47.31%,348,1343,57,1748
"Judge, Court of Criminal Appeals, Place 6",0432,458,249,707,1568,45.09%,195,440,32,667
"Judge, Court of Criminal Appeals, Place 6",0433,163,88,251,561,44.74%,50,175,12,237
"Judge, Court of Criminal Appeals, Place 6",0434,834,293,1127,1557,72.38%,602,433,36,1071
"Judge, Court of Criminal Appeals, Place 6",0435,1952,567,2519,3363,74.90%,1460,824,103,2387
"Judge, Court of Criminal Appeals, Place 6",0436,2013,678,2691,3809,70.65%,1393,1060,98,2551
"Judge, Court of Criminal Appeals, Place 6",0437,1148,425,1573,2094,75.12%,988,472,51,1511
"Judge, Court of Criminal Appeals, Place 6",0438,2292,475,2767,3789,73.03%,1792,747,89,2628
"Judge, Court of Criminal Appeals, Place 6",0439,1856,749,2605,3701,70.39%,1647,753,84,2484
"Judge, Court of Criminal Appeals, Place 6",0440,1499,749,2248,2973,75.61%,1634,460,52,2146
"Judge, Court of Criminal Appeals, Place 6",0441,824,408,1232,1695,72.68%,819,322,34,1175
"Judge, Court of Criminal Appeals, Place 6",0442,2442,685,3127,4315,72.47%,2411,489,124,3024
Office,Precinct,Early Ballots Cast,Election Ballots Cast,Total Ballots Cast,Registered Voters,Percent Turnout,REP Michael E. Keasler,DEM Robert Burns,LIB Mark W. Bennett,Totals
"Judge, Court of Criminal Appeals, Place 6",0443,415,83,498,642,77.57%,338,121,15,474
"Judge, Court of Criminal Appeals, Place 6",0444,1623,679,2302,3625,63.50%,1162,931,97,2190
"Judge, Court of Criminal Appeals, Place 6",0445,1036,382,1418,2134,66.45%,798,515,47,1360
"Judge, Court of Criminal Appeals, Place 6",0446,89,45,134,309,43.37%,47,80,2,129
"Judge, Court of Criminal Appeals, Place 6",0447,2416,464,2880,3727,77.27%,1807,877,97,2781
"Judge, Court of Criminal Appeals, Place 6",0448,1766,529,2295,3155,72.74%,1200,845,113,2158
"Judge, Court of Criminal Appeals, Place 6",0449,73,26,99,225,44.00%,12,85,1,98
"Judge, Court of Criminal Appeals, Place 6",0450,1106,394,1500,2890,51.90%,361,1050,41,1452
"Judge, Court of Criminal Appeals, Place 6",0451,1720,367,2087,2771,75.32%,1601,379,38,2018
"Judge, Court of Criminal Appeals, Place 6",0452,1875,662,2537,3789,66.96%,1606,731,103,2440
"Judge, Court of Criminal Appeals, Place 6",0453,663,417,1080,2039,52.97%,271,718,39,1028
"Judge, Court of Criminal Appeals, Place 6",0454,1043,288,1331,2509,53.05%,25,1251,12,1288
"Judge, Court of Criminal Appeals, Place 6",0455,669,173,842,1713,49.15%,34,768,12,814
"Judge, Court of Criminal Appeals, Place 6",0456,1407,553,1960,3793,51.67%,996,829,59,1884
"Judge, Court of Criminal Appeals, Place 6",0457,0,0,0,0,0.00%,0,0,0,0
"Judge, Court of Criminal Appeals, Place 6",0458,918,253,1171,2025,57.83%,68,1039,24,1131
"Judge, Court of Criminal Appeals, Place 6",0459,2362,432,2794,3942,70.88%,2031,595,90,2716
"Judge, Court of Criminal Appeals, Place 6",0460,1615,472,2087,3280,63.63%,482,1469,67,2018
"Judge, Court of Criminal Appeals, Place 6",0461,2244,669,2913,4054,71.85%,1680,979,95,2754
"Judge, Court of Criminal Appeals, Place 6",0462,1478,738,2216,3507,63.19%,689,1379,71,2139
"Judge, Court of Criminal Appeals, Place 6",0463,1675,564,2239,3773,59.34%,811,1287,79,2177
"Judge, Court of Criminal Appeals, Place 6",0464,967,582,1549,2343,66.11%,904,505,73,1482
"Judge, Court of Criminal Appeals, Place 6",0465,1629,594,2223,3778,58.84%,936,1118,85,2139
"Judge, Court of Criminal Appeals, Place 6",0466,2278,509,2787,4327,64.41%,1355,1276,69,2700
"Judge, Court of Criminal Appeals, Place 6",0467,502,225,727,1320,55.08%,145,542,14,701
"Judge, Court of Criminal Appeals, Place 6",0468,1380,747,2127,4040,52.65%,499,1474,63,2036
"Judge, Court of Criminal Appeals, Place 6",0469,1868,462,2330,3257,71.54%,1715,465,76,2256
"Judge, Court of Criminal Appeals, Place 6",0470,555,232,787,1358,57.95%,541,179,35,755
"Judge, Court of Criminal Appeals, Place 6",0471,1057,458,1515,2473,61.26%,1085,321,66,1472
"Judge, Court of Criminal Appeals, Place 6",0472,463,339,802,1131,70.91%,319,407,31,757
"Judge, Court of Criminal Appeals, Place 6",0473,944,390,1334,1787,74.65%,866,362,54,1282
"Judge, Court of Criminal Appeals, Place 6",0474,1421,624,2045,3127,65.40%,1259,633,85,1977
"Judge, Court of Criminal Appeals, Place 6",0475,791,261,1052,1936,54.34%,397,577,29,1003
"Judge, Court of Criminal Appeals, Place 6",0476,1078,405,1483,2458,60.33%,722,664,45,1431
Office,Precinct,Early Ballots Cast,Election Ballots Cast,Total Ballots Cast,Registered Voters,Percent Turnout,REP Michael E. Keasler,DEM Robert Burns,LIB Mark W. Bennett,Totals
"Judge, Court of Criminal Appeals, Place 6",0477,2032,640,2672,4010,66.63%,1740,714,104,2558
"Judge, Court of Criminal Appeals, Place 6",0478,2273,683,2956,4696,62.95%,1748,1002,90,2840
"Judge, Court of Criminal Appeals, Place 6",0479,1978,755,2733,3851,70.97%,1887,662,99,2648
"Judge, Court of Criminal Appeals, Place 6",0480,1448,538,1986,2978,66.69%,1271,585,66,1922
"Judge, Court of Criminal Appeals, Place 6",0481,1759,667,2426,3609,67.22%,1667,577,79,2323
"Judge, Court of Criminal Appeals, Place 6",0482,2260,618,2878,4405,65.33%,1847,827,115,2789
"Judge, Court of Criminal Appeals, Place 6",0483,2312,538,2850,4495,63.40%,1380,1239,111,2730
"Judge, Court of Criminal Appeals, Place 6",0484,2021,700,2721,3981,68.35%,1639,896,98,2633
"Judge, Court of Criminal Appeals, Place 6",0485,2121,567,2588,4051,66.35%,1814,685,104,2603
"Judge, Court of Criminal Appeals, Place 6",0486,2310,721,3031,4195,72.25%,2173,638,117,2928
"Judge, Court of Criminal Appeals, Place 6",0487,1407,527,1934,4142,46.69%,453,1285,36,1774
"Judge, Court of Criminal Appeals, Place 6",0488,843,511,1354,2382,56.84%,353,892,45,1290
"Judge, Court of Criminal Appeals, Place 6",0489,865,344,1209,1958,61.75%,313,815,27,1155
"Judge, Court of Criminal Appeals, Place 6",0490,982,346,1328,2105,63.09%,392,835,43,1270
"Judge, Court of Criminal Appeals, Place 6",0491,947,488,1435,2110,68.01%,723,584,57,1364
"Judge, Court of Criminal Appeals, Place 6",0492,1222,396,1618,2552,63.40%,775,730,52,1557
"Judge, Court of Criminal Appeals, Place 6",0493,1404,555,1959,3338,58.69%,668,1128,65,1861
"Judge, Court of Criminal Appeals, Place 6",0494,1079,419,1498,2787,53.75%,168,1243,29,1440
"Judge, Court of Criminal Appeals, Place 6",0495,1414,376,1790,2488,71.95%,1155,508,50,1713
"Judge, Court of Criminal Appeals, Place 6",0496,687,549,1236,2325,53.16%,399,746,46,1191
"Judge, Court of Criminal Appeals, Place 6",0497,915,281,1197,2148,55.73%,48,1104,8,1160
"Judge, Court of Criminal Appeals, Place 6",0498,1072,423,1495,2527,59.16%,474,890,71,1435
"Judge, Court of Criminal Appeals, Place 6",0499,1434,397,1831,2336,78.38%,1247,477,46,1770
"Judge, Court of Criminal Appeals, Place 6",0500,1870,651,2521,3698,68.17%,1500,841,92,2433
"Judge, Court of Criminal Appeals, Place 6",0501,1149,406,1555,2016,77.13%,594,793,92,1479
"Judge, Court of Criminal Appeals, Place 6",0502,1355,293,1559,2595,63.93%,1228,321,44,1593
"Judge, Court of Criminal Appeals, Place 6",0503,1398,306,1704,2236,76.21%,1222,367,51,1640
"Judge, Court of Criminal Appeals, Place 6",0504,1271,482,1753,2318,75.63%,1033,569,78,1680
"Judge, Court of Criminal Appeals, Place 6",0505,1755,735,2490,4076,61.09%,1005,1242,110,2357
"Judge, Court of Criminal Appeals, Place 6",0506,1513,696,2209,3544,62.33%,310,1781,48,2139
"Judge, Court of Criminal Appeals, Place 6",0507,599,319,918,2562,35.83%,200,614,8,822
"Judge, Court of Criminal Appeals, Place 6",0508,1520,828,2348,4767,49.26%,610,1500,72,2182
"Judge, Court of Criminal Appeals, Place 6",0509,2507,669,3175,5153,61.63%,1874,1068,121,3063
"Judge, Court of Criminal Appeals, Place 6",0510,1707,666,2373,3822,62.09%,936,1272,98,2306
Office,Precinct,Early Ballots Cast,Election Ballots Cast,Total Ballots Cast,Registered Voters,Percent Turnout,REP Michael E. Keasler,DEM Robert Burns,LIB Mark W. Bennett,Totals
"Judge, Court of Criminal Appeals, Place 6",0511,2935,574,3509,4620,75.95%,2048,1272,94,3414
"Judge, Court of Criminal Appeals, Place 6",0512,1669,871,2540,4559,55.71%,914,1443,85,2442
"Judge, Court of Criminal Appeals, Place 6",0513,1758,413,2171,3003,72.29%,1495,545,53,2093
"Judge, Court of Criminal Appeals, Place 6",0514,2289,613,2902,4378,66.29%,1896,798,108,2802
"Judge, Court of Criminal Appeals, Place 6",0515,1838,468,2306,3182,72.47%,1763,414,55,2232
"Judge, Court of Criminal Appeals, Place 6",0516,1317,363,1680,2799,60.02%,770,798,59,1627
"Judge, Court of Criminal Appeals, Place 6",0517,1612,509,2121,3744,56.65%,853,1099,90,2042
"Judge, Court of Criminal Appeals, Place 6",0518,1887,676,2563,4049,63.30%,1407,971,81,2459
"Judge, Court of Criminal Appeals, Place 6",0519,1423,518,1941,3098,62.65%,1261,542,80,1883
"Judge, Court of Criminal Appeals, Place 6",0520,1798,670,2468,5202,47.44%,356,1993,59,2408
"Judge, Court of Criminal Appeals, Place 6",0521,1352,578,1930,3070,62.87%,848,951,75,1874
"Judge, Court of Criminal Appeals, Place 6",0522,1508,464,1972,2815,70.05%,1364,473,82,1919
"Judge, Court of Criminal Appeals, Place 6",0523,1978,537,2515,4027,62.45%,1425,868,109,2402
"Judge, Court of Criminal Appeals, Place 6",0524,1396,637,2033,3598,56.50%,506,1389,59,1954
"Judge, Court of Criminal Appeals, Place 6",0525,1442,574,2016,3260,61.84%,397,1481,48,1926
"Judge, Court of Criminal Appeals, Place 6",0526,236,157,393,820,47.93%,82,270,19,371
"Judge, Court of Criminal Appeals, Place 6",0527,156,38,194,580,33.45%,71,107,4,182
"Judge, Court of Criminal Appeals, Place 6",0528,17,8,25,78,32.05%,1,22,1,24
"Judge, Court of Criminal Appeals, Place 6",0529,2108,434,2542,3842,66.16%,2019,345,94,2458
"Judge, Court of Criminal Appeals, Place 6",0530,376,212,588,1236,47.57%,103,415,24,542
"Judge, Court of Criminal Appeals, Place 6",0531,1235,166,1401,2250,62.27%,990,314,29,1333
"Judge, Court of Criminal Appeals, Place 6",0532,478,140,618,1058,58.41%,396,193,20,609
"Judge, Court of Criminal Appeals, Place 6",0533,353,169,522,1164,44.85%,242,233,18,493
"Judge, Court of Criminal Appeals, Place 6",0534,1898,577,2475,3918,63.17%,1641,657,75,2373
"Judge, Court of Criminal Appeals, Place 6",0535,132,62,194,413,46.97%,59,120,4,183
"Judge, Court of Criminal Appeals, Place 6",0536,2107,1053,3160,5637,56.06%,949,1936,105,2990
"Judge, Court of Criminal Appeals, Place 6",0537,1959,464,2423,3174,76.34%,1670,628,43,2341
"Judge, Court of Criminal Appeals, Place 6",0538,372,203,575,1332,43.17%,15,539,9,563
"Judge, Court of Criminal Appeals, Place 6",0539,811,234,1045,1535,68.08%,547,423,32,1002
"Judge, Court of Criminal Appeals, Place 6",0540,1008,349,1357,1759,77.15%,425,798,46,1269
"Judge, Court of Criminal Appeals, Place 6",0541,2172,761,2933,5001,58.65%,430,2300,88,2818
"Judge, Court of Criminal Appeals, Place 6",0542,1156,406,1562,2654,58.85%,91,1392,27,1510
"Judge, Court of Criminal Appeals, Place 6",0543,554,321,875,1658,52.77%,196,607,26,829
"Judge, Court of Criminal Appeals, Place 6",0544,84,54,138,313,44.09%,13,119,2,134
Office,Precinct,Early Ballots Cast,Election Ballots Cast,Total Ballots Cast,Registered Voters,Percent Turnout,REP Michael E. Keasler,DEM Robert Burns,LIB Mark W. Bennett,Totals
"Judge, Court of Criminal Appeals, Place 6",0545,2020,468,2488,3949,63.00%,1044,1261,78,2383
"Judge, Court of Criminal Appeals, Place 6",0546,1524,278,1802,2471,72.93%,1471,260,36,1767
"Judge, Court of Criminal Appeals, Place 6",0547,1414,270,1684,2534,66.46%,1040,492,85,1617
"Judge, Court of Criminal Appeals, Place 6",0548,882,395,1277,2339,54.60%,537,656,44,1237
"Judge, Court of Criminal Appeals, Place 6",0549,1106,447,1553,2786,55.74%,188,1299,25,1512
"Judge, Court of Criminal Appeals, Place 6",0550,1175,553,1728,3245,53.25%,692,930,57,1679
"Judge, Court of Criminal Appeals, Place 6",0551,2588,793,3381,4428,76.36%,2435,748,80,3263
"Judge, Court of Criminal Appeals, Place 6",0552,2093,784,2877,3762,76.48%,2218,492,84,2794
"Judge, Court of Criminal Appeals, Place 6",0553,964,317,1281,2193,58.41%,457,744,42,1243
"Judge, Court of Criminal Appeals, Place 6",0554,597,271,868,1774,48.93%,159,665,15,839
"Judge, Court of Criminal Appeals, Place 6",0555,642,390,1032,2286,45.14%,168,805,25,998
"Judge, Court of Criminal Appeals, Place 6",0556,760,435,1195,2491,47.97%,226,895,28,1149
"Judge, Court of Criminal Appeals, Place 6",0557,925,460,1385,2955,46.87%,368,867,43,1278
"Judge, Court of Criminal Appeals, Place 6",0558,1815,721,2536,4718,53.75%,711,1662,82,2455
"Judge, Court of Criminal Appeals, Place 6",0559,1917,701,2618,4984,52.53%,542,1874,98,2514
"Judge, Court of Criminal Appeals, Place 6",0560,290,247,537,1141,47.06%,82,407,19,508
"Judge, Court of Criminal Appeals, Place 6",0561,1025,624,1649,3138,52.55%,903,606,68,1577
"Judge, Court of Criminal Appeals, Place 6",0562,222,116,338,691,48.91%,38,266,4,308
"Judge, Court of Criminal Appeals, Place 6",0563,2075,337,2412,3468,69.55%,1760,502,73,2335
"Judge, Court of Criminal Appeals, Place 6",0564,1567,526,2093,3240,64.60%,520,1382,97,1999
"Judge, Court of Criminal Appeals, Place 6",0565,336,148,484,1414,34.23%,68,380,13,461
"Judge, Court of Criminal Appeals, Place 6",0566,1189,441,1630,3029,53.81%,378,1134,61,1573
"Judge, Court of Criminal Appeals, Place 6",0567,966,390,1356,2851,47.56%,310,921,35,1266
"Judge, Court of Criminal Appeals, Place 6",0568,1836,697,2533,3638,69.63%,1523,793,91,2407
"Judge, Court of Criminal Appeals, Place 6",0569,2036,747,2783,4125,67.47%,1232,1296,113,2641
"Judge, Court of Criminal Appeals, Place 6",0570,771,278,1049,1598,65.64%,350,597,45,992
"Judge, Court of Criminal Appeals, Place 6",0571,521,314,835,1950,42.82%,227,533,31,791
"Judge, Court of Criminal Appeals, Place 6",0572,1531,444,1975,3308,59.70%,801,1020,78,1899
"Judge, Court of Criminal Appeals, Place 6",0573,490,215,705,1625,43.38%,16,673,7,696
"Judge, Court of Criminal Appeals, Place 6",0574,112,74,186,391,47.57%,21,153,2,176
"Judge, Court of Criminal Appeals, Place 6",0575,1906,535,2441,3557,68.63%,1271,979,102,2352
"Judge, Court of Criminal Appeals, Place 6",0576,1110,375,1485,2830,52.47%,76,1337,30,1443
"Judge, Court of Criminal Appeals, Place 6",0577,887,205,1092,1586,68.85%,612,400,34,1046
"Judge, Court of Criminal Appeals, Place 6",0578,1026,405,1431,1862,76.85%,820,476,49,1345
Office,Precinct,Early Ballots Cast,Election Ballots Cast,Total Ballots Cast,Registered Voters,Percent Turnout,REP Michael E. Keasler,DEM Robert Burns,LIB Mark W. Bennett,Totals
"Judge, Court of Criminal Appeals, Place 6",0579,287,181,468,1139,41.09%,72,356,15,443
"Judge, Court of Criminal Appeals, Place 6",0580,366,108,474,985,48.12%,20,440,7,467
"Judge, Court of Criminal Appeals, Place 6",0581,457,137,594,1033,57.50%,15,552,8,575
"Judge, Court of Criminal Appeals, Place 6",0582,543,232,775,1607,48.23%,47,686,12,745
"Judge, Court of Criminal Appeals, Place 6",0583,434,155,589,1286,45.80%,15,555,4,574
"Judge, Court of Criminal Appeals, Place 6",0584,367,120,487,1062,45.86%,32,430,7,469
"Judge, Court of Criminal Appeals, Place 6",0585,830,280,1110,2346,47.31%,49,1013,18,1080
"Judge, Court of Criminal Appeals, Place 6",0586,1793,790,2583,4521,57.13%,1373,1004,112,2489
"Judge, Court of Criminal Appeals, Place 6",0587,1208,431,1639,2870,57.11%,496,1036,49,1581
"Judge, Court of Criminal Appeals, Place 6",0588,1941,606,2547,3780,67.38%,1579,784,99,2462
"Judge, Court of Criminal Appeals, Place 6",0589,1540,545,2085,3780,55.16%,929,1018,79,2026
"Judge, Court of Criminal Appeals, Place 6",0590,1230,400,1630,2176,74.91%,1183,331,48,1562
"Judge, Court of Criminal Appeals, Place 6",0591,652,462,1114,2274,48.99%,253,772,34,1059
"Judge, Court of Criminal Appeals, Place 6",0592,449,272,721,1446,49.86%,136,529,22,687
"Judge, Court of Criminal Appeals, Place 6",0593,1581,755,2316,4179,55.42%,864,1264,89,2217
"Judge, Court of Criminal Appeals, Place 6",0594,1244,316,1560,2578,60.51%,400,1083,40,1523
"Judge, Court of Criminal Appeals, Place 6",0595,601,299,900,1833,49.10%,121,724,29,874
"Judge, Court of Criminal Appeals, Place 6",0596,1380,501,1881,3574,52.63%,779,920,108,1807
"Judge, Court of Criminal Appeals, Place 6",0597,1205,609,1814,3587,50.57%,575,1099,61,1735
"Judge, Court of Criminal Appeals, Place 6",0598,2389,731,3120,5253,59.39%,987,1904,121,3012
"Judge, Court of Criminal Appeals, Place 6",0599,1380,493,1873,3005,62.33%,604,1153,59,1816
"Judge, Court of Criminal Appeals, Place 6",0600,1603,776,2379,4204,56.59%,726,1472,69,2267
"Judge, Court of Criminal Appeals, Place 6",0601,2223,670,2893,4151,69.69%,1982,726,96,2804
"Judge, Court of Criminal Appeals, Place 6",0602,756,234,990,1441,68.70%,641,289,36,966
"Judge, Court of Criminal Appeals, Place 6",0603,2344,725,3069,4666,65.77%,1637,1190,145,2972
"Judge, Court of Criminal Appeals, Place 6",0604,1818,375,2193,3189,68.77%,1749,294,69,2112
"Judge, Court of Criminal Appeals, Place 6",0605,1714,599,2313,4217,54.85%,491,1654,62,2207
"Judge, Court of Criminal Appeals, Place 6",0606,319,111,430,970,44.33%,8,407,4,419
"Judge, Court of Criminal Appeals, Place 6",0607,163,51,214,712,30.06%,22,183,3,208
"Judge, Court of Criminal Appeals, Place 6",0608,156,77,233,570,40.88%,71,140,11,222
"Judge, Court of Criminal Appeals, Place 6",0609,2040,729,2769,4305,64.32%,1503,1071,91,2665
"Judge, Court of Criminal Appeals, Place 6",0610,666,343,1009,2086,48.37%,373,541,37,951
"Judge, Court of Criminal Appeals, Place 6",0611,980,229,1209,2527,47.84%,46,1133,9,1188
"Judge, Court of Criminal Appeals, Place 6",0612,1930,431,2361,3388,69.69%,1685,502,91,2278
Office,Precinct,Early Ballots Cast,Election Ballots Cast,Total Ballots Cast,Registered Voters,Percent Turnout,REP Michael E. Keasler,DEM Robert Burns,LIB Mark W. Bennett,Totals
"Judge, Court of Criminal Appeals, Place 6",0613,938,339,1277,2368,53.93%,199,998,30,1227
"Judge, Court of Criminal Appeals, Place 6",0614,1950,645,2595,4566,56.83%,713,1717,68,2498
"Judge, Court of Criminal Appeals, Place 6",0615,1076,301,1377,2086,66.01%,676,597,58,1331
"Judge, Court of Criminal Appeals, Place 6",0616,1811,611,2422,3516,68.89%,1496,720,107,2323
"Judge, Court of Criminal Appeals, Place 6",0617,1708,650,2358,4179,56.42%,729,1466,80,2275
"Judge, Court of Criminal Appeals, Place 6",0618,1701,545,2246,3801,59.09%,859,1241,86,2186
"Judge, Court of Criminal Appeals, Place 6",0619,2793,663,3456,4916,70.30%,2388,848,135,3371
"Judge, Court of Criminal Appeals, Place 6",0620,1749,333,2082,3318,62.75%,1011,924,54,1989
"Judge, Court of Criminal Appeals, Place 6",0621,536,200,736,1272,57.86%,286,386,31,703
"Judge, Court of Criminal Appeals, Place 6",0622,2133,591,2724,4562,59.71%,1365,1159,98,2622
"Judge, Court of Criminal Appeals, Place 6",0623,1962,461,2423,3919,61.83%,1441,819,76,2336
"Judge, Court of Criminal Appeals, Place 6",0624,298,59,357,456,78.29%,264,73,9,346
"Judge, Court of Criminal Appeals, Place 6",0625,925,372,1297,1864,69.58%,657,532,56,1245
"Judge, Court of Criminal Appeals, Place 6",0626,2285,784,3089,4816,63.73%,1497,1329,106,2932
"Judge, Court of Criminal Appeals, Place 6",0627,935,649,1584,3235,48.96%,386,1081,42,1509
"Judge, Court of Criminal Appeals, Place 6",0628,717,545,1262,2420,52.15%,419,748,26,1193
"Judge, Court of Criminal Appeals, Place 6",0629,162,96,258,750,34.40%,30,216,7,253
"Judge, Court of Criminal Appeals, Place 6",0630,2680,541,3221,4738,67.98%,304,2759,78,3141
"Judge, Court of Criminal Appeals, Place 6",0631,1844,398,2242,3263,68.71%,1405,678,71,2154
"Judge, Court of Criminal Appeals, Place 6",0632,4,1,5,241,2.07%,0,5,0,5
"Judge, Court of Criminal Appeals, Place 6",0633,2287,601,2888,3912,73.82%,1876,819,97,2792
"Judge, Court of Criminal Appeals, Place 6",0634,1439,499,1938,3259,59.47%,1030,769,78,1877
"Judge, Court of Criminal Appeals, Place 6",0635,1647,520,2167,3512,61.70%,1507,486,100,2093
"Judge, Court of Criminal Appeals, Place 6",0636,2303,922,3225,4569,70.58%,2701,338,91,3130
"Judge, Court of Criminal Appeals, Place 6",0637,1098,423,1521,2591,58.70%,301,1058,56,1415
"Judge, Court of Criminal Appeals, Place 6",0638,850,348,1198,2310,51.86%,97,1047,21,1165
"Judge, Court of Criminal Appeals, Place 6",0639,1387,284,1671,2560,65.27%,1222,325,57,1604
"Judge, Court of Criminal Appeals, Place 6",0640,1619,615,2234,3927,56.89%,1185,893,91,2169
"Judge, Court of Criminal Appeals, Place 6",0641,1637,683,2320,3840,60.42%,1279,878,75,2232
"Judge, Court of Criminal Appeals, Place 6",0642,1030,270,1300,1783,72.91%,972,256,34,1262
"Judge, Court of Criminal Appeals, Place 6",0643,1951,593,2544,4189,60.73%,1120,1256,85,2461
"Judge, Court of Criminal Appeals, Place 6",0644,2090,689,2779,4446,62.51%,1495,1080,103,2678
"Judge, Court of Criminal Appeals, Place 6",0645,2156,769,2925,4517,64.76%,1103,1582,124,2809
"Judge, Court of Criminal Appeals, Place 6",0646,925,399,1324,2422,54.67%,318,901,41,1260
Office,Precinct,Early Ballots Cast,Election Ballots Cast,Total Ballots Cast,Registered Voters,Percent Turnout,REP Michael E. Keasler,DEM Robert Burns,LIB Mark W. Bennett,Totals
"Judge, Court of Criminal Appeals, Place 6",0647,1373,526,1899,4349,43.67%,394,1354,33,1781
"Judge, Court of Criminal Appeals, Place 6",0648,1863,500,2363,3487,67.77%,1559,646,89,2294
"Judge, Court of Criminal Appeals, Place 6",0649,1554,775,2329,4755,48.98%,535,1632,55,2222
"Judge, Court of Criminal Appeals, Place 6",0650,2035,819,2854,4039,70.66%,1813,846,102,2761
"Judge, Court of Criminal Appeals, Place 6",0651,1734,551,2285,3873,59.00%,1136,967,94,2197
"Judge, Court of Criminal Appeals, Place 6",0652,1167,545,1712,2979,57.47%,264,1380,20,1664
"Judge, Court of Criminal Appeals, Place 6",0653,187,110,297,604,49.17%,61,215,10,286
"Judge, Court of Criminal Appeals, Place 6",0654,2387,698,3085,5063,60.93%,1504,1377,80,2961
"Judge, Court of Criminal Appeals, Place 6",0655,1953,761,2724,4495,60.60%,1378,1093,137,2608
"Judge, Court of Criminal Appeals, Place 6",0656,1107,401,1508,2737,55.10%,64,1395,13,1472
"Judge, Court of Criminal Appeals, Place 6",0657,684,276,960,1487,64.56%,307,575,38,920
"Judge, Court of Criminal Appeals, Place 6",0658,1299,494,1793,2901,61.81%,1028,639,75,1742
"Judge, Court of Criminal Appeals, Place 6",0659,2810,733,3543,5161,68.65%,2329,992,111,3432
"Judge, Court of Criminal Appeals, Place 6",0660,1575,345,1920,3087,62.20%,179,1656,28,1863
"Judge, Court of Criminal Appeals, Place 6",0661,1951,774,2725,4363,62.46%,1258,1261,95,2614
"Judge, Court of Criminal Appeals, Place 6",0662,2268,571,2839,4002,70.94%,2203,474,79,2756
"Judge, Court of Criminal Appeals, Place 6",0663,1339,448,1787,2340,76.37%,823,758,92,1673
"Judge, Court of Criminal Appeals, Place 6",0664,909,513,1422,2992,47.53%,250,1058,48,1356
"Judge, Court of Criminal Appeals, Place 6",0665,1327,360,1687,2354,71.67%,1281,293,59,1633
"Judge, Court of Criminal Appeals, Place 6",0666,0,0,0,0,0.00%,0,0,0,0
"Judge, Court of Criminal Appeals, Place 6",0667,1112,400,1512,2175,69.52%,1087,329,38,1454
"Judge, Court of Criminal Appeals, Place 6",0668,1557,719,2276,3669,62.03%,1258,836,109,2203
"Judge, Court of Criminal Appeals, Place 6",0669,1896,702,2598,3585,72.47%,1660,753,83,2496
"Judge, Court of Criminal Appeals, Place 6",0670,1996,416,2412,3335,72.32%,1803,446,88,2337
"Judge, Court of Criminal Appeals, Place 6",0671,1401,588,1989,3198,62.20%,1006,824,90,1920
"Judge, Court of Criminal Appeals, Place 6",0672,1727,489,221,5,3433,64.55%,1457,616,79,2152
"Judge, Court of Criminal Appeals, Place 6",0673,1525,467,2092,3051,68.57%,1597,368,69,2034
"Judge, Court of Criminal Appeals, Place 6",0674,2358,610,2968,4228,70.20%,2053,726,100,2879
"Judge, Court of Criminal Appeals, Place 6",0675,1,0,1,0,0.00%,1,0,0,1
"Judge, Court of Criminal Appeals, Place 6",0676,1088,465,1553,2976,52.18%,541,881,69,1491
"Judge, Court of Criminal Appeals, Place 6",0677,423,259,682,1300,52.46%,152,474,16,642
"Judge, Court of Criminal Appeals, Place 6",0678,1169,294,1463,2660,55.00%,139,1259,20,1418
"Judge, Court of Criminal Appeals, Place 6",0679,1719,529,2248,3542,63.47%,1508,590,67,2165
"Judge, Court of Criminal Appeals, Place 6",0680,100,17,117,179,65.36%,42,61,10,113
Office,Precinct,Early Ballots Cast,Election Ballots Cast,Total Ballots Cast,Registered Voters,Percent Turnout,REP Michael E. Keasler,DEM Robert Burns,LIB Mark W. Bennett,Totals
"Judge, Court of Criminal Appeals, Place 6",0681,e,0,6,4,150.00%,3,2,1,6
"Judge, Court of Criminal Appeals, Place 6",0682,2114,690,2804,4313,65.01%,1921,689,110,2720
"Judge, Court of Criminal Appeals, Place 6",0683,82,5,87,302,28.81%,21,59,3,83
"Judge, Court of Criminal Appeals, Place 6",0684,1584,640,2324,3559,65.30%,1358,801,85,2244
"Judge, Court of Criminal Appeals, Place 6",0685,139,28,167,285,58.60%,71,75,8,154
"Judge, Court of Criminal Appeals, Place 6",0686,53,5,58,221,26.24%,14,39,3,56
"Judge, Court of Criminal Appeals, Place 6",0687,1512,400,1912,2713,70.48%,1197,570,62,1829
"Judge, Court of Criminal Appeals, Place 6",0688,2333,594,2927,3922,74.63%,2202,560,79,2841
"Judge, Court of Criminal Appeals, Place 6",0689,728,604,1332,2449,54.39%,523,682,42,1247
"Judge, Court of Criminal Appeals, Place 6",0690,1973,553,2526,3614,69.89%,1848,498,99,2445
"Judge, Court of Criminal Appeals, Place 6",0691,2132,551,2683,3690,72.71%,1991,550,71,2612
"Judge, Court of Criminal Appeals, Place 6",0692,1280,678,1958,3118,62.80%,1308,490,91,1889
"Judge, Court of Criminal Appeals, Place 6",0693,309,110,419,681,61.53%,105,277,14,396
"Judge, Court of Criminal Appeals, Place 6",0694,1006,319,1325,2478,53.47%,505,747,35,1287
"Judge, Court of Criminal Appeals, Place 6",0695,630,315,945,1842,51.30%,518,336,43,897
"Judge, Court of Criminal Appeals, Place 6",0696,727,312,1039,2027,51.26%,588,382,47,1017
"Judge, Court of Criminal Appeals, Place 6",0697,1299,552,1851,3238,57.16%,417,1308,54,1779
"Judge, Court of Criminal Appeals, Place 6",0698,1276,520,1796,3339,53.79%,193,1515,29,1737
"Judge, Court of Criminal Appeals, Place 6",0699,1277,398,1675,2387,70.17%,985,518,74,1577
"Judge, Court of Criminal Appeals, Place 6",0700,726,247,973,1536,63.35%,791,134,27,952
"Judge, Court of Criminal Appeals, Place 6",0701,210,73,283,614,46.09%,113,140,8,261
"Judge, Court of Criminal Appeals, Place 6",0702,183,69,252,550,45.82%,30,203,11,244
"Judge, Court of Criminal Appeals, Place 6",0703,899,528,1427,1943,73.44%,963,373,48,1384
"Judge, Court of Criminal Appeals, Place 6",0704,1699,512,2211,3121,70.84%,1721,359,69,2149
"Judge, Court of Criminal Appeals, Place 6",0705,331,206,537,1513,35.49%,49,462,9,520
"Judge, Court of Criminal Appeals, Place 6",0706,1252,372,1624,2821,57.57%,558,926,58,1542
"Judge, Court of Criminal Appeals, Place 6",0707,378,69,447,757,59.05%,246,159,20,425
"Judge, Court of Criminal Appeals, Place 6",0708,162,98,260,592,43.92%,78,163,5,246
"Judge, Court of Criminal Appeals, Place 6",0709,2258,528,2786,4136,67.36%,1391,1197,104,2692
"Judge, Court of Criminal Appeals, Place 6",0710,1136,450,1586,2096,75.67%,803,607,71,1481
"Judge, Court of Criminal Appeals, Place 6",0711,1981,599,2580,3820,67.54%,1270,1142,62,2474
"Judge, Court of Criminal Appeals, Place 6",0712,1720,627,2347,4002,58.65%,782,1431,77,2290
"Judge, Court of Criminal Appeals, Place 6",0713,770,365,1135,2006,56.58%,499,562,38,1099
"Judge, Court of Criminal Appeals, Place 6",0714,102,28,130,306,42.48%,55,63,4,122
Office,Precinct,Early Ballots Cast,Election Ballots Cast,Total Ballots Cast,Registered Voters,Percent Turnout,REP Michael E. Keasler,DEM Robert Burns,LIB Mark W. Bennett,Totals
"Judge, Court of Criminal Appeals, Place 6",0715,553,239,792,1549,51.13%,352,387,19,758
"Judge, Court of Criminal Appeals, Place 6",0716,1218,419,1637,2720,60.18%,1088,444,54,1586
"Judge, Court of Criminal Appeals, Place 6",0717,976,232,1208,2082,58.02%,148,993,24,1165
"Judge, Court of Criminal Appeals, Place 6",0718,2244,872,3116,4412,70.63%,1916,954,89,2959
"Judge, Court of Criminal Appeals, Place 6",0719,624,223,847,1644,51.52%,386,386,33,805
"Judge, Court of Criminal Appeals, Place 6",0720,2498,709,3207,4709,68.10%,2041,933,132,3106
"Judge, Court of Criminal Appeals, Place 6",0721,1467,603,2070,2926,70.75%,1239,644,93,1976
"Judge, Court of Criminal Appeals, Place 6",0722,1930,609,2539,4638,54.74%,139,2261,54,2454
"Judge, Court of Criminal Appeals, Place 6",0723,898,261,1159,1959,59.16%,210,880,30,1120
"Judge, Court of Criminal Appeals, Place 6",0724,395,146,541,800,67.63%,341,165,14,520
"Judge, Court of Criminal Appeals, Place 6",0725,976,294,1270,2336,54.37%,470,694,33,1197
"Judge, Court of Criminal Appeals, Place 6",0726,1271,321,1592,2207,72.13%,1323,181,40,1544
"Judge, Court of Criminal Appeals, Place 6",0727,983,415,1398,2708,51.62%,337,960,60,1357
"Judge, Court of Criminal Appeals, Place 6",0728,399,198,597,942,63.38%,325,216,33,574
"Judge, Court of Criminal Appeals, Place 6",0729,235,49,284,471,60.30%,147,120,9,276
"Judge, Court of Criminal Appeals, Place 6",0730,1368,406,1774,2435,72.85%,1060,570,61,1691
"Judge, Court of Criminal Appeals, Place 6",0731,2090,624,2714,4834,56.14%,1056,1466,97,2619
"Judge, Court of Criminal Appeals, Place 6",0732,793,449,1242,1943,63.92%,664,464,51,1179
"Judge, Court of Criminal Appeals, Place 6",0733,55,25,80,303,26.40%,25,51,0,76
"Judge, Court of Criminal Appeals, Place 6",0734,2309,556,2865,4294,66.72%,1768,906,93,2767
"Judge, Court of Criminal Appeals, Place 6",0735,158,61,219,251,87.25%,113,96,4,213
"Judge, Court of Criminal Appeals, Place 6",0736,14,3,17,42,40.48%,1,14,0,15
"Judge, Court of Criminal Appeals, Place 6",0737,21,6,27,56,48.21%,19,7,1,27
"Judge, Court of Criminal Appeals, Place 6",0738,435,214,649,1497,43.35%,100,522,13,635
"Judge, Court of Criminal Appeals, Place 6",0739,980,440,1420,2971,47.80%,584,732,51,1367
"Judge, Court of Criminal Appeals, Place 6",0740,281,159,450,1005,44.78%,218,196,11,425
"Judge, Court of Criminal Appeals, Place 6",0741,924,262,1186,1895,62.59%,277,825,35,1137
"Judge, Court of Criminal Appeals, Place 6",0742,1538,498,2036,2859,71.21%,1208,683,63,1954
"Judge, Court of Criminal Appeals, Place 6",0743,54,60,114,234,48.72%,34,69,5,108
"Judge, Court of Criminal Appeals, Place 6",0744,1010,444,1454,2103,69.14%,797,531,61,1389
"Judge, Court of Criminal Appeals, Place 6",0745,1215,446,1661,2543,65.32%,949,578,73,1600
"Judge, Court of Criminal Appeals, Place 6",0746,245,121,366,732,50.00%,163,167,14,344
"Judge, Court of Criminal Appeals, Place 6",0747,1746,693,2439,4096,59.55%,975,1275,102,2352
"Judge, Court of Criminal Appeals, Place 6",0748,565,245,810,1556,52.06%,350,385,49,784
Office,Precinct,Early Ballots Cast,Election Ballots Cast,Total Ballots Cast,Registered Voters,Percent Turnout,REP Michael E. Keasler,DEM Robert Burns,LIB Mark W. Bennett,Totals
"Judge, Court of Criminal Appeals, Place 6",0749,115,1,116,432,26.85%,17,94,0,111
"Judge, Court of Criminal Appeals, Place 6",0750,294,122,416,809,51.42%,210,165,24,399
"Judge, Court of Criminal Appeals, Place 6",0751,2944,1013,3957,5893,67.15%,2289,1383,149,3821
"Judge, Court of Criminal Appeals, Place 6",0752,660,227,887,1484,59.77%,556,261,32,849
"Judge, Court of Criminal Appeals, Place 6",0753,259,53,312,512,60.94%,113,174,13,300
"Judge, Court of Criminal Appeals, Place 6",0754,388,262,650,1590,40.88%,27,592,13,632
"Judge, Court of Criminal Appeals, Place 6",0755,1785,955,2740,5015,54.64%,862,1628,110,2600
"Judge, Court of Criminal Appeals, Place 6",0756,688,309,997,1723,57.86%,302,631,26,959
"Judge, Court of Criminal Appeals, Place 6",0757,1867,601,2468,4792,51.50%,378,1947,68,2393
"Judge, Court of Criminal Appeals, Place 6",0758,2106,595,2701,3803,71.02%,1950,560,89,2599
"Judge, Court of Criminal Appeals, Place 6",0759,1389,375,1764,2779,63.48%,980,653,61,1694
"Judge, Court of Criminal Appeals, Place 6",0760,1219,268,1487,2162,68.78%,1159,242,39,1440
"Judge, Court of Criminal Appeals, Place 6",0761,1090,167,1257,1598,78.66%,838,321,41,1200
"Judge, Court of Criminal Appeals, Place 6",0762,930,303,1233,1828,67.45%,535,619,28,1182
"Judge, Court of Criminal Appeals, Place 6",0763,370,264,634,1249,50.76%,185,406,19,610
"Judge, Court of Criminal Appeals, Place 6",0764,2473,677,3150,4827,65.26%,1809,1113,110,3032
"Judge, Court of Criminal Appeals, Place 6",0765,2060,874,2934,5742,51.10%,728,2008,89,2825
"Judge, Court of Criminal Appeals, Place 6",0766,126,59,185,428,43.22%,27,138,6,171
"Judge, Court of Criminal Appeals, Place 6",0767,31,15,46,92,50.00%,21,22,0,43
"Judge, Court of Criminal Appeals, Place 6",0768,1479,387,1866,2643,70.60%,1392,351,64,1807
"Judge, Court of Criminal Appeals, Place 6",0769,85,14,99,184,53.80%,6,92,0,98
"Judge, Court of Criminal Appeals, Place 6",0770,103,42,145,388,37.37%,44,91,3,138
"Judge, Court of Criminal Appeals, Place 6",0771,572,210,782,1588,49.24%,323,395,35,753
"Judge, Court of Criminal Appeals, Place 6",0772,2808,477,3285,4606,71.32%,2327,753,94,3174
"Judge, Court of Criminal Appeals, Place 6",0773,1696,638,2334,4414,52.88%,534,1603,56,2193
"Judge, Court of Criminal Appeals, Place 6",0774,154,66,220,426,51.64%,50,158,6,214
"Judge, Court of Criminal Appeals, Place 6",0775,50,1,51,102,50.00%,1,49,0,50
"Judge, Court of Criminal Appeals, Place 6",0776,1436,538,1974,3276,60.26%,1067,768,73,1908
"Judge, Court of Criminal Appeals, Place 6",0777,202,105,307,767,40.03%,73,213,7,293
"Judge, Court of Criminal Appeals, Place 6",0778,0,3,3,0,0.00%,0,3,0,3
"Judge, Court of Criminal Appeals, Place 6",0779,263,160,423,1019,41.51%,89,286,13,388
"Judge, Court of Criminal Appeals, Place 6",0780,170,130,300,666,45.05%,91,180,4,275
"Judge, Court of Criminal Appeals, Place 6",0781,1236,612,1848,3782,48.86%,540,1124,53,1717
"Judge, Court of Criminal Appeals, Place 6",0782,1048,368,1416,2355,60.13%,800,487,68,1355
Office,Precinct,Early Ballots Cast,Election Ballots Cast,Total Ballots Cast,Registered Voters,Percent Turnout,REP Michael E. Keasler,DEM Robert Burns,LIB Mark W. Bennett,Totals
"Judge, Court of Criminal Appeals, Place 6",0783,197,90,287,520,55.19%,17,249,9,275
"Judge, Court of Criminal Appeals, Place 6",0784,408,119,527,1062,49.62%,12,493,3,508
"Judge, Court of Criminal Appeals, Place 6",0785,1234,357,1591,1896,83.91%,779,689,72,1540
"Judge, Court of Criminal Appeals, Place 6",0786,397,177,574,1258,45.63%,167,358,22,547
"Judge, Court of Criminal Appeals, Place 6",0787,180,83,263,542,48.52%,71,168,9,248
"Judge, Court of Criminal Appeals, Place 6",0788,2,0,2,13,15.38%,2,0,0,2
"Judge, Court of Criminal Appeals, Place 6",0789,1377,420,1797,2998,59.94%,995,680,62,1737
"Judge, Court of Criminal Appeals, Place 6",0790,1143,329,1472,2523,58.34%,473,903,54,1430
"Judge, Court of Criminal Appeals, Place 6",0791,9,3,12,29,41.38%,1,9,2,12
"Judge, Court of Criminal Appeals, Place 6",0792,545,415,1063,1954,54.40%,229,752,31,1012
"Judge, Court of Criminal Appeals, Place 6",0793,985,416,1401,2620,53.47%,668,630,42,1340
"Judge, Court of Criminal Appeals, Place 6",0794,626,411,1037,3208,32.33%,93,885,28,1006
"Judge, Court of Criminal Appeals, Place 6",0795,396,2,398,1281,31.07%,111,254,5,370
"Judge, Court of Criminal Appeals, Place 6",0796,1372,455,1537,3041,60.41%,717,1003,68,1788
"Judge, Court of Criminal Appeals, Place 6",0797,0,0,0,0,0.00%,0,0,0,0
"Judge, Court of Criminal Appeals, Place 6",0798,222,142,364,521,69.87%,132,204,13,349
"Judge, Court of Criminal Appeals, Place 6",0799,55,26,84,171,49.12%,13,66,4,83
"Judge, Court of Criminal Appeals, Place 6",0800,1935,730,2665,4216,63.21%,1523,926,114,2563
"Judge, Court of Criminal Appeals, Place 6",0801,90,44,134,261,51.34%,41,84,6,131
"Judge, Court of Criminal Appeals, Place 6",0802,54,21,75,224,33.48%,15,51,6,72
"Judge, Court of Criminal Appeals, Place 6",0803,2557,547,3214,4514,71.20%,2156,878,70,3104
"Judge, Court of Criminal Appeals, Place 6",0804,2703,682,3385,5303,63.83%,1706,1470,118,3294
"Judge, Court of Criminal Appeals, Place 6",0805,1599,454,2053,2874,71.43%,1527,387,65,1979
"Judge, Court of Criminal Appeals, Place 6",0806,1003,324,1327,1889,70.25%,774,469,47,1290
"Judge, Court of Criminal Appeals, Place 6",0807,797,349,1146,2163,52.98%,184,894,35,1113
"Judge, Court of Criminal Appeals, Place 6",0808,143,57,200,232,86.21%,63,108,18,189
"Judge, Court of Criminal Appeals, Place 6",0809,19,7,25,98,26.53%,12,12,1,25
"Judge, Court of Criminal Appeals, Place 6",0810,47,31,78,197,39.59%,12,58,2,72
"Judge, Court of Criminal Appeals, Place 6",0811,82,68,150,277,54.15%,30,111,1,142
"Judge, Court of Criminal Appeals, Place 6",0812,0,0,0,0,0.00%,0,0,0,0
"Judge, Court of Criminal Appeals, Place 6",0813,1742,434,2176,3488,62.39%,908,1127,78,2113
"Judge, Court of Criminal Appeals, Place 6",0814,1975,827,2803,5483,51.12%,525,2111,68,2704
"Judge, Court of Criminal Appeals, Place 6",0815,0,0,0,0,0.00%,0,0,0,0
"Judge, Court of Criminal Appeals, Place 6",0816,23,10,33,64,51.56%,4,24,2,30
Office,Precinct,Early Ballots Cast,Election Ballots Cast,Total Ballots Cast,Registered Voters,Percent Turnout,REP Michael E. Keasler,DEM Robert Burns,LIB Mark W. Bennett,Totals
"Judge, Court of Criminal Appeals, Place 6",0817,2791,550,3341,4700,71.09%,2238,904,104,3246
"Judge, Court of Criminal Appeals, Place 6",0818,209,104,313,737,42.47%,65,233,5,303
"Judge, Court of Criminal Appeals, Place 6",0819,108,31,139,228,60.96%,66,58,2,126
"Judge, Court of Criminal Appeals, Place 6",0820,0,0,0,0,0.00%,0,0,0,0
"Judge, Court of Criminal Appeals, Place 6",0821,362,188,550,1295,42.47%,68,444,16,528
"Judge, Court of Criminal Appeals, Place 6",0822,571,185,756,1574,48.03%,24,696,8,728
"Judge, Court of Criminal Appeals, Place 6",0823,1339,410,1749,3017,57.97%,868,739,79,1686
"Judge, Court of Criminal Appeals, Place 6",0824,1059,410,1469,2762,53.19%,297,1085,38,1420
"Judge, Court of Criminal Appeals, Place 6",0825,9,7,15,21,76.19%,3,10,3,16
"Judge, Court of Criminal Appeals, Place 6",0826,177,70,247,355,69.58%,118,99,7,224
"Judge, Court of Criminal Appeals, Place 6",0827,218,234,452,1042,43.38%,131,290,20,441
"Judge, Court of Criminal Appeals, Place 6",0828,1174,281,1455,1965,74.05%,1079,285,40,1404
"Judge, Court of Criminal Appeals, Place 6",0829,101,19,120,235,51.06%,32,80,4,116
"Judge, Court of Criminal Appeals, Place 6",0830,2,2,4,2,200.00%,4,0,0,4
"Judge, Court of Criminal Appeals, Place 6",0831,8,5,13,36,36.11%,6,6,0,12
"Judge, Court of Criminal Appeals, Place 6",0832,125,50,175,364,48.08%,43,117,6,166
"Judge, Court of Criminal Appeals, Place 6",0833,3,2,5,20,25.00%,1,4,0,5
"Judge, Court of Criminal Appeals, Place 6",0834,142,61,203,388,52.32%,18,179,3,200
"Judge, Court of Criminal Appeals, Place 6",0835,87,71,158,311,50.80%,37,109,5,151
"Judge, Court of Criminal Appeals, Place 6",0836,128,0,128,248,51.61%,12,102,4,118
"Judge, Court of Criminal Appeals, Place 6",0837,0,0,0,0,0.00%,0,0,0,0
"Judge, Court of Criminal Appeals, Place 6",0838,0,0,0,0,0.00%,0,0,0,0
"Judge, Court of Criminal Appeals, Place 6",0839,419,174,593,1190,49.83%,117,425,31,573
"Judge, Court of Criminal Appeals, Place 6",0840,831,228,1059,1780,59.49%,332,649,28,1009
"Judge, Court of Criminal Appeals, Place 6",0841,1475,475,1950,3431,56.83%,424,1410,57,1891
"Judge, Court of Criminal Appeals, Place 6",0842,1340,513,1853,3390,54.66%,660,1029,85,1774
"Judge, Court of Criminal Appeals, Place 6",0843,595,298,893,1387,64.38%,154,681,28,863
"Judge, Court of Criminal Appeals, Place 6",0844,4,0,4,10,40.00%,0,4,0,4
"Judge, Court of Criminal Appeals, Place 6",0845,152,13,165,218,75.69%,96,56,6,158
"Judge, Court of Criminal Appeals, Place 6",0846,61,22,83,229,36.24%,3,77,2,82
"Judge, Court of Criminal Appeals, Place 6",0847,993,330,1323,2310,57.27%,338,916,30,1284
"Judge, Court of Criminal Appeals, Place 6",0848,1014,201,1215,1875,64.80%,345,783,35,1163
"Judge, Court of Criminal Appeals, Place 6",0849,731,455,1186,2272,52.20%,298,768,44,1110
"Judge, Court of Criminal Appeals, Place 6",0850,129,19,148,208,71.15%,53,86,4,143
Office,Precinct,Early Ballots Cast,Election Ballots Cast,Total Ballots Cast,Registered Voters,Percent Turnout,REP Michael E. Keasler,DEM Robert Burns,LIB Mark W. Bennett,Totals
"Judge, Court of Criminal Appeals, Place 6",0851,1886,441,2327,3597,64.69%,1461,679,99,2239
"Judge, Court of Criminal Appeals, Place 6",0852,0,0,0,1,0.00%,0,0,0,0
"Judge, Court of Criminal Appeals, Place 6",0853,1638,487,2125,2986,71.17%,1518,476,70,2064
"Judge, Court of Criminal Appeals, Place 6",0854,40,19,59,175,33.71%,8,49,1,58
"Judge, Court of Criminal Appeals, Place 6",0855,7,2,9,21,42.86%,4,4,0,8
"Judge, Court of Criminal Appeals, Place 6",0856,0,3,3,0,0.00%,0,1,0,1
"Judge, Court of Criminal Appeals, Place 6",0857,0,0,0,1,0.00%,0,0,0,0
"Judge, Court of Criminal Appeals, Place 6",0858,122,35,157,334,47.01%,5,143,1,149
"Judge, Court of Criminal Appeals, Place 6",0859,391,143,534,945,56.51%,111,389,10,510
"Judge, Court of Criminal Appeals, Place 6",0860,1,1,2,0,0.00%,0,2,0,2
"Judge, Court of Criminal Appeals, Place 6",0861,777,272,1049,1941,54.04%,154,845,24,1023
"Judge, Court of Criminal Appeals, Place 6",0862,1989,508,2497,3739,66.78%,1402,945,74,2421
"Judge, Court of Criminal Appeals, Place 6",0863,192,64,256,581,44.06%,13,237,1,251
"Judge, Court of Criminal Appeals, Place 6",0864,693,574,1267,2708,46.79%,259,911,36,1206
"Judge, Court of Criminal Appeals, Place 6",0865,9,2,11,21,52.38%,0,10,1,11
"Judge, Court of Criminal Appeals, Place 6",0866,0,0,0,0,0.00%,0,0,0,0
"Judge, Court of Criminal Appeals, Place 6",0867,0,0,0,0,0.00%,0,0,0,0
"Judge, Court of Criminal Appeals, Place 6",0868,737,495,1232,2446,50.37%,300,833,44,1177
"Judge, Court of Criminal Appeals, Place 6",0869,166,55,221,480,46.04%,24,182,5,211
"Judge, Court of Criminal Appeals, Place 6",0870,0,2,2,0,0.00%,2,0,0,2
"Judge, Court of Criminal Appeals, Place 6",0871,2,1,3,3,100.00%,0,2,1,3
"Judge, Court of Criminal Appeals, Place 6",0872,16,6,22,68,32.35%,12,10,0,22
"Judge, Court of Criminal Appeals, Place 6",0873,296,111,407,778,52.31%,92,296,8,396
"Judge, Court of Criminal Appeals, Place 6",0874,1682,670,2352,3294,71.40%,1611,582,82,2275
"Judge, Court of Criminal Appeals, Place 6",0875,1950,501,2451,3592,68.23%,1083,1210,81,2374
"Judge, Court of Criminal Appeals, Place 6",0876,1947,577,2524,3485,72.42%,1690,669,81,2440
"Judge, Court of Criminal Appeals, Place 6",0877,1806,528,2334,3651,63.93%,828,1352,93,2273
"Judge, Court of Criminal Appeals, Place 6",0878,685,110,795,1039,76.52%,614,131,21,766
"Judge, Court of Criminal Appeals, Place 6",0879,1217,413,1630,2843,57.33%,640,859,77,1576
"Judge, Court of Criminal Appeals, Place 6",0880,1357,471,1828,2467,74.10%,1325,418,38,1781
"Judge, Court of Criminal Appeals, Place 6",0881,2467,927,3394,5638,60.20%,828,2363,101,3292
"Judge, Court of Criminal Appeals, Place 6",0882,1954,595,2549,4317,59.05%,715,1670,61,2446
"Judge, Court of Criminal Appeals, Place 6",0883,2253,928,3181,5613,56.67%,514,2478,83,3075
"Judge, Court of Criminal Appeals, Place 6",0884,149,55,204,396,51.52%,27,169,2,198
Office,Precinct,Early Ballots Cast,Election Ballots Cast,Total Ballots Cast,Registered Voters,Percent Turnout,REP Michael E. Keasler,DEM Robert Burns,LIB Mark W. Bennett,Totals
"Judge, Court of Criminal Appeals, Place 6",0885,1573,323,1896,2811,67.45%,1033,759,62,1854
"Judge, Court of Criminal Appeals, Place 6",0886,498,152,650,906,71.74%,316,255,48,619
"Judge, Court of Criminal Appeals, Place 6",0887,235,95,330,492,67.07%,164,125,22,311
"Judge, Court of Criminal Appeals, Place 6",0888,820,289,1109,1867,59.40%,331,700,41,1072
"Judge, Court of Criminal Appeals, Place 6",0889,114,28,142,238,59.66%,31,93,12,136
"Judge, Court of Criminal Appeals, Place 6",0890,449,98,547,1214,45.06%,201,268,44,513
"Judge, Court of Criminal Appeals, Place 6",0891,753,194,947,1376,68.82%,320,555,23,898
"Judge, Court of Criminal Appeals, Place 6",0892,428,123,551,900,61.22%,173,314,38,525
"Judge, Court of Criminal Appeals, Place 6",0893,1,4,5,9,55.56%,2,3,0,5
"Judge, Court of Criminal Appeals, Place 6",0894,805,305,1110,2087,53.19%,147,887,42,1076
"Judge, Court of Criminal Appeals, Place 6",0895,419,252,671,834,80.46%,268,341,18,627
"Judge, Court of Criminal Appeals, Place 6",0896,841,254,1095,1467,74.64%,355,655,29,1039
"Judge, Court of Criminal Appeals, Place 6",0897,814,365,1179,1766,66.76%,587,495,51,1133
"Judge, Court of Criminal Appeals, Place 6",0898,792,301,1093,1821,60.02%,413,608,44,1065
"Judge, Court of Criminal Appeals, Place 6",0899,747,165,912,1264,72.15%,539,323,33,895
"Judge, Court of Criminal Appeals, Place 6",0900,7,0,7,12,58.33%,1,6,0,7
"Judge, Court of Criminal Appeals, Place 6",0901,0,0,0,0,0.00%,0,0,0,0
"Judge, Court of Criminal Appeals, Place 6",0902,1311,361,1672,2217,75.42%,816,689,83,1588
"Judge, Court of Criminal Appeals, Place 6",0903,1315,354,1669,2558,65.25%,1177,396,41,1614
"Judge, Court of Criminal Appeals, Place 6",0904,2,0,2,8,25.00%,1,1,0,2
"Judge, Court of Criminal Appeals, Place 6",0905,390,136,526,946,55.60%,189,300,18,507
"Judge, Court of Criminal Appeals, Place 6",0906,19,3,22,28,78.57%,13,9,0,22
"Judge, Court of Criminal Appeals, Place 6",0907,53,37,90,201,44.78%,7,80,2,89
"Judge, Court of Criminal Appeals, Place 6",0908,0,0,0,0,0.00%,0,0,0,0
"Judge, Court of Criminal Appeals, Place 6",0909,7,1,8,21,38.10%,2,5,0,7
"Judge, Court of Criminal Appeals, Place 6",0910,78,37,115,236,48.73%,32,69,6,107
"Judge, Court of Criminal Appeals, Place 6",0911,237,63,300,576,52.08%,182,99,10,291
"Judge, Court of Criminal Appeals, Place 6",0912,712,167,879,1341,65.55%,483,330,30,843
"Judge, Court of Criminal Appeals, Place 6",0913,102,12,114,241,47.30%,19,89,1,109
"Judge, Court of Criminal Appeals, Place 6",0914,42,0,42,124,33.87%,9,28,3,40
"Judge, Court of Criminal Appeals, Place 6",0915,0,0,0,0,0.00%,0,0,0,0
"Judge, Court of Criminal Appeals, Place 6",0916,1474,308,1782,2205,80.82%,1303,356,66,1725
"Judge, Court of Criminal Appeals, Place 6",0917,34,9,43,147,29.25%,4,34,1,39
"Judge, Court of Criminal Appeals, Place 6",0918,3,1,4,7,57.14%,1,3,0,4
Office,Precinct,Early Ballots Cast,Election Ballots Cast,Total Ballots Cast,Registered Voters,Percent Turnout,REP Michael E. Keasler,DEM Robert Burns,LIB Mark W. Bennett,Totals
"Judge, Court of Criminal Appeals, Place 6",0919,1,0,1,1,100.00%,1,0,0,1
"Judge, Court of Criminal Appeals, Place 6",0920,41,13,54,79,68.35%,31,19,2,52
"Judge, Court of Criminal Appeals, Place 6",0921,27,6,33,61,54.10%,6,25,2,33
"Judge, Court of Criminal Appeals, Place 6",0922,0,0,0,0,0.00%,0,0,0,0
"Judge, Court of Criminal Appeals, Place 6",0923,2334,350,2684,3536,75.90%,1951,621,65,2637
"Judge, Court of Criminal Appeals, Place 6",0924,0,0,0,0,0.00%,0,0,0,0
"Judge, Court of Criminal Appeals, Place 6",0925,0,0,0,0,0.00%,0,0,0,0
"Judge, Court of Criminal Appeals, Place 6",0926,550,149,699,967,72.29%,460,191,24,675
"Judge, Court of Criminal Appeals, Place 6",0927,970,173,1143,1771,64.54%,539,498,45,1082
"Judge, Court of Criminal Appeals, Place 6",0928,4,1,5,7,71.43%,0,5,0,5
"Judge, Court of Criminal Appeals, Place 6",0929,0,0,0,0,0.00%,0,0,0,0
"Judge, Court of Criminal Appeals, Place 6",0930,217,83,300,606,49.50%,18,266,3,287
"Judge, Court of Criminal Appeals, Place 6",0931,87,28,115,141,81.56%,47,57,3,107
"Judge, Court of Criminal Appeals, Place 6",0932,0,1,1,0,0.00%,0,1,0,1
"Judge, Court of Criminal Appeals, Place 6",0933,297,93,390,668,58.38%,111,249,16,376
"Judge, Court of Criminal Appeals, Place 6",0934,9,4,13,37,35.14%,7,6,0,13
"Judge, Court of Criminal Appeals, Place 6",0935,12,9,21,55,38.18%,8,11,1,20
"Judge, Court of Criminal Appeals, Place 6",0936,23,9,32,76,42.11%,7,21,0,28
"Judge, Court of Criminal Appeals, Place 6",0937,0,0,0,0,0.00%,0,0,0,0
"Judge, Court of Criminal Appeals, Place 6",0938,72,19,91,255,35.69%,29,58,3,90
"Judge, Court of Criminal Appeals, Place 6",0939,1,1,2,4,50.00%,1,1,0,2
"Judge, Court of Criminal Appeals, Place 6",0940,9,3,12,28,42.86%,1,11,0,12
"Judge, Court of Criminal Appeals, Place 6",0941,286,144,430,870,49.43%,186,195,27,408
"Judge, Court of Criminal Appeals, Place 6",0942,102,16,118,152,77.63%,76,37,4,117
"Judge, Court of Criminal Appeals, Place 6",0943,192,28,220,774,28.42%,48,151,7,206
"Judge, Court of Criminal Appeals, Place 6",0944,1,0,1,1,100.00%,0,1,0,1
"Judge, Court of Criminal Appeals, Place 6",0945,8,6,14,21,66.67%,0,12,2,14
"Judge, Court of Criminal Appeals, Place 6",0946,4,2,6,14,42.86%,1,5,0,6
"Judge, Court of Criminal Appeals, Place 6",0947,428,198,626,820,76.34%,287,274,27,588
"Judge, Court of Criminal Appeals, Place 6",0948,0,0,0,1,0.00%,0,0,0,0
"Judge, Court of Criminal Appeals, Place 6",0949,84,61,145,210,69.05%,62,65,10,137
"Judge, Court of Criminal Appeals, Place 6",0950,0,0,0,0,0.00%,0,0,0,0
"Judge, Court of Criminal Appeals, Place 6",0951,114,62,176,304,57.89%,38,122,7,167
"Judge, Court of Criminal Appeals, Place 6",0952,32,15,47,65,72.31%,27,18,1,46
Office,Precinct,Early Ballots Cast,Election Ballots Cast,Total Ballots Cast,Registered Voters,Percent Turnout,REP Michael E. Keasler,DEM Robert Burns,LIB Mark W. Bennett,Totals
"Judge, Court of Criminal Appeals, Place 6",0953,4,0,4,8,50.00%,0,4,0,4
"Judge, Court of Criminal Appeals, Place 6",0954,0,0,0,0,0.00%,0,0,0,0
"Judge, Court of Criminal Appeals, Place 6",0955,3541,572,4113,5108,80.52%,2793,1062,107,3962
"Judge, Court of Criminal Appeals, Place 6",0956,0,0,0,0,0.00%,0,0,0,0
"Judge, Court of Criminal Appeals, Place 6",0957,284,39,323,585,55.21%,31,268,14,313
"Judge, Court of Criminal Appeals, Place 6",0958,431,231,662,1202,55.07%,116,501,20,637
"Judge, Court of Criminal Appeals, Place 6",0959,0,0,0,0,0.00%,0,0,0,0
"Judge, Court of Criminal Appeals, Place 6",0960,831,235,1066,1471,72.47%,217,792,30,1039
"Judge, Court of Criminal Appeals, Place 6",0961,821,318,1139,2369,48.08%,162,906,23,1091
"Judge, Court of Criminal Appeals, Place 6",0962,33,12,45,88,51.14%,7,31,5,43
"Judge, Court of Criminal Appeals, Place 6",0963,225,91,316,528,59.85%,122,163,15,300
"Judge, Court of Criminal Appeals, Place 6",0964,2148,325,2473,3179,77.79%,1379,947,66,2392
"Judge, Court of Criminal Appeals, Place 6",0965,102,35,137,345,39.71%,89,37,6,132
"Judge, Court of Criminal Appeals, Place 6",0966,368,189,557,1332,41.82%,127,384,19,530
"Judge, Court of Criminal Appeals, Place 6",0967,82,24,106,186,56.99%,37,58,6,101
"Judge, Court of Criminal Appeals, Place 6",0968,455,127,582,906,64.24%,119,434,14,567
"Judge, Court of Criminal Appeals, Place 6",0969,299,71,370,624,59.29%,6,349,7,362
"Judge, Court of Criminal Appeals, Place 6",0970,224,102,326,810,40.25%,30,270,4,304
"Judge, Court of Criminal Appeals, Place 6",0971,0,0,0,0,0.00%,0,0,0,0
"Judge, Court of Criminal Appeals, Place 6",0972,0,0,0,0,0.00%,0,0,0,0
"Judge, Court of Criminal Appeals, Place 6",0973,505,138,643,999,64.36%,394,200,25,619
"Judge, Court of Criminal Appeals, Place 6",0974,0,1,1,0,0.00%,1,0,0,1
"Judge, Court of Criminal Appeals, Place 6",0975,104,26,130,190,68.42%,55,59,7,121
"Judge, Court of Criminal Appeals, Place 6",0976,190,152,342,712,48.03%,165,150,9,324
"Judge, Court of Criminal Appeals, Place 6",0977,160,108,268,617,43.44%,83,164,11,258
"Judge, Court of Criminal Appeals, Place 6",0978,0,0,0,0,0.00%,0,0,0,0
"Judge, Court of Criminal Appeals, Place 6",0979,0,0,0,0,0.00%,0,0,0,0
"Judge, Court of Criminal Appeals, Place 6",0980,686,333,1019,1412,72.17%,679,261,32,972
"Judge, Court of Criminal Appeals, Place 6",0981,12,2,14,31,45.16%,1,12,0,13
"Judge, Court of Criminal Appeals, Place 6",0982,1900,501,2401,2916,82.34%,1752,491,88,2331
"Judge, Court of Criminal Appeals, Place 6",0983,55,17,82,198,41.41,%,37,36,7,80
"Judge, Court of Criminal Appeals, Place 6",0984,75,57,133,341,39.00%,11,115,4,130
"Judge, Court of Criminal Appeals, Place 6",0985,222,56,278,355,78.31%,120,136,9,265
"Judge, Court of Criminal Appeals, Place 6",0986,154,78,232,537,43.20%,22,200,2,224
Office,Precinct,Early Ballots Cast,Election Ballots Cast,Total Ballots Cast,Registered Voters,Percent Turnout,REP Michael E. Keasler,DEM Robert Burns,LIB Mark W. Bennett,Totals
"Judge, Court of Criminal Appeals, Place 6",0987,477,130,607,1183,51.31%,37,534,6,577
"Judge, Court of Criminal Appeals, Place 6",0988,52,15,77,117,65.81%,66,7,3,76
"Judge, Court of Criminal Appeals, Place 6",0989,0,0,0,0,0.00%,0,0,0,0
"Judge, Court of Criminal Appeals, Place 6",0990,5,6,11,66,16.67%,4,6,1,11
"Judge, Court of Criminal Appeals, Place 6",0991,0,1,1,2,50.00%,0,1,0,1
"Judge, Court of Criminal Appeals, Place 6",0992,456,106,562,1075,52.28%,247,262,28,537
"Judge, Court of Criminal Appeals, Place 6",0993,0,0,0,0,0.00%,0,0,0,0
"Judge, Court of Criminal Appeals, Place 6",0994,55,12,68,75,90.67%,19,44,4,67
"Judge, Court of Criminal Appeals, Place 6",0995,754,193,947,1576,60.09%,89,805,18,912
"Judge, Court of Criminal Appeals, Place 6",0996,403,70,473,708,66.81%,238,191,18,447
"Judge, Court of Criminal Appeals, Place 6",0997,525,283,808,1909,42.33%,131,634,27,792
"Judge, Court of Criminal Appeals, Place 6",0998,24,12,36,68,52.94%,22,11,2,35
"Judge, Court of Criminal Appeals, Place 6",0999,0,0,0,0,0.00%,0,0,0,0
"Judge, Court of Criminal Appeals, Place 6",1000,123,22,145,428,33.88%,22,115,4,141
"Judge, Court of Criminal Appeals, Place 6",1001,519,280,799,1654,48.31%,146,598,14,758
"Judge, Court of Criminal Appeals, Place 6",1002,481,270,751,1804,41.63%,93,602,15,710
"Judge, Court of Criminal Appeals, Place 6",1003,0,0,0,0,0.00%,0,0,0,0
"Judge, Court of Criminal Appeals, Place 6",1004,351,114,465,691,67.29%,217,204,20,441
"Judge, Court of Criminal Appeals, Place 6",1005,0,0,0,0,0.00%,0,0,0,0
"Judge, Court of Criminal Appeals, Place 6",1006,0,0,0,0,0.00%,0,0,0,0
"Judge, Court of Criminal Appeals, Place 6",1007,595,306,1002,1775,56.45%,211,727,31,969
"Judge, Court of Criminal Appeals, Place 6",1008,520,107,727,1011,71.91%,545,132,23,700
"Judge, Court of Criminal Appeals, Place 6",1009,0,0,0,0,0.00%,0,0,0,0
"Judge, Court of Criminal Appeals, Place 6",1010,293,96,389,647,60.12%,66,299,9,374
"Judge, Court of Criminal Appeals, Place 6",1011,9,6,15,31,48.39%,9,6,0,15
"Judge, Court of Criminal Appeals, Place 6",1012,545,362,907,1633,55.54%,208,639,22,869
"Judge, Court of Criminal Appeals, Place 6",Totals;,983140,353327,1336467,2182980,587598,650234,44206,1282038
