Office,Precinct,Early Ballots Cast,Election Ballots Cast,Total Ballots Cast,Registered Voters,Percent Turnout,REP Tracy Elizabeth Christopher,DEM Peter M. Kelly,Totals
"Justice, 14th Court of Appeals District, Place 9",0001,1419,496,1915,2682,71.40%,739,1048,1787
"Justice, 14th Court of Appeals District, Place 9",0002,1002,370,1372,2099,65.36%,578,706,1284
"Justice, 14th Court of Appeals District, Place 9",0003,875,336,1211,1625,74.52%,496,625,1121
"Justice, 14th Court of Appeals District, Place 9",0004,955,369,1324,1709,77.47%,530,708,1238
"Justice, 14th Court of Appeals District, Place 9",0005,759,380,1139,1470,77.48%,469,595,1064
"Justice, 14th Court of Appeals District, Place 9",0006,1841,628,2469,4084,60.46%,1212,1147,2359
"Justice, 14th Court of Appeals District, Place 9",0007,430,125,555,1002,55.39%,22,515,537
"Justice, 14th Court of Appeals District, Place 9",0008,889,351,1240,1848,67.10%,598,580,1178
"Justice, 14th Court of Appeals District, Place 9",0009,660,312,972,1861,52.23%,235,663,898
"Justice, 14th Court of Appeals District, Place 9",0010,701,232,933,1830,50.98%,187,660,847
"Justice, 14th Court of Appeals District, Place 9",0011,618,258,876,1748,50.11%,179,635,814
"Justice, 14th Court of Appeals District, Place 9",0012,230,65,295,731,40.36%,150,128,278
"Justice, 14th Court of Appeals District, Place 9",0013,1231,382,1613,2751,58.63%,1035,486,1521
"Justice, 14th Court of Appeals District, Place 9",0014,989,429,1418,1924,73.70%,729,611,1340
"Justice, 14th Court of Appeals District, Place 9",0015,1489,849,2338,2852,81.98%,1445,741,2186
"Justice, 14th Court of Appeals District, Place 9",0016,681,189,870,1284,67.76%,423,406,829
"Justice, 14th Court of Appeals District, Place 9",0017,451,293,744,1198,62.10%,306,391,697
"Justice, 14th Court of Appeals District, Place 9",0018,744,367,1111,1456,76.30%,545,495,1040
"Justice, 14th Court of Appeals District, Place 9",0019,549,293,942,1288,73.14%,329,556,885
"Justice, 14th Court of Appeals District, Place 9",0020,1007,335,1342,2780,48.27%,463,794,1257
"Justice, 14th Court of Appeals District, Place 9",0021,540,207,747,1229,60.78%,180,531,711
"Justice, 14th Court of Appeals District, Place 9",0022,936,419,1355,2501,54.18%,222,1080,1302
"Justice, 14th Court of Appeals District, Place 9",0023,132,74,206,551,37.39%,33,163,196
"Justice, 14th Court of Appeals District, Place 9",0024,293,36,329,712,46.21%,70,245,315
"Justice, 14th Court of Appeals District, Place 9",0025,239,292,531,1105,48.05%,25,490,515
"Justice, 14th Court of Appeals District, Place 9",0026,835,313,1148,1969,58.30%,254,810,1064
"Justice, 14th Court of Appeals District, Place 9",0027,1392,508,1900,3271,58.09%,418,1343,1761
"Justice, 14th Court of Appeals District, Place 9",0028,1514,446,1960,3307,59.27%,1102,783,1885
"Justice, 14th Court of Appeals District, Place 9",0029,648,490,1138,2722,41.81%,342,724,1066
"Justice, 14th Court of Appeals District, Place 9",0030,1287,546,1833,2818,65.05%,559,1152,1711
"Justice, 14th Court of Appeals District, Place 9",0031,784,453,1237,2656,46.57%,53,1135,1188
"Justice, 14th Court of Appeals District, Place 9",0032,1254,504,1758,2728,64.44%,768,868,1636
"Justice, 14th Court of Appeals District, Place 9",0033,2074,554,2528,3907,67.26%,1006,1425,2431
"Justice, 14th Court of Appeals District, Place 9",0034,1512,517,2129,3044,69.94%,526,1498,2024
Office,Precinct,Early Ballots Cast,Election Ballots Cast,Total Ballots Cast,Registered Voters,Percent Turnout,REP Tracy Elizabeth Christopher,DEM Peter M. Kelly,Totals
"Justice, 14th Court of Appeals District, Place 9",0035,5,0,5,14,35.71%,2,2,4
"Justice, 14th Court of Appeals District, Place 9",0036,1032,516,1548,3100,49.94%,346,1119,1465
"Justice, 14th Court of Appeals District, Place 9",0037,1526,409,1935,2467,78.44%,702,1104,1806
"Justice, 14th Court of Appeals District, Place 9",0038,1876,436,2312,3081,75.04%,841,1327,2168
"Justice, 14th Court of Appeals District, Place 9",0039,1707,492,2199,3070,71.63%,660,1393,2053
"Justice, 14th Court of Appeals District, Place 9",0040,275,107,382,527,72.49%,214,144,358
"Justice, 14th Court of Appeals District, Place 9",0041,712,264,976,1518,64.30%,415,520,935
"Justice, 14th Court of Appeals District, Place 9",0042,438,109,547,1062,51.51%,18,520,538
"Justice, 14th Court of Appeals District, Place 9",0043,815,300,1115,1972,56.54%,467,581,1048
"Justice, 14th Court of Appeals District, Place 9",0044,727,310,1037,2126,48.78%,234,711,945
"Justice, 14th Court of Appeals District, Place 9",0045,2263,1021,3284,5740,57.21%,645,2472,3117
"Justice, 14th Court of Appeals District, Place 9",0046,875,341,1216,2568,47.35%,198,939,1137
"Justice, 14th Court of Appeals District, Place 9",0047,505,268,773,1618,47.78%,49,698,747
"Justice, 14th Court of Appeals District, Place 9",0048,348,168,516,967,53.36%,55,433,488
"Justice, 14th Court of Appeals District, Place 9",0049,1547,731,2278,3709,61.42%,1483,697,2180
"Justice, 14th Court of Appeals District, Place 9",0050,1838,680,2518,4314,58.37%,1202,1224,2426
"Justice, 14th Court of Appeals District, Place 9",0051,829,271,1100,1734,63.44%,793,263,1056
"Justice, 14th Court of Appeals District, Place 9",0052,1402,456,1858,2581,71.99%,905,832,1737
"Justice, 14th Court of Appeals District, Place 9",0053,1676,613,2289,3083,74.25%,1018,1094,2112
"Justice, 14th Court of Appeals District, Place 9",0054,1054,211,1265,1619,78.13%,627,543,1170
"Justice, 14th Court of Appeals District, Place 9",0055,1255,410,1675,2094,79.99%,718,828,1546
"Justice, 14th Court of Appeals District, Place 9",0056,698,283,981,1393,70.42%,575,352,927
"Justice, 14th Court of Appeals District, Place 9",0057,2043,567,2610,3325,78.50%,1155,1286,2441
"Justice, 14th Court of Appeals District, Place 9",0058,1717,484,2201,3031,72.62%,1034,1026,2060
"Justice, 14th Court of Appeals District, Place 9",0059,1592,439,2031,2671,76.04%,894,1023,1917
"Justice, 14th Court of Appeals District, Place 9",0060,1474,537,2011,2766,72.70%,592,1283,1875
"Justice, 14th Court of Appeals District, Place 9",0061,519,423,942,1847,51.00%,244,636,880
"Justice, 14th Court of Appeals District, Place 9",0062,689,452,1141,2195,51.98%,209,849,1058
"Justice, 14th Court of Appeals District, Place 9",0063,767,391,1158,1903,60.85%,909,198,1107
"Justice, 14th Court of Appeals District, Place 9",0064,678,368,1046,2220,47.12%,200,770,970
"Justice, 14th Court of Appeals District, Place 9",0065,638,435,1073,2178,49.27%,173,837,1010
"Justice, 14th Court of Appeals District, Place 9",0066,247,255,502,1135,44.23%,93,376,469
"Justice, 14th Court of Appeals District, Place 9",0067,942,521,1463,3019,48.46%,298,1052,1350
"Justice, 14th Court of Appeals District, Place 9",0068,1172,430,1602,3096,51.74%,45,1504,1549
Office,Precinct,Early Ballots Cast,Election Ballots Cast,Total Ballots Cast,Registered Voters,Percent Turnout,REP Tracy Elizabeth Christopher,DEM Peter M. Kelly,Totals
"Justice, 14th Court of Appeals District, Place 9",0069,375,222,597,1309,45.61%,97,445,542
"Justice, 14th Court of Appeals District, Place 9",0070,2288,670,2958,3815,77.54%,1758,1038,2796
"Justice, 14th Court of Appeals District, Place 9",0071,2708,947,3655,5016,72.87%,1821,1633,3454
"Justice, 14th Court of Appeals District, Place 9",0072,736,418,1154,2029,56.88%,284,798,1082
"Justice, 14th Court of Appeals District, Place 9",0073,813,282,1095,1621,67.55%,565,462,1027
"Justice, 14th Court of Appeals District, Place 9",0074,2503,268,2771,3578,77.45%,2069,576,2645
"Justice, 14th Court of Appeals District, Place 9",0075,1001,286,1287,1684,76.43%,585,619,1204
"Justice, 14th Court of Appeals District, Place 9",0076,1015,427,1442,2441,59.07%,698,662,1360
"Justice, 14th Court of Appeals District, Place 9",0077,2,5,7,17,41.18%,2,5,7
"Justice, 14th Court of Appeals District, Place 9",0078,618,254,872,1608,54.23%,218,582,800
"Justice, 14th Court of Appeals District, Place 9",0079,831,602,1433,2963,48.36%,260,1066,1326
"Justice, 14th Court of Appeals District, Place 9",0080,1175,466,1641,2840,57.78%,357,1193,1550
"Justice, 14th Court of Appeals District, Place 9",0081,776,273,1049,1964,53.41%,302,686,988
"Justice, 14th Court of Appeals District, Place 9",0082,1585,756,2341,3539,66.15%,1668,578,2246
"Justice, 14th Court of Appeals District, Place 9",0083,1831,540,2371,4174,56.80%,892,1395,2287
"Justice, 14th Court of Appeals District, Place 9",0084,573,257,830,1421,58.41%,579,225,804
"Justice, 14th Court of Appeals District, Place 9",0085,588,329,917,2169,42.28%,47,836,883
"Justice, 14th Court of Appeals District, Place 9",0086,2034,493,2527,3449,73.27%,1209,1167,2376
"Justice, 14th Court of Appeals District, Place 9",0087,1451,719,2170,2839,76.44%,1430,623,2053
"Justice, 14th Court of Appeals District, Place 9",0088,338,141,479,784,61.10%,306,150,456
"Justice, 14th Court of Appeals District, Place 9",0089,398,424,822,1094,75.14%,510,267,777
"Justice, 14th Court of Appeals District, Place 9",0090,1859,890,2749,3883,70.80%,2018,612,2630
"Justice, 14th Court of Appeals District, Place 9",0091,673,339,1012,1724,58.70%,552,391,943
"Justice, 14th Court of Appeals District, Place 9",0092,1263,474,1737,2260,76.86%,1131,513,1644
"Justice, 14th Court of Appeals District, Place 9",0093,1048,619,1667,3536,47.14%,484,1103,1587
"Justice, 14th Court of Appeals District, Place 9",0094,202,63,265,580,45.69%,45,206,251
"Justice, 14th Court of Appeals District, Place 9",0095,2022,534,2556,3394,75.31%,1658,783,2441
"Justice, 14th Court of Appeals District, Place 9",0096,828,306,1134,2060,55.05%,163,915,1078
"Justice, 14th Court of Appeals District, Place 9",0097,2513,467,2980,4414,67.51%,2197,653,2850
"Justice, 14th Court of Appeals District, Place 9",0098,1385,594,1979,3161,62.61%,1593,308,1901
"Justice, 14th Court of Appeals District, Place 9",0099,681,295,976,2192,44.53%,410,524,934
"Justice, 14th Court of Appeals District, Place 9",0100,529,276,805,1825,44.11%,323,451,774
"Justice, 14th Court of Appeals District, Place 9",0101,221,129,350,988,35.43%,86,251,337
"Justice, 14th Court of Appeals District, Place 9",0102,581,227,808,1907,42.37%,212,550,762
Office,Precinct,Early Ballots Cast,Election Ballots Cast,Total Ballots Cast,Registered Voters,Percent Turnout,REP Tracy Elizabeth Christopher,DEM Peter M. Kelly,Totals
"Justice, 14th Court of Appeals District, Place 9",0103,2146,985,3131,5097,61.43%,1501,1521,3022
"Justice, 14th Court of Appeals District, Place 9",0104,914,211,1125,1920,58.59%,29,1068,1097
"Justice, 14th Court of Appeals District, Place 9",0105,709,433,1142,2304,49.57%,279,786,1065
"Justice, 14th Court of Appeals District, Place 9",0106,73,59,132,299,44.15%,44,85,129
"Justice, 14th Court of Appeals District, Place 9",0107,592,403,995,2230,44.62%,163,788,951
"Justice, 14th Court of Appeals District, Place 9",0108,1463,448,1911,3674,52.01%,899,893,1792
"Justice, 14th Court of Appeals District, Place 9",0109,1098,278,1376,2909,47.30%,39,1290,1329
"Justice, 14th Court of Appeals District, Place 9",0110,1662,481,2143,3222,66.51%,1209,850,2059
"Justice, 14th Court of Appeals District, Place 9",0111,2700,866,3566,4792,74.42%,2456,952,3408
"Justice, 14th Court of Appeals District, Place 9",0112,1507,598,2105,3188,66.03%,1377,634,2011
"Justice, 14th Court of Appeals District, Place 9",0113,1307,418,1725,2718,63.47%,892,765,1657
"Justice, 14th Court of Appeals District, Place 9",0114,2290,506,2796,3885,71.97%,2008,681,2689
"Justice, 14th Court of Appeals District, Place 9",0115,609,272,881,1843,47.80%,82,758,840
"Justice, 14th Court of Appeals District, Place 9",0116,1898,599,2497,3194,78.18%,1889,501,2390
"Justice, 14th Court of Appeals District, Place 9",0117,573,379,952,1900,50.11%,333,555,888
"Justice, 14th Court of Appeals District, Place 9",0118,1823,530,2353,3181,73.97%,1224,1014,2238
"Justice, 14th Court of Appeals District, Place 9",0119,2761,409,3170,4682,67.71%,2446,587,3033
"Justice, 14th Court of Appeals District, Place 9",0120,1807,588,2395,3732,64.17%,1398,871,2269
"Justice, 14th Court of Appeals District, Place 9",0121,354,221,575,966,59.52%,356,201,557
"Justice, 14th Court of Appeals District, Place 9",0122,732,284,1016,1904,53.36%,53,920,973
"Justice, 14th Court of Appeals District, Place 9",0123,749,287,1036,1585,65.36%,321,666,987
"Justice, 14th Court of Appeals District, Place 9",0124,3136,888,4024,5393,74.62%,3129,775,3904
"Justice, 14th Court of Appeals District, Place 9",0125,1207,400,1607,2593,61.97%,841,696,1537
"Justice, 14th Court of Appeals District, Place 9",0126,2017,427,2444,3380,72.31%,2050,301,2351
"Justice, 14th Court of Appeals District, Place 9",0127,978,214,1192,2091,57.01%,815,316,1131
"Justice, 14th Court of Appeals District, Place 9",0128,1107,612,1719,2322,74.03%,1094,503,1597
"Justice, 14th Court of Appeals District, Place 9",0129,2543,1052,3595,5172,69.51%,2124,1288,3412
"Justice, 14th Court of Appeals District, Place 9",0130,1312,433,1745,2289,76.23%,1249,420,1669
"Justice, 14th Court of Appeals District, Place 9",0131,798,371,1169,2147,54.45%,255,878,1133
"Justice, 14th Court of Appeals District, Place 9",0132,1030,322,1352,2378,56.85%,55,1268,1323
"Justice, 14th Court of Appeals District, Place 9",0133,1411,746,2157,2690,80.19%,1255,764,2019
"Justice, 14th Court of Appeals District, Place 9",0134,593,345,938,1513,62.00%,371,510,881
"Justice, 14th Court of Appeals District, Place 9",0135,1615,551,2166,2777,78.00%,1451,597,2048
"Justice, 14th Court of Appeals District, Place 9",0136,982,352,1334,2116,63.04%,84,1196,1280
Office,Precinct,Early Ballots Cast,Election Ballots Cast,Total Ballots Cast,Registered Voters,Percent Turnout,REP Tracy Elizabeth Christopher,DEM Peter M. Kelly,Totals
"Justice, 14th Court of Appeals District, Place 9",0137,993,259,1252,1986,63.04%,828,373,1201
"Justice, 14th Court of Appeals District, Place 9",0138,600,228,828,1723,48.06%,39,762,801
"Justice, 14th Court of Appeals District, Place 9",0139,1940,601,2541,3435,73.97%,1220,1150,2370
"Justice, 14th Court of Appeals District, Place 9",0140,1518,510,2028,3270,62.02%,349,1568,1917
"Justice, 14th Court of Appeals District, Place 9",0141,217,153,370,904,40.93%,190,150,340
"Justice, 14th Court of Appeals District, Place 9",0142,293,140,433,933,46.41%,91,309,400
"Justice, 14th Court of Appeals District, Place 9",0143,1868,267,2135,2582,82.69%,1397,671,2068
"Justice, 14th Court of Appeals District, Place 9",0144,442,125,567,1086,52.21%,18,523,541
"Justice, 14th Court of Appeals District, Place 9",0145,560,256,816,1564,52.17%,17,774,791
"Justice, 14th Court of Appeals District, Place 9",0146,1000,494,1494,2073,72.07%,638,762,1400
"Justice, 14th Court of Appeals District, Place 9",0147,1412,354,1766,3211,55.00%,225,1483,1708
"Justice, 14th Court of Appeals District, Place 9",0148,1266,652,1918,2571,74.60%,839,958,1797
"Justice, 14th Court of Appeals District, Place 9",0149,2939,573,3512,4756,73.84%,1962,1433,3395
"Justice, 14th Court of Appeals District, Place 9",0150,582,223,805,1574,51.14%,33,743,776
"Justice, 14th Court of Appeals District, Place 9",0151,282,107,389,826,47.09%,15,358,373
"Justice, 14th Court of Appeals District, Place 9",0152,838,524,1362,3059,44.52%,273,1002,1275
"Justice, 14th Court of Appeals District, Place 9",0153,544,399,943,1873,50.35%,210,683,893
"Justice, 14th Court of Appeals District, Place 9",0154,913,289,1202,2293,52.42%,243,862,1105
"Justice, 14th Court of Appeals District, Place 9",0155,2275,576,2851,4065,70.14%,1782,936,2718
"Justice, 14th Court of Appeals District, Place 9",0156,1415,403,1818,3223,56.41%,107,1635,1742
"Justice, 14th Court of Appeals District, Place 9",0157,880,278,1158,2265,51.13%,73,1051,1124
"Justice, 14th Court of Appeals District, Place 9",0158,1144,365,1509,3049,49.49%,41,1430,1471
"Justice, 14th Court of Appeals District, Place 9",0159,348,147,495,997,49.65%,79,397,476
"Justice, 14th Court of Appeals District, Place 9",0160,286,67,353,717,49.23%,15,323,338
"Justice, 14th Court of Appeals District, Place 9",0161,378,173,551,992,55.54%,18,513,531
"Justice, 14th Court of Appeals District, Place 9",0162,364,267,631,1312,48.09%,155,429,584
"Justice, 14th Court of Appeals District, Place 9",0163,1080,524,1604,3075,52.16%,430,1011,1441
"Justice, 14th Court of Appeals District, Place 9",0164,441,258,699,1407,49.68%,25,644,669
"Justice, 14th Court of Appeals District, Place 9",0165,1171,469,1640,2460,66.67%,941,602,1543
"Justice, 14th Court of Appeals District, Place 9",0166,562,261,823,1171,70.28%,280,494,774
"Justice, 14th Court of Appeals District, Place 9",0167,5,2,7,24,29.17%,0,6,6
"Justice, 14th Court of Appeals District, Place 9",0168,196,59,255,512,49.80%,5,246,251
"Justice, 14th Court of Appeals District, Place 9",0169,985,247,1232,2548,48.35%,39,1156,1195
"Justice, 14th Court of Appeals District, Place 9",0170,663,262,925,1958,47.24%,406,453,859
Office,Precinct,Early Ballots Cast,Election Ballots Cast,Total Ballots Cast,Registered Voters,Percent Turnout,REP Tracy Elizabeth Christopher,DEM Peter M. Kelly,Totals
"Justice, 14th Court of Appeals District, Place 9",0171,482,283,765,1648,46.42%,40,691,731
"Justice, 14th Court of Appeals District, Place 9",0172,245,103,348,661,52.65%,92,238,330
"Justice, 14th Court of Appeals District, Place 9",0173,2261,683,2944,3966,74.23%,2175,645,2820
"Justice, 14th Court of Appeals District, Place 9",0174,1717,707,2424,3389,71.53%,1609,677,2286
"Justice, 14th Court of Appeals District, Place 9",0175,1402,691,2093,2711,77.20%,1103,852,1955
"Justice, 14th Court of Appeals District, Place 9",0176,767,375,1142,1533,74.49%,594,466,1060
"Justice, 14th Court of Appeals District, Place 9",0177,938,333,1271,1715,74.11%,708,474,1182
"Justice, 14th Court of Appeals District, Place 9",0178,1116,273,1389,1795,77.38%,938,363,1301
"Justice, 14th Court of Appeals District, Place 9",0179,771,244,1015,1673,60.67%,474,479,953
"Justice, 14th Court of Appeals District, Place 9",0180,928,463,1391,2914,47.74%,63,1270,1333
"Justice, 14th Court of Appeals District, Place 9",0181,697,439,1136,2195,51.75%,257,814,1071
"Justice, 14th Court of Appeals District, Place 9",0182,1944,994,2938,4071,72.17%,1623,1107,2730
"Justice, 14th Court of Appeals District, Place 9",0183,1286,715,2001,2535,78.93%,1327,548,1875
"Justice, 14th Court of Appeals District, Place 9",0184,278,219,497,1048,47.42%,132,332,464
"Justice, 14th Court of Appeals District, Place 9",0185,709,444,1153,2054,56.13%,298,794,1092
"Justice, 14th Court of Appeals District, Place 9",0186,252,150,402,798,50.38%,32,355,387
"Justice, 14th Court of Appeals District, Place 9",0187,98,51,147,309,47.57%,23,111,134
"Justice, 14th Court of Appeals District, Place 9",0188,499,306,805,1711,47.05%,253,515,768
"Justice, 14th Court of Appeals District, Place 9",0189,804,279,1083,1505,71.96%,612,409,1021
"Justice, 14th Court of Appeals District, Place 9",0190,571,326,897,1849,48.51%,257,587,844
"Justice, 14th Court of Appeals District, Place 9",0191,327,259,586,1408,41.62%,174,382,556
"Justice, 14th Court of Appeals District, Place 9",0192,757,259,1016,1959,51.86%,71,902,973
"Justice, 14th Court of Appeals District, Place 9",0193,376,211,587,1099,53.41%,26,537,563
"Justice, 14th Court of Appeals District, Place 9",0194,1141,449,1590,2172,73.20%,472,1027,1499
"Justice, 14th Court of Appeals District, Place 9",0195,606,344,950,1739,54.63%,54,847,901
"Justice, 14th Court of Appeals District, Place 9",0196,132,37,169,313,53.99%,17,140,157
"Justice, 14th Court of Appeals District, Place 9",0197,998,372,1368,2969,46.08%,49,1276,1325
"Justice, 14th Court of Appeals District, Place 9",0198,161,82,243,619,39.26%,10,224,234
"Justice, 14th Court of Appeals District, Place 9",0199,1929,815,2744,4063,67.54%,2053,575,2628
"Justice, 14th Court of Appeals District, Place 9",0200,2308,377,2685,3692,72.72%,1261,1268,2529
"Justice, 14th Court of Appeals District, Place 9",0201,222,105,327,773,42.30%,14,306,320
"Justice, 14th Court of Appeals District, Place 9",0202,421,233,654,1410,46.38%,28,599,627
"Justice, 14th Court of Appeals District, Place 9",0203,298,111,409,988,41.40%,67,317,384
"Justice, 14th Court of Appeals District, Place 9",0204,2099,577,2676,3568,75.00%,1423,1070,2493
Office,Precinct,Early Ballots Cast,Election Ballots Cast,Total Ballots Cast,Registered Voters,Percent Turnout,REP Tracy Elizabeth Christopher,DEM Peter M. Kelly,Totals
"Justice, 14th Court of Appeals District, Place 9",0205,772,171,943,1724,54.70%,27,893,920
"Justice, 14th Court of Appeals District, Place 9",0206,1277,494,1771,2965,59.73%,548,1092,1640
"Justice, 14th Court of Appeals District, Place 9",0207,605,212,817,1166,70.07%,265,497,762
"Justice, 14th Court of Appeals District, Place 9",0208,909,338,1247,2256,55.27%,293,868,1161
"Justice, 14th Court of Appeals District, Place 9",0209,0,0,0,0,0.00%,0,0,0
"Justice, 14th Court of Appeals District, Place 9",0210,1261,489,1750,2781,62.93%,299,1382,1681
"Justice, 14th Court of Appeals District, Place 9",0211,964,595,1559,3130,49.81%,444,1012,1456
"Justice, 14th Court of Appeals District, Place 9",0212,309,323,632,1370,46.13%,103,488,591
"Justice, 14th Court of Appeals District, Place 9",0213,1782,795,2577,3406,75.66%,2054,422,2476
"Justice, 14th Court of Appeals District, Place 9",0214,1016,418,1434,1911,75.04%,858,474,1332
"Justice, 14th Court of Appeals District, Place 9",0215,1097,636,1733,2286,75.81%,1031,600,1631
"Justice, 14th Court of Appeals District, Place 9",0216,778,244,1022,1966,51.98%,67,913,980
"Justice, 14th Court of Appeals District, Place 9",0217,1545,618,2163,2736,79.06%,1454,611,2065
"Justice, 14th Court of Appeals District, Place 9",0218,1100,457,1557,2467,63.11%,415,1024,1439
"Justice, 14th Court of Appeals District, Place 9",0219,1118,515,1633,2868,56.94%,157,1390,1547
"Justice, 14th Court of Appeals District, Place 9",0220,833,306,1139,2362,48.22%,705,368,1073
"Justice, 14th Court of Appeals District, Place 9",0221,1032,473,1505,2598,57.93%,482,928,1410
"Justice, 14th Court of Appeals District, Place 9",0222,1460,671,2131,2728,78.12%,1083,909,1992
"Justice, 14th Court of Appeals District, Place 9",0223,1751,517,2268,3664,61.90%,613,1515,2128
"Justice, 14th Court of Appeals District, Place 9",0224,1155,495,1551,2313,71.81%,786,766,1552
"Justice, 14th Court of Appeals District, Place 9",0225,1353,596,1949,3689,52.83%,826,1046,1872
"Justice, 14th Court of Appeals District, Place 9",0226,840,421,1261,2554,49.37%,252,949,1201
"Justice, 14th Court of Appeals District, Place 9",0227,1071,359,1430,1810,79.01%,1111,256,1367
"Justice, 14th Court of Appeals District, Place 9",0228,625,159,784,1175,66.72%,52,717,769
"Justice, 14th Court of Appeals District, Place 9",0229,227,168,395,828,47.71%,107,261,368
"Justice, 14th Court of Appeals District, Place 9",0230,353,155,518,1094,47.35%,21,480,501
"Justice, 14th Court of Appeals District, Place 9",0231,801,445,1246,2376,52.44%,267,917,1184
"Justice, 14th Court of Appeals District, Place 9",0232,941,438,1379,1826,75.52%,783,507,1290
"Justice, 14th Court of Appeals District, Place 9",0233,2575,703,3278,4713,69.55%,1560,1509,3069
"Justice, 14th Court of Appeals District, Place 9",0234,2421,728,3149,4042,77.91%,2343,648,2991
"Justice, 14th Court of Appeals District, Place 9",0235,461,203,664,1421,46.73%,30,603,633
"Justice, 14th Court of Appeals District, Place 9",0236,555,308,964,2104,45.82%,49,890,939
"Justice, 14th Court of Appeals District, Place 9",0237,739,312,1051,2146,48.97%,30,993,1023
"Justice, 14th Court of Appeals District, Place 9",0238,606,317,923,1948,47.38%,39,840,879
Office,Precinct,Early Ballots Cast,Election Ballots Cast,Total Ballots Cast,Registered Voters,Percent Turnout,REP Tracy Elizabeth Christopher,DEM Peter M. Kelly,Totals
"Justice, 14th Court of Appeals District, Place 9",0239,694,334,1028,1984,51.81%,45,959,1004
"Justice, 14th Court of Appeals District, Place 9",0240,1007,292,1299,2601,49.94%,32,1232,1264
"Justice, 14th Court of Appeals District, Place 9",0241,651,383,1034,2466,41.93%,333,657,990
"Justice, 14th Court of Appeals District, Place 9",0242,506,314,820,1744,47.02%,364,404,768
"Justice, 14th Court of Appeals District, Place 9",0243,245,42,287,475,60.42%,7,277,284
"Justice, 14th Court of Appeals District, Place 9",0244,1410,538,1948,3296,59.10%,904,958,1862
"Justice, 14th Court of Appeals District, Place 9",0245,2100,811,2911,4679,62.21%,1807,962,2769
"Justice, 14th Court of Appeals District, Place 9",0246,2210,482,2692,3971,67.79%,1655,940,2595
"Justice, 14th Court of Appeals District, Place 9",0247,440,376,816,1595,51.16%,26,775,801
"Justice, 14th Court of Appeals District, Place 9",0248,453,347,800,2147,37.26%,182,574,756
"Justice, 14th Court of Appeals District, Place 9",0249,1126,365,1491,2825,52.78%,925,522,1447
"Justice, 14th Court of Appeals District, Place 9",0250,288,183,471,925,50.92%,20,442,462
"Justice, 14th Court of Appeals District, Place 9",0251,806,378,1184,2132,55.53%,61,1079,1140
"Justice, 14th Court of Appeals District, Place 9",0252,925,309,1235,2292,53.88%,30,1170,1200
"Justice, 14th Court of Appeals District, Place 9",0253,750,311,1071,2154,49.72%,32,1016,1048
"Justice, 14th Court of Appeals District, Place 9",0254,411,280,691,1675,41.25%,148,506,654
"Justice, 14th Court of Appeals District, Place 9",0255,1256,586,1842,2489,74.01%,836,879,1715
"Justice, 14th Court of Appeals District, Place 9",0256,1398,583,1981,3321,59.65%,670,1189,1859
"Justice, 14th Court of Appeals District, Place 9",0257,999,622,1621,3497,46.35%,368,1182,1550
"Justice, 14th Court of Appeals District, Place 9",0258,1948,608,2555,3346,76.39%,1849,577,2426
"Justice, 14th Court of Appeals District, Place 9",0259,1030,414,1444,2312,62.46%,42,1364,1406
"Justice, 14th Court of Appeals District, Place 9",0260,547,227,774,1300,59.54%,379,353,732
"Justice, 14th Court of Appeals District, Place 9",0261,442,531,973,1457,66.78%,261,651,912
"Justice, 14th Court of Appeals District, Place 9",0262,1847,676,2523,4397,57.38%,1358,1025,2383
"Justice, 14th Court of Appeals District, Place 9",0263,2208,665,2873,4016,71.54%,2016,736,2752
"Justice, 14th Court of Appeals District, Place 9",0264,1112,627,1739,3101,56.08%,872,767,1639
"Justice, 14th Court of Appeals District, Place 9",0265,1992,608,2600,3582,72.59%,1842,609,2451
"Justice, 14th Court of Appeals District, Place 9",0266,737,443,1180,2147,54.96%,431,689,1120
"Justice, 14th Court of Appeals District, Place 9",0267,421,293,714,1433,49.83%,259,413,672
"Justice, 14th Court of Appeals District, Place 9",0268,1175,689,1864,2528,73.73%,1089,645,1734
"Justice, 14th Court of Appeals District, Place 9",0269,1306,365,1671,2114,79.04%,1261,321,1582
"Justice, 14th Court of Appeals District, Place 9",0270,1816,688,2504,3985,62.84%,1240,1111,2351
"Justice, 14th Court of Appeals District, Place 9",0271,1150,346,1496,2558,58.48%,42,1420,1462
"Justice, 14th Court of Appeals District, Place 9",0272,871,415,1286,2334,55.10%,456,760,1216
Office,Precinct,Early Ballots Cast,Election Ballots Cast,Total Ballots Cast,Registered Voters,Percent Turnout,REP Tracy Elizabeth Christopher,DEM Peter M. Kelly,Totals
"Justice, 14th Court of Appeals District, Place 9",0273,1175,647,1822,2485,73.32%,1440,318,1758
"Justice, 14th Court of Appeals District, Place 9",0274,1263,311,1574,2223,70.81%,1002,472,1474
"Justice, 14th Court of Appeals District, Place 9",0275,585,334,919,2059,44.63%,153,728,881
"Justice, 14th Court of Appeals District, Place 9",0276,1027,255,1282,2458,52.16%,26,1227,1253
"Justice, 14th Court of Appeals District, Place 9",0277,573,338,911,1898,48.00%,315,558,873
"Justice, 14th Court of Appeals District, Place 9",0278,1059,469,1528,2602,58.72%,644,796,1440
"Justice, 14th Court of Appeals District, Place 9",0279,789,314,1103,2073,53.21%,614,439,1053
"Justice, 14th Court of Appeals District, Place 9",0280,444,362,806,1656,48.67%,225,533,758
"Justice, 14th Court of Appeals District, Place 9",0281,1287,590,1877,2507,74.87%,941,779,1720
"Justice, 14th Court of Appeals District, Place 9",0282,774,604,1378,2144,64.27%,778,537,1315
"Justice, 14th Court of Appeals District, Place 9",0283,2352,1143,3495,6365,54.91%,511,2861,3372
"Justice, 14th Court of Appeals District, Place 9",0284,1585,574,2159,4079,52.93%,714,1333,2047
"Justice, 14th Court of Appeals District, Place 9",0285,1078,431,1509,2680,56.31%,132,1325,1457
"Justice, 14th Court of Appeals District, Place 9",0286,1712,545,2257,3757,60.07%,196,1987,2183
"Justice, 14th Court of Appeals District, Place 9",0287,851,408,1259,1658,75.93%,623,563,1186
"Justice, 14th Court of Appeals District, Place 9",0288,883,314,1197,2208,54.21%,29,1133,1162
"Justice, 14th Court of Appeals District, Place 9",0289,481,352,833,1584,52.59%,296,478,774
"Justice, 14th Court of Appeals District, Place 9",0290,705,332,1037,1623,63.89%,751,256,1007
"Justice, 14th Court of Appeals District, Place 9",0291,604,233,837,1218,68.72%,365,421,786
"Justice, 14th Court of Appeals District, Place 9",0292,549,178,727,1379,52.72%,88,609,697
"Justice, 14th Court of Appeals District, Place 9",0293,778,475,1253,1811,69.19%,539,633,1172
"Justice, 14th Court of Appeals District, Place 9",0294,852,198,1050,2054,51.12%,21,1014,1035
"Justice, 14th Court of Appeals District, Place 9",0295,270,111,381,894,42.62%,10,361,371
"Justice, 14th Court of Appeals District, Place 9",0296,701,385,1086,1705,63.70%,545,463,1008
"Justice, 14th Court of Appeals District, Place 9",0297,730,341,1071,2055,52.12%,375,645,1020
"Justice, 14th Court of Appeals District, Place 9",0298,1095,387,1482,2236,66.28%,743,673,1416
"Justice, 14th Court of Appeals District, Place 9",0299,499,236,735,1506,48.80%,227,460,687
"Justice, 14th Court of Appeals District, Place 9",0300,3385,728,4113,5480,75.05%,3089,867,3956
"Justice, 14th Court of Appeals District, Place 9",0301,737,392,1129,2337,48.31%,385,686,1071
"Justice, 14th Court of Appeals District, Place 9",0302,1199,591,1790,3277,54.62%,900,811,1711
"Justice, 14th Court of Appeals District, Place 9",0303,1896,692,2588,3375,76.68%,1997,485,2482
"Justice, 14th Court of Appeals District, Place 9",0304,1190,474,1664,2326,71.54%,946,609,1555
"Justice, 14th Court of Appeals District, Place 9",0305,2154,545,2799,4838,57.85%,895,1784,2679
"Justice, 14th Court of Appeals District, Place 9",0306,1096,299,1395,1896,73.58%,984,328,1312
Office,Precinct,Early Ballots Cast,Election Ballots Cast,Total Ballots Cast,Registered Voters,Percent Turnout,REP Tracy Elizabeth Christopher,DEM Peter M. Kelly,Totals
"Justice, 14th Court of Appeals District, Place 9",0307,1456,801,2257,3270,69.02%,1482,642,2124
"Justice, 14th Court of Appeals District, Place 9",0308,526,225,751,1457,51.54%,182,519,701
"Justice, 14th Court of Appeals District, Place 9",0309,2160,591,2751,3495,78.71%,2137,497,2634
"Justice, 14th Court of Appeals District, Place 9",0310,709,326,1035,1464,70.70%,625,339,964
"Justice, 14th Court of Appeals District, Place 9",0311,932,643,1575,3222,48.88%,712,744,1456
"Justice, 14th Court of Appeals District, Place 9",0312,1709,552,2261,3724,60.71%,1169,976,2145
"Justice, 14th Court of Appeals District, Place 9",0313,23,8,31,61,50.82%,17,7,24
"Justice, 14th Court of Appeals District, Place 9",0314,2998,817,3815,5606,68.05%,2158,1518,3676
"Justice, 14th Court of Appeals District, Place 9",0315,802,353,1155,1636,70.60%,654,424,1078
"Justice, 14th Court of Appeals District, Place 9",0316,741,340,1081,1513,71.45%,600,405,1005
"Justice, 14th Court of Appeals District, Place 9",0317,593,252,845,1661,50.87%,224,576,800
"Justice, 14th Court of Appeals District, Place 9",0318,1728,529,2257,3776,59.77%,138,2045,2183
"Justice, 14th Court of Appeals District, Place 9",0319,995,271,1266,2199,57.57%,77,1148,1225
"Justice, 14th Court of Appeals District, Place 9",0320,554,238,792,1570,50.45%,282,465,747
"Justice, 14th Court of Appeals District, Place 9",0321,867,363,1230,2483,49.54%,343,795,1138
"Justice, 14th Court of Appeals District, Place 9",0322,426,124,550,1210,45.45%,158,375,533
"Justice, 14th Court of Appeals District, Place 9",0323,700,296,996,1793,55.55%,383,568,951
"Justice, 14th Court of Appeals District, Place 9",0324,1445,560,2005,2607,76.91%,1241,643,1884
"Justice, 14th Court of Appeals District, Place 9",0325,802,257,1059,2176,48.67%,191,806,997
"Justice, 14th Court of Appeals District, Place 9",0326,271,129,400,736,54.35%,146,224,370
"Justice, 14th Court of Appeals District, Place 9",0327,739,141,880,1758,50.06%,26,821,847
"Justice, 14th Court of Appeals District, Place 9",0328,425,286,711,1631,43.59%,208,462,670
"Justice, 14th Court of Appeals District, Place 9",0329,590,260,850,1621,52.44%,260,545,805
"Justice, 14th Court of Appeals District, Place 9",0330,864,326,1190,2146,55.45%,524,598,1122
"Justice, 14th Court of Appeals District, Place 9",0331,885,234,1119,1612,69.42%,688,373,1061
"Justice, 14th Court of Appeals District, Place 9",0332,1358,503,1861,2926,63.60%,198,1586,1784
"Justice, 14th Court of Appeals District, Place 9",0333,1387,942,2329,3296,70.66%,1632,586,2218
"Justice, 14th Court of Appeals District, Place 9",0334,246,104,350,786,44.53%,57,278,335
"Justice, 14th Court of Appeals District, Place 9",0335,489,293,782,1679,46.58%,189,536,725
"Justice, 14th Court of Appeals District, Place 9",0336,2490,689,3179,4771,66.63%,330,2755,3085
"Justice, 14th Court of Appeals District, Place 9",0337,369,155,524,1108,47.29%,80,412,492
"Justice, 14th Court of Appeals District, Place 9",0338,1627,632,2259,5001,45.17%,573,1570,2143
"Justice, 14th Court of Appeals District, Place 9",0339,704,303,1007,1909,52.75%,203,737,940
"Justice, 14th Court of Appeals District, Place 9",0340,2041,654,2695,4012,67.17%,1880,681,2561
Office,Precinct,Early Ballots Cast,Election Ballots Cast,Total Ballots Cast,Registered Voters,Percent Turnout,REP Tracy Elizabeth Christopher,DEM Peter M. Kelly,Totals
"Justice, 14th Court of Appeals District, Place 9",0341,380,278,658,1372,47.96%,160,457,617
"Justice, 14th Court of Appeals District, Place 9",0342,311,225,536,1092,49.08%,114,391,505
"Justice, 14th Court of Appeals District, Place 9",0343,722,370,1092,2099,52.02%,213,805,1018
"Justice, 14th Court of Appeals District, Place 9",0344,381,207,588,1225,48.00%,26,531,557
"Justice, 14th Court of Appeals District, Place 9",0345,576,349,925,1945,47.56%,188,678,866
"Justice, 14th Court of Appeals District, Place 9",0346,1,0,1,1,100.00%,0,0,0
"Justice, 14th Court of Appeals District, Place 9",0347,1462,618,2080,3614,57.55%,1193,798,1991
"Justice, 14th Court of Appeals District, Place 9",0348,831,242,1073,1796,59.74%,714,311,1025
"Justice, 14th Court of Appeals District, Place 9",0349,459,369,828,1372,60.35%,488,311,799
"Justice, 14th Court of Appeals District, Place 9",0350,1678,582,2260,3269,69.13%,848,1242,2090
"Justice, 14th Court of Appeals District, Place 9",0351,2856,570,3426,4799,71.39%,2568,723,3291
"Justice, 14th Court of Appeals District, Place 9",0352,2024,538,2562,4278,59.89%,1758,707,2465
"Justice, 14th Court of Appeals District, Place 9",0353,1715,659,2374,4156,57.12%,415,1865,2280
"Justice, 14th Court of Appeals District, Place 9",0354,1569,429,1998,3520,56.76%,448,1454,1902
"Justice, 14th Court of Appeals District, Place 9",0355,821,239,1060,1714,61.84%,114,914,1028
"Justice, 14th Court of Appeals District, Place 9",0356,1543,582,2125,3126,67.98%,1184,833,2017
"Justice, 14th Court of Appeals District, Place 9",0357,1886,557,2443,3685,66.30%,1747,594,2341
"Justice, 14th Court of Appeals District, Place 9",0358,775,376,1151,2634,43.70%,125,984,1109
"Justice, 14th Court of Appeals District, Place 9",0359,804,496,1300,3320,39.16%,144,1115,1259
"Justice, 14th Court of Appeals District, Place 9",0360,1859,597,2456,3309,74.22%,1180,1111,2291
"Justice, 14th Court of Appeals District, Place 9",0361,323,688,1011,1808,55.92%,157,756,913
"Justice, 14th Court of Appeals District, Place 9",0362,2865,553,3418,5161,66.23%,2376,902,3278
"Justice, 14th Court of Appeals District, Place 9",0363,1826,635,2461,4160,59.16%,981,1401,2382
"Justice, 14th Court of Appeals District, Place 9",0364,1190,528,1718,2827,60.77%,779,832,1611
"Justice, 14th Court of Appeals District, Place 9",0365,827,174,1001,1348,74.26%,119,850,969
"Justice, 14th Court of Appeals District, Place 9",0366,988,524,1512,2887,52.37%,324,1120,1444
"Justice, 14th Court of Appeals District, Place 9",0367,453,204,657,1256,52.31%,150,472,622
"Justice, 14th Court of Appeals District, Place 9",0368,433,122,555,1024,54.20%,149,386,535
"Justice, 14th Court of Appeals District, Place 9",0369,135,29,164,678,24.19%,59,89,148
"Justice, 14th Court of Appeals District, Place 9",0370,2525,627,3152,4531,69.57%,2233,788,3021
"Justice, 14th Court of Appeals District, Place 9",0371,210,78,288,537,53.63%,12,270,282
"Justice, 14th Court of Appeals District, Place 9",0372,510,180,690,1274,54.16%,84,582,666
"Justice, 14th Court of Appeals District, Place 9",0373,61,13,74,163,45.40%,0,71,71
"Justice, 14th Court of Appeals District, Place 9",0374,176,165,341,720,47.36%,83,243,326
Office,Precinct,Early Ballots Cast,Election Ballots Cast,Total Ballots Cast,Registered Voters,Percent Turnout,REP Tracy Elizabeth Christopher,DEM Peter M. Kelly,Totals
"Justice, 14th Court of Appeals District, Place 9",0375,745,510,1255,2836,44.25%,424,755,1179
"Justice, 14th Court of Appeals District, Place 9",0376,753,344,1097,2060,53.25%,403,632,1035
"Justice, 14th Court of Appeals District, Place 9",0377,1381,643,2024,3137,64.52%,1509,419,1928
"Justice, 14th Court of Appeals District, Place 9",0378,621,447,1068,1856,57.54%,649,375,1024
"Justice, 14th Court of Appeals District, Place 9",0379,857,388,1245,2149,57.93%,118,1090,1208
"Justice, 14th Court of Appeals District, Place 9",0380,2734,551,3285,4380,75.00%,1726,1434,3160
"Justice, 14th Court of Appeals District, Place 9",0381,1185,432,1517,3141,51.48%,611,926,1537
"Justice, 14th Court of Appeals District, Place 9",0382,429,206,635,1035,61.35%,384,225,609
"Justice, 14th Court of Appeals District, Place 9",0383,722,458,1180,2373,49.73%,357,763,1120
"Justice, 14th Court of Appeals District, Place 9",0384,1153,444,1597,2725,58.61%,355,1169,1524
"Justice, 14th Court of Appeals District, Place 9",0385,1141,561,1702,2207,77.12%,1311,310,1621
"Justice, 14th Court of Appeals District, Place 9",0386,1658,419,2077,3105,66.89%,1459,549,2008
"Justice, 14th Court of Appeals District, Place 9",0387,1704,780,2484,4340,57.24%,1640,735,2375
"Justice, 14th Court of Appeals District, Place 9",0388,2899,711,3510,5413,66.69%,1713,1758,3471
"Justice, 14th Court of Appeals District, Place 9",0389,397,293,690,1359,50.77%,105,547,652
"Justice, 14th Court of Appeals District, Place 9",0390,701,271,972,1482,65.59%,143,796,939
"Justice, 14th Court of Appeals District, Place 9",0391,990,336,1326,1978,67.04%,772,497,1269
"Justice, 14th Court of Appeals District, Place 9",0392,653,145,798,1426,55.96%,16,758,774
"Justice, 14th Court of Appeals District, Place 9",0393,427,257,684,1274,53.69%,311,335,646
"Justice, 14th Court of Appeals District, Place 9",0394,236,126,362,914,39.61%,122,220,342
"Justice, 14th Court of Appeals District, Place 9",0395,1007,371,1378,1875,73.49%,927,382,1309
"Justice, 14th Court of Appeals District, Place 9",0396,1035,204,1239,2072,59.80%,32,1167,1199
"Justice, 14th Court of Appeals District, Place 9",0397,204,117,321,796,40.33%,113,189,302
"Justice, 14th Court of Appeals District, Place 9",0398,1761,654,2415,4200,57.50%,1081,1221,2302
"Justice, 14th Court of Appeals District, Place 9",0399,1293,546,1839,3340,55.06%,698,1078,1776
"Justice, 14th Court of Appeals District, Place 9",0400,1457,372,1839,2661,69.11%,1188,584,1772
"Justice, 14th Court of Appeals District, Place 9",0401,703,257,960,1971,48.71%,49,866,915
"Justice, 14th Court of Appeals District, Place 9",0402,898,262,1160,1911,60.70%,69,1057,1126
"Justice, 14th Court of Appeals District, Place 9",0403,959,387,1346,1719,78.30%,743,504,1247
"Justice, 14th Court of Appeals District, Place 9",0404,1034,445,1479,2717,54.44%,702,724,1426
"Justice, 14th Court of Appeals District, Place 9",0405,1910,457,2367,3067,77.18%,1773,530,2303
"Justice, 14th Court of Appeals District, Place 9",0406,275,65,340,649,52.39%,9,317,326
"Justice, 14th Court of Appeals District, Place 9",0407,1703,860,2563,3969,64.58%,1523,900,2423
"Justice, 14th Court of Appeals District, Place 9",0408,521,313,834,1740,47.93%,258,524,782
Office,Precinct,Early Ballots Cast,Election Ballots Cast,Total Ballots Cast,Registered Voters,Percent Turnout,REP Tracy Elizabeth Christopher,DEM Peter M. Kelly,Totals
"Justice, 14th Court of Appeals District, Place 9",0409,501,280,781,1608,48.57%,235,499,734
"Justice, 14th Court of Appeals District, Place 9",0410,381,96,477,934,51.07%,84,372,456
"Justice, 14th Court of Appeals District, Place 9",0411,699,418,1117,2426,46.04%,269,786,1055
"Justice, 14th Court of Appeals District, Place 9",0412,156,80,236,478,49.37%,14,213,227
"Justice, 14th Court of Appeals District, Place 9",0413,1547,456,2003,3081,65.01%,734,1166,1900
"Justice, 14th Court of Appeals District, Place 9",0414,1576,514,2090,3586,58.28%,1493,513,2006
"Justice, 14th Court of Appeals District, Place 9",0415,1076,573,1649,2284,72.20%,1118,452,1570
"Justice, 14th Court of Appeals District, Place 9",0416,1444,845,2289,4009,57.10%,1119,1051,2170
"Justice, 14th Court of Appeals District, Place 9",0417,1104,397,1501,2589,57.98%,626,804,1430
"Justice, 14th Court of Appeals District, Place 9",0418,1336,663,1999,3940,50.74%,652,1227,1879
"Justice, 14th Court of Appeals District, Place 9",0419,1166,477,1643,2702,60.81%,937,632,1569
"Justice, 14th Court of Appeals District, Place 9",0420,2688,731,3419,4946,69.13%,2750,539,3289
"Justice, 14th Court of Appeals District, Place 9",0421,1241,273,1514,2023,74.84%,718,744,1462
"Justice, 14th Court of Appeals District, Place 9",0422,1357,401,1768,3348,52.81%,64,1652,1716
"Justice, 14th Court of Appeals District, Place 9",0423,316,288,604,1423,42.45%,126,451,577
"Justice, 14th Court of Appeals District, Place 9",0424,548,158,706,1079,65.43%,385,286,671
"Justice, 14th Court of Appeals District, Place 9",0425,257,139,396,878,45.10%,115,261,376
"Justice, 14th Court of Appeals District, Place 9",0426,486,228,714,1266,56.40%,359,315,674
"Justice, 14th Court of Appeals District, Place 9",0427,437,155,592,1120,52.86%,190,362,552
"Justice, 14th Court of Appeals District, Place 9",0428,1588,865,2553,5151,49.56%,634,1774,2408
"Justice, 14th Court of Appeals District, Place 9",0429,948,649,1597,3311,48.23%,327,1191,1518
"Justice, 14th Court of Appeals District, Place 9",0430,525,291,816,1794,45.48%,132,627,759
"Justice, 14th Court of Appeals District, Place 9",0431,1219,604,1823,3860,47.23%,383,1348,1731
"Justice, 14th Court of Appeals District, Place 9",0432,457,249,706,1568,45.03%,216,442,658
"Justice, 14th Court of Appeals District, Place 9",0433,163,88,251,561,44.74%,55,181,236
"Justice, 14th Court of Appeals District, Place 9",0434,832,293,1125,1557,72.25%,642,409,1051
"Justice, 14th Court of Appeals District, Place 9",0435,1952,567,2519,3363,74.90%,1598,783,2381
"Justice, 14th Court of Appeals District, Place 9",0436,2011,678,2689,3809,70.60%,1499,1031,2530
"Justice, 14th Court of Appeals District, Place 9",0437,1148,425,1573,2094,75.12%,1061,442,1503
"Justice, 14th Court of Appeals District, Place 9",0438,2289,475,2764,3789,72.95%,1937,684,2621
"Justice, 14th Court of Appeals District, Place 9",0439,1854,749,2603,3701,70.33%,1757,711,2468
"Justice, 14th Court of Appeals District, Place 9",0440,1498,749,2247,2973,75.58%,1735,410,2145
"Justice, 14th Court of Appeals District, Place 9",0441,824,408,1232,1695,72.68%,860,308,1168
"Justice, 14th Court of Appeals District, Place 9",0442,2441,685,3126,4315,72.44%,2518,471,2989
Office,Precinct,Early Ballots Cast,Election Ballots Cast,Total Ballots Cast,Registered Voters,Percent Turnout,REP Tracy Elizabeth Christopher,DEM Peter M. Kelly,Totals
"Justice, 14th Court of Appeals District, Place 9",0443,415,83,498,642,77.57%,366,107,473
"Justice, 14th Court of Appeals District, Place 9",0444,1521,679,2300,3625,63.45%,1238,912,2150
"Justice, 14th Court of Appeals District, Place 9",0445,1035,382,1418,2134,66.45%,851,498,1349
"Justice, 14th Court of Appeals District, Place 9",0446,59,45,134,309,43.37%,47,82,129
"Justice, 14th Court of Appeals District, Place 9",0447,2413,464,2877,3727,77.19%,1891,865,2756
"Justice, 14th Court of Appeals District, Place 9",0448,1753,529,2292,3155,72.65%,1274,848,2122
"Justice, 14th Court of Appeals District, Place 9",0449,73,26,99,225,44.00%,11,86,97
"Justice, 14th Court of Appeals District, Place 9",0450,1105,394,1499,2890,51.87%,387,1052,1439
"Justice, 14th Court of Appeals District, Place 9",0451,1719,367,2086,2771,75.28%,1662,351,2013
"Justice, 14th Court of Appeals District, Place 9",0452,1574,662,2536,3789,66.93%,1674,757,2431
"Justice, 14th Court of Appeals District, Place 9",0453,551,417,1078,2039,52.87%,287,730,1017
"Justice, 14th Court of Appeals District, Place 9",0454,1043,288,1331,2509,53.05%,25,1260,1285
"Justice, 14th Court of Appeals District, Place 9",0455,559,173,842,1713,49.15%,33,777,810
"Justice, 14th Court of Appeals District, Place 9",0455,1405,553,1958,3793,51.62%,1031,833,1864
"Justice, 14th Court of Appeals District, Place 9",0457,0,0,0,0,0.00%,0,0,0
"Justice, 14th Court of Appeals District, Place 9",0458,917,253,1170,2025,57.78%,80,1043,1123
"Justice, 14th Court of Appeals District, Place 9",0459,2352,432,2794,3942,70.88%,2121,566,2687
"Justice, 14th Court of Appeals District, Place 9",0460,1513,472,2085,3280,63.57%,513,1501,2014
"Justice, 14th Court of Appeals District, Place 9",0461,2243,669,2912,4054,71.83%,1805,917,2722
"Justice, 14th Court of Appeals District, Place 9",0452,1475,735,2214,3507,63.13%,752,1370,2122
"Justice, 14th Court of Appeals District, Place 9",0463,1573,564,2237,3773,59.29%,855,1313,2158
"Justice, 14th Court of Appeals District, Place 9",0464,957,582,1549,2343,66.11%,945,520,1465
"Justice, 14th Court of Appeals District, Place 9",0465,1525,594,2222,3778,58.81%,1004,1120,2124
"Justice, 14th Court of Appeals District, Place 9",0466,2274,509,2783,4327,64.32%,1410,1274,2684
"Justice, 14th Court of Appeals District, Place 9",0467,502,225,727,1320,55.08%,157,533,690
"Justice, 14th Court of Appeals District, Place 9",0458,1380,747,2127,4040,52.65%,520,1507,2027
"Justice, 14th Court of Appeals District, Place 9",0469,1858,462,2330,3257,71.54%,1779,451,2230
"Justice, 14th Court of Appeals District, Place 9",0470,555,232,787,1358,57.95%,567,185,752
"Justice, 14th Court of Appeals District, Place 9",0471,1057,458,1515,2473,61.26%,1122,335,1457
"Justice, 14th Court of Appeals District, Place 9",0472,453,339,802,1131,70.91%,354,396,750
"Justice, 14th Court of Appeals District, Place 9",0473,944,390,1334,1787,74.65%,914,358,1272
"Justice, 14th Court of Appeals District, Place 9",0474,1420,624,2044,3127,65.37%,1312,652,1964
"Justice, 14th Court of Appeals District, Place 9",0475,791,251,1052,1936,54.34%,410,587,997
"Justice, 14th Court of Appeals District, Place 9",0476,1075,405,1483,2458,60.33%,751,663,1414
Office,Precinct,Early Ballots Cast,Election Ballots Cast,Total Ballots Cast,Registered Voters,Percent Turnout,REP Tracy Elizabeth Christopher,DEM Peter M. Kelly,Totals
"Justice, 14th Court of Appeals District, Place 9",0477,2028,640,2668,4010,66.53%,1814,733,2547
"Justice, 14th Court of Appeals District, Place 9",0478,2272,683,2955,4696,62.93%,1849,978,2827
"Justice, 14th Court of Appeals District, Place 9",0479,1978,755,2733,3851,70.97%,1972,661,2633
"Justice, 14th Court of Appeals District, Place 9",0480,1445,538,1984,2978,66.62%,1344,570,1914
"Justice, 14th Court of Appeals District, Place 9",0481,1757,667,2424,3609,67.17%,1724,573,2297
"Justice, 14th Court of Appeals District, Place 9",0482,2259,618,2877,4405,65.31%,1913,859,2772
"Justice, 14th Court of Appeals District, Place 9",0483,2310,538,2848,4495,63.36%,1455,1242,2697
"Justice, 14th Court of Appeals District, Place 9",0484,2020,700,2720,3981,68.32%,1690,923,2613
"Justice, 14th Court of Appeals District, Place 9",0485,2121,567,2688,4051,66.35%,1895,701,2596
"Justice, 14th Court of Appeals District, Place 9",0486,2310,721,3031,4195,72.25%,2294,612,2906
"Justice, 14th Court of Appeals District, Place 9",0487,1406,527,1933,4142,46.67%,465,1307,1772
"Justice, 14th Court of Appeals District, Place 9",0488,842,511,1353,2382,56.80%,379,905,1284
"Justice, 14th Court of Appeals District, Place 9",0489,865,344,1209,1958,61.75%,340,810,1150
"Justice, 14th Court of Appeals District, Place 9",0490,981,346,1327,2105,63.04%,423,835,1258
"Justice, 14th Court of Appeals District, Place 9",0491,942,488,1430,2110,67.77%,759,587,1346
"Justice, 14th Court of Appeals District, Place 9",0492,1220,396,1616,2552,63.32%,831,717,1548
"Justice, 14th Court of Appeals District, Place 9",0493,1404,555,1959,3338,58.69%,709,1135,1844
"Justice, 14th Court of Appeals District, Place 9",0494,1079,419,1498,2787,53.75%,192,1252,1444
"Justice, 14th Court of Appeals District, Place 9",0495,1414,376,1790,2488,71.95%,1197,502,1699
"Justice, 14th Court of Appeals District, Place 9",0496,687,549,1236,2325,53.16%,415,759,1174
"Justice, 14th Court of Appeals District, Place 9",0497,915,281,1197,2148,55.73%,51,1106,1157
"Justice, 14th Court of Appeals District, Place 9",0498,1069,423,1492,2527,59.04%,515,905,1420
"Justice, 14th Court of Appeals District, Place 9",0499,1433,397,1830,2336,78.34%,1308,447,1755
"Justice, 14th Court of Appeals District, Place 9",0500,1870,651,2521,3698,68.17%,1547,870,2417
"Justice, 14th Court of Appeals District, Place 9",0501,1147,406,1553,2016,77.03%,684,775,1459
"Justice, 14th Court of Appeals District, Place 9",0502,1355,293,1559,2595,63.93%,1250,331,1581
"Justice, 14th Court of Appeals District, Place 9",0503,1397,306,1703,2236,76.16%,1248,375,1623
"Justice, 14th Court of Appeals District, Place 9",0504,1270,482,1752,2318,75.58%,1120,545,1665
"Justice, 14th Court of Appeals District, Place 9",0505,1751,735,2486,4076,60.99%,1075,1253,2328
"Justice, 14th Court of Appeals District, Place 9",0506,1513,696,2209,3544,62.33%,336,1792,2128
"Justice, 14th Court of Appeals District, Place 9",0507,599,319,918,2562,35.83%,209,610,819
"Justice, 14th Court of Appeals District, Place 9",0508,1519,828,2347,4767,49.23%,648,1527,2175
"Justice, 14th Court of Appeals District, Place 9",0509,2504,559,3173,5153,61.58%,1959,1088,3047
"Justice, 14th Court of Appeals District, Place 9",0510,1703,666,2369,3822,61.98%,1001,1282,2283
Office,Precinct,Early Ballots Cast,Election Ballots Cast,Total Ballots Cast,Registered Voters,Percent Turnout,REP Tracy Elizabeth Christopher,DEM Peter M. Kelly,Totals
"Justice, 14th Court of Appeals District, Place 9",0511,2935,574,3509,4620,75.95%,2110,1275,3385
"Justice, 14th Court of Appeals District, Place 9",0512,1668,871,2539,4559,55.69%,971,1456,2427
"Justice, 14th Court of Appeals District, Place 9",0513,1756,413,2169,3003,72.23%,1548,535,2083
"Justice, 14th Court of Appeals District, Place 9",0514,2288,613,2899,4378,66.22%,1967,808,2775
"Justice, 14th Court of Appeals District, Place 9",0515,1836,468,2304,3182,72.41%,1808,413,2221
"Justice, 14th Court of Appeals District, Place 9",0516,1316,363,1679,2799,59.99%,809,804,1613
"Justice, 14th Court of Appeals District, Place 9",0517,1612,509,2121,3744,56.65%,918,1106,2024
"Justice, 14th Court of Appeals District, Place 9",0518,1886,676,2562,4049,63.27%,1465,977,2442
"Justice, 14th Court of Appeals District, Place 9",0519,1421,518,1939,3098,62.59%,1315,546,1861
"Justice, 14th Court of Appeals District, Place 9",0520,1790,670,2460,5202,47.29%,391,2000,2391
"Justice, 14th Court of Appeals District, Place 9",0521,1350,578,1928,3070,62.80%,902,950,1852
"Justice, 14th Court of Appeals District, Place 9",0522,1508,464,1972,2815,70.05%,1446,469,1915
"Justice, 14th Court of Appeals District, Place 9",0523,1978,537,2515,4027,62.45%,1525,854,2379
"Justice, 14th Court of Appeals District, Place 9",0524,1395,637,2032,3598,56.48%,547,1394,1941
"Justice, 14th Court of Appeals District, Place 9",0525,1442,574,2016,3260,61.84%,427,1494,1921
"Justice, 14th Court of Appeals District, Place 9",0526,235,157,392,820,47.80%,87,283,370
"Justice, 14th Court of Appeals District, Place 9",0527,156,38,194,580,33.45%,75,107,182
"Justice, 14th Court of Appeals District, Place 9",0528,17,8,25,78,32.05%,2,22,24
"Justice, 14th Court of Appeals District, Place 9",0529,2107,434,2541,3842,66.14%,2078,355,2433
"Justice, 14th Court of Appeals District, Place 9",0530,376,212,588,1236,47.57%,115,425,540
"Justice, 14th Court of Appeals District, Place 9",0531,1235,166,1401,2250,62.27%,1008,317,1325
"Justice, 14th Court of Appeals District, Place 9",0532,478,140,618,1058,58.41,%,415,190,605
"Justice, 14th Court of Appeals District, Place 9",0533,353,169,522,1164,44.85%,253,238,491
"Justice, 14th Court of Appeals District, Place 9",0534,1896,577,2473,3918,63.12%,1695,662,2357
"Justice, 14th Court of Appeals District, Place 9",0535,132,62,194,413,46.97%,60,120,180
"Justice, 14th Court of Appeals District, Place 9",0536,2104,1053,3157,5637,56.00%,1027,1944,2971
"Justice, 14th Court of Appeals District, Place 9",0537,1959,464,2423,3174,76.34%,1712,617,2329
"Justice, 14th Court of Appeals District, Place 9",0538,371,203,574,1332,43.09%,18,542,560
"Justice, 14th Court of Appeals District, Place 9",0539,811,234,1045,1535,68.08%,555,434,989
"Justice, 14th Court of Appeals District, Place 9",0540,1001,349,1350,1759,76.75%,512,741,1253
"Justice, 14th Court of Appeals District, Place 9",0541,2160,761,2921,5001,58.41%,481,2320,2801
"Justice, 14th Court of Appeals District, Place 9",0542,1156,406,1562,2654,58.85%,107,1397,1504
"Justice, 14th Court of Appeals District, Place 9",0543,553,321,874,1658,52.71%,210,616,826
"Justice, 14th Court of Appeals District, Place 9",0544,84,54,138,313,44.09%,14,119,133
Office,Precinct,Early Ballots Cast,Election Ballots Cast,Total Ballots Cast,Registered Voters,Percent Turnout,REP Tracy Elizabeth Christopher,DEM Peter M. Kelly,Totals
"Justice, 14th Court of Appeals District, Place 9",0545,2019,468,2487,3949,62.98%,1082,1271,2353
"Justice, 14th Court of Appeals District, Place 9",0546,1524,278,1802,2471,72.93%,1518,233,1751
"Justice, 14th Court of Appeals District, Place 9",0547,1414,270,1684,2534,66.46%,1090,518,1608
"Justice, 14th Court of Appeals District, Place 9",0548,882,395,1277,2339,54.60%,561,677,1238
"Justice, 14th Court of Appeals District, Place 9",0549,1106,447,1553,2786,55.74%,199,1310,1509
"Justice, 14th Court of Appeals District, Place 9",0550,1171,553,1724,3245,53.13%,724,944,1668
"Justice, 14th Court of Appeals District, Place 9",0551,2586,793,3379,4428,76.31%,2508,736,3244
"Justice, 14th Court of Appeals District, Place 9",0552,2090,784,2874,3762,76.40%,2269,501,2770
"Justice, 14th Court of Appeals District, Place 9",0553,962,317,1279,2193,58.32%,489,749,1238
"Justice, 14th Court of Appeals District, Place 9",0554,597,271,868,1774,48.93%,170,657,827
"Justice, 14th Court of Appeals District, Place 9",0555,642,390,1032,2286,45.14%,184,802,986
"Justice, 14th Court of Appeals District, Place 9",0556,760,435,1195,2491,47.97%,243,900,1143
"Justice, 14th Court of Appeals District, Place 9",0557,925,460,1385,2955,46.87%,391,882,1273
"Justice, 14th Court of Appeals District, Place 9",0558,1815,721,2536,4718,53.75%,748,1690,2438
"Justice, 14th Court of Appeals District, Place 9",0559,1909,701,2610,4984,52.37%,589,1906,2495
"Justice, 14th Court of Appeals District, Place 9",0560,290,247,537,1141,47.06%,97,408,505
"Justice, 14th Court of Appeals District, Place 9",0561,1024,624,1648,3138,52.52%,948,616,1564
"Justice, 14th Court of Appeals District, Place 9",0562,222,116,338,691,48.91%,42,265,307
"Justice, 14th Court of Appeals District, Place 9",0563,2072,337,2409,3468,69.46%,1828,487,2315
"Justice, 14th Court of Appeals District, Place 9",0564,1552,526,2078,3240,64.14%,570,1395,1965
"Justice, 14th Court of Appeals District, Place 9",0565,336,148,484,1414,34.23%,81,382,463
"Justice, 14th Court of Appeals District, Place 9",0566,1185,441,1626,3029,53.68%,408,1149,1557
"Justice, 14th Court of Appeals District, Place 9",0567,966,390,1356,2851,47.56%,344,920,1264
"Justice, 14th Court of Appeals District, Place 9",0568,1836,697,2533,3638,69.63%,1603,775,2378
"Justice, 14th Court of Appeals District, Place 9",0569,2031,747,2778,4125,67.35%,1332,1277,2609
"Justice, 14th Court of Appeals District, Place 9",0570,769,278,1047,1598,65.52%,378,596,974
"Justice, 14th Court of Appeals District, Place 9",0571,521,314,835,1950,42.82%,244,547,791
"Justice, 14th Court of Appeals District, Place 9",0572,1523,444,1967,3308,59.46%,852,1022,1874
"Justice, 14th Court of Appeals District, Place 9",0573,489,215,704,1625,43.32%,22,670,692
"Justice, 14th Court of Appeals District, Place 9",0574,112,74,186,391,47.57%,25,152,177
"Justice, 14th Court of Appeals District, Place 9",0575,1905,535,2440,3557,68.60%,1328,998,2326
"Justice, 14th Court of Appeals District, Place 9",0576,1108,375,1483,2830,52.40%,93,1347,1440
"Justice, 14th Court of Appeals District, Place 9",0577,885,205,1090,1586,68.73%,638,396,1034
"Justice, 14th Court of Appeals District, Place 9",0578,1026,405,1431,1862,76.85%,883,452,1335
Office,Precinct,Early Ballots Cast,Election Ballots Cast,Total Ballots Cast,Registered Voters,Percent Turnout,REP Tracy Elizabeth Christopher,DEM Peter M. Kelly,Totals
"Justice, 14th Court of Appeals District, Place 9",0579,287,181,468,1139,41.09%,79,362,441
"Justice, 14th Court of Appeals District, Place 9",0580,366,108,474,985,48.12%,22,445,467
"Justice, 14th Court of Appeals District, Place 9",0581,456,137,593,1033,57.41%,17,558,575
"Justice, 14th Court of Appeals District, Place 9",0582,543,232,775,1607,48.23%,52,691,743
"Justice, 14th Court of Appeals District, Place 9",0583,433,155,588,1286,45.72%,17,557,574
"Justice, 14th Court of Appeals District, Place 9",0584,367,120,487,1062,45.86%,43,424,467
"Justice, 14th Court of Appeals District, Place 9",0585,829,280,1109,2346,47.27%,57,1015,1072
"Justice, 14th Court of Appeals District, Place 9",0586,1792,790,2582,4521,57.11%,1433,1045,2478
"Justice, 14th Court of Appeals District, Place 9",0587,1204,431,1635,2870,56.97%,524,1050,1574
"Justice, 14th Court of Appeals District, Place 9",0588,1940,606,2546,3780,67.35%,1654,795,2449
"Justice, 14th Court of Appeals District, Place 9",0589,1540,545,2085,3780,55.16%,977,1023,2000
"Justice, 14th Court of Appeals District, Place 9",0590,1230,400,1630,2176,74.91%,1244,309,1553
"Justice, 14th Court of Appeals District, Place 9",0591,651,462,1113,2274,48.94%,270,777,1047
"Justice, 14th Court of Appeals District, Place 9",0592,449,272,721,1446,49.86%,144,537,681
"Justice, 14th Court of Appeals District, Place 9",0593,1551,755,2316,4179,55.42%,891,1295,2186
"Justice, 14th Court of Appeals District, Place 9",0594,1243,316,1559,2578,60.47%,422,1092,1514
"Justice, 14th Court of Appeals District, Place 9",0595,601,299,900,1833,49.10%,143,723,866
"Justice, 14th Court of Appeals District, Place 9",0596,1378,501,1879,3574,52.57%,842,938,1780
"Justice, 14th Court of Appeals District, Place 9",0597,1204,609,1813,3587,50.54%,621,1100,1721
"Justice, 14th Court of Appeals District, Place 9",0598,2389,731,3120,5253,59.39%,1045,1942,2987
"Justice, 14th Court of Appeals District, Place 9",0599,1378,493,1871,3005,62.26%,638,1176,1814
"Justice, 14th Court of Appeals District, Place 9",0600,1603,776,2379,4204,56.59%,780,1481,2261
"Justice, 14th Court of Appeals District, Place 9",0601,2220,670,2890,4151,69.62%,2058,734,2792
"Justice, 14th Court of Appeals District, Place 9",0602,754,234,988,1441,68.56%,653,294,947
"Justice, 14th Court of Appeals District, Place 9",0603,2340,725,3065,4666,65.69%,1714,1220,2934
"Justice, 14th Court of Appeals District, Place 9",0604,1817,375,2192,3189,68.74%,1792,304,2096
"Justice, 14th Court of Appeals District, Place 9",0605,1713,599,2312,4217,54.83%,530,1658,2188
"Justice, 14th Court of Appeals District, Place 9",0606,319,111,430,970,44.33%,12,404,416
"Justice, 14th Court of Appeals District, Place 9",0607,163,51,214,712,30.06%,22,184,206
"Justice, 14th Court of Appeals District, Place 9",0608,156,77,233,570,40.88%,76,143,219
"Justice, 14th Court of Appeals District, Place 9",0609,2037,729,2766,4305,64.25%,1585,1055,2640
"Justice, 14th Court of Appeals District, Place 9",0610,665,343,1008,2086,48.32%,403,539,942
"Justice, 14th Court of Appeals District, Place 9",0611,980,229,1209,2527,47.84%,50,1130,1180
"Justice, 14th Court of Appeals District, Place 9",0612,1930,431,2361,3388,69.69%,1764,498,2262
Office,Precinct,Early Ballots Cast,Election Ballots Cast,Total Ballots Cast,Registered Voters,Percent Turnout,REP Tracy Elizabeth Christopher,DEM Peter M. Kelly,Totals
"Justice, 14th Court of Appeals District, Place 9",0613,937,339,1276,2368,53.89%,217,1005,1222
"Justice, 14th Court of Appeals District, Place 9",0614,1949,645,2594,4566,56.81%,767,1711,2478
"Justice, 14th Court of Appeals District, Place 9",0615,1075,301,1376,2086,65.96%,705,611,1316
"Justice, 14th Court of Appeals District, Place 9",0616,1809,611,2420,3516,68.83%,1572,727,2299
"Justice, 14th Court of Appeals District, Place 9",0617,1704,650,2354,4179,56.33%,774,1489,2263
"Justice, 14th Court of Appeals District, Place 9",0618,1699,545,2244,3801,59.04%,899,1267,2166
"Justice, 14th Court of Appeals District, Place 9",0619,2793,663,3456,4916,70.30%,2508,851,3359
"Justice, 14th Court of Appeals District, Place 9",0620,1748,333,2081,3318,62.72%,1080,906,1986
"Justice, 14th Court of Appeals District, Place 9",0621,536,200,736,1272,57.86%,303,389,692
"Justice, 14th Court of Appeals District, Place 9",0622,2131,591,2722,4562,59.67%,1453,1143,2596
"Justice, 14th Court of Appeals District, Place 9",0623,1960,461,2421,3919,61.78%,1478,838,2316
"Justice, 14th Court of Appeals District, Place 9",0624,297,59,356,456,78.07%,267,77,344
"Justice, 14th Court of Appeals District, Place 9",0625,924,372,1296,1864,69.53%,695,539,1234
"Justice, 14th Court of Appeals District, Place 9",0626,2281,784,3065,4816,63.64%,1589,1315,2904
"Justice, 14th Court of Appeals District, Place 9",0627,935,649,1584,3235,48.96%,408,1096,1504
"Justice, 14th Court of Appeals District, Place 9",0628,716,545,1261,2420,52.11%,431,750,1181
"Justice, 14th Court of Appeals District, Place 9",0629,162,96,258,750,34.40%,34,215,249
"Justice, 14th Court of Appeals District, Place 9",0630,2671,541,3212,4738,67.79%,341,2780,3121
"Justice, 14th Court of Appeals District, Place 9",0631,1842,398,2240,3263,68.65%,1454,685,2139
"Justice, 14th Court of Appeals District, Place 9",0632,4,1,5,241,2.07%,0,5,5
"Justice, 14th Court of Appeals District, Place 9",0633,2286,601,2887,3912,73.80%,1950,832,2782
"Justice, 14th Court of Appeals District, Place 9",0634,1437,499,1936,3259,59.40%,1081,778,1859
"Justice, 14th Court of Appeals District, Place 9",0635,1646,520,2166,3512,61.67%,1572,491,2063
"Justice, 14th Court of Appeals District, Place 9",0636,2303,922,3225,4569,70.58%,2764,348,3112
"Justice, 14th Court of Appeals District, Place 9",0637,1095,423,1518,2591,58.59%,337,1064,1401
"Justice, 14th Court of Appeals District, Place 9",0638,850,348,1198,2310,51.86%,107,1060,1167
"Justice, 14th Court of Appeals District, Place 9",0639,1387,284,1671,2560,65.27%,1260,333,1593
"Justice, 14th Court of Appeals District, Place 9",0640,1619,615,2234,3927,56.89%,1242,912,2154
"Justice, 14th Court of Appeals District, Place 9",0641,1637,683,2320,3840,60.42%,1325,890,2215
"Justice, 14th Court of Appeals District, Place 9",0642,1030,270,1300,1783,72.91%,1003,251,1254
"Justice, 14th Court of Appeals District, Place 9",0643,1951,593,2544,4189,60.73%,1170,1282,2452
"Justice, 14th Court of Appeals District, Place 9",0644,2087,689,2776,4446,62.44%,1570,1094,2664
"Justice, 14th Court of Appeals District, Place 9",0645,2151,769,2920,4517,64.64%,1192,1591,2783
"Justice, 14th Court of Appeals District, Place 9",0646,925,399,1324,2422,54.67%,346,906,1252
Office,Precinct,Early Ballots Cast,Election Ballots Cast,Total Ballots Cast,Registered Voters,Percent Turnout,REP Tracy Elizabeth Christopher,DEM Peter M. Kelly,Totals
"Justice, 14th Court of Appeals District, Place 9",0647,1373,526,1899,4349,43.67%,415,1365,1780
"Justice, 14th Court of Appeals District, Place 9",0648,1859,500,2359,3487,67.65%,1621,656,2277
"Justice, 14th Court of Appeals District, Place 9",0649,1549,775,2324,4755,48.87%,574,1638,2212
"Justice, 14th Court of Appeals District, Place 9",0650,2033,819,2852,4039,70.61%,1901,831,2732
"Justice, 14th Court of Appeals District, Place 9",0651,1734,551,2285,3873,59.00%,1201,984,2185
"Justice, 14th Court of Appeals District, Place 9",0652,1167,545,1712,2979,57.47%,271,1388,1659
"Justice, 14th Court of Appeals District, Place 9",0653,186,110,296,604,49.01%,70,215,285
"Justice, 14th Court of Appeals District, Place 9",0654,2387,698,3085,5063,60.93%,1544,1391,2935
"Justice, 14th Court of Appeals District, Place 9",0655,1953,761,2724,4495,60.60%,1453,1129,2582
"Justice, 14th Court of Appeals District, Place 9",0656,1106,401,1507,2737,55.06%,80,1378,1458
"Justice, 14th Court of Appeals District, Place 9",0657,684,276,960,1487,64.56%,319,595,914
"Justice, 14th Court of Appeals District, Place 9",0658,1299,494,1793,2901,61.81%,1086,642,1728
"Justice, 14th Court of Appeals District, Place 9",0659,2808,733,3541,5161,68.61%,2405,1004,3409
"Justice, 14th Court of Appeals District, Place 9",0660,1575,345,1920,3087,62.20%,194,1662,1856
"Justice, 14th Court of Appeals District, Place 9",0661,1949,774,2723,4363,62.41%,1340,1252,2592
"Justice, 14th Court of Appeals District, Place 9",0662,2268,571,2839,4002,70.94%,2257,476,2733
"Justice, 14th Court of Appeals District, Place 9",0663,1338,448,1786,2340,76.32%,905,747,1652
"Justice, 14th Court of Appeals District, Place 9",0664,909,513,1422,2992,47.53%,270,1076,1346
"Justice, 14th Court of Appeals District, Place 9",0665,1327,360,1687,2354,71.67%,1322,303,1625
"Justice, 14th Court of Appeals District, Place 9",0666,0,0,0,0,0.00%,0,0,0
"Justice, 14th Court of Appeals District, Place 9",0667,1109,400,1509,2175,69.38%,1126,315,1441
"Justice, 14th Court of Appeals District, Place 9",0668,1552,719,2271,3669,61.90%,1337,848,2185
"Justice, 14th Court of Appeals District, Place 9",0669,1889,702,2591,3585,72.27%,1746,730,2476
"Justice, 14th Court of Appeals District, Place 9",0670,1996,416,2412,3335,72.32%,1902,419,2321
"Justice, 14th Court of Appeals District, Place 9",0671,1398,588,1986,3198,62.10%,1059,844,1903
"Justice, 14th Court of Appeals District, Place 9",0672,1724,489,2213,3433,64.46%,1498,641,2139
"Justice, 14th Court of Appeals District, Place 9",0673,1525,467,2092,3051,68.57%,1651,375,2026
"Justice, 14th Court of Appeals District, Place 9",0674,2356,610,2966,4228,70.15%,2120,737,2857
"Justice, 14th Court of Appeals District, Place 9",0675,0,0,0,0,0.00%,0,0,0
"Justice, 14th Court of Appeals District, Place 9",0676,1087,465,1552,2976,52.15%,577,899,1476
"Justice, 14th Court of Appeals District, Place 9",0677,423,259,682,1300,52.46%,166,471,637
"Justice, 14th Court of Appeals District, Place 9",0678,1164,294,1458,2660,54.81%,152,1255,1407
"Justice, 14th Court of Appeals District, Place 9",0679,1718,529,2247,3542,63.44%,1535,606,2141
"Justice, 14th Court of Appeals District, Place 9",0680,98,17,115,179,64.25%,51,60,111
Office,Precinct,Early Ballots Cast,Election Ballots Cast,Total Ballots Cast,Registered Voters,Percent Turnout,REP Tracy Elizabeth Christopher,DEM Peter M. Kelly,Totals
"Justice, 14th Court of Appeals District, Place 9",0681,e,0,6,4,150.00%,2,4,6
"Justice, 14th Court of Appeals District, Place 9",0682,2113,690,2803,4313,64.99%,1977,724,2701
"Justice, 14th Court of Appeals District, Place 9",0683,82,5,87,302,28.81%,22,62,84
"Justice, 14th Court of Appeals District, Place 9",0684,1581,640,2321,3559,65.21%,1410,813,2223
"Justice, 14th Court of Appeals District, Place 9",0685,139,28,167,285,58.60%,75,74,149
"Justice, 14th Court of Appeals District, Place 9",0686,53,5,58,221,26.24%,16,40,56
"Justice, 14th Court of Appeals District, Place 9",0687,1510,400,1910,2713,70.40%,1237,576,1813
"Justice, 14th Court of Appeals District, Place 9",0688,2333,594,2927,3922,74.63%,2285,550,2835
"Justice, 14th Court of Appeals District, Place 9",0689,727,604,1331,2449,54.35%,560,677,1237
"Justice, 14th Court of Appeals District, Place 9",0690,1957,553,2520,3614,69.73%,1914,514,2428
"Justice, 14th Court of Appeals District, Place 9",0691,2132,551,2683,3690,72.71%,2040,557,2597
"Justice, 14th Court of Appeals District, Place 9",0692,1279,678,1957,3118,62.76%,1364,498,1862
"Justice, 14th Court of Appeals District, Place 9",0693,309,110,419,681,61.53%,115,279,394
"Justice, 14th Court of Appeals District, Place 9",0694,1005,319,1324,2478,53.43%,529,747,1276
"Justice, 14th Court of Appeals District, Place 9",0695,628,315,943,1842,51.19%,544,346,890
"Justice, 14th Court of Appeals District, Place 9",0696,727,312,1039,2027,51.26%,609,398,1007
"Justice, 14th Court of Appeals District, Place 9",0697,1299,552,1851,3238,57.16%,447,1328,1775
"Justice, 14th Court of Appeals District, Place 9",0698,1275,520,1795,3339,53.76%,212,1512,1724
"Justice, 14th Court of Appeals District, Place 9",0699,1277,398,1675,2387,70.17%,1049,514,1563
"Justice, 14th Court of Appeals District, Place 9",0700,726,247,973,1536,63.35%,793,151,944
"Justice, 14th Court of Appeals District, Place 9",0701,208,73,281,614,45.77%,122,136,258
"Justice, 14th Court of Appeals District, Place 9",0702,183,69,252,550,45.82%,41,201,242
"Justice, 14th Court of Appeals District, Place 9",0703,899,528,1427,1943,73.44%,1015,352,1367
"Justice, 14th Court of Appeals District, Place 9",0704,1698,512,2210,3121,70.81%,1764,371,2135
"Justice, 14th Court of Appeals District, Place 9",0705,331,206,537,1513,35.49%,49,473,522
"Justice, 14th Court of Appeals District, Place 9",0706,1248,372,1620,2821,57.43%,591,932,1523
"Justice, 14th Court of Appeals District, Place 9",0707,377,69,446,757,58.92%,271,154,425
"Justice, 14th Court of Appeals District, Place 9",0708,162,98,260,592,43.92%,86,163,249
"Justice, 14th Court of Appeals District, Place 9",0709,2257,528,2785,4136,67.34%,1460,1214,2674
"Justice, 14th Court of Appeals District, Place 9",0710,1132,450,1582,2096,75.48%,890,583,1473
"Justice, 14th Court of Appeals District, Place 9",0711,1980,599,2579,3820,67.51%,1346,1113,2459
"Justice, 14th Court of Appeals District, Place 9",0712,1720,627,2347,4002,58.65%,828,1447,2275
"Justice, 14th Court of Appeals District, Place 9",0713,770,365,1135,2006,56.58%,516,569,1085
"Justice, 14th Court of Appeals District, Place 9",0714,102,28,130,306,42.48%,58,63,121
Office,Precinct,Early Ballots Cast,Election Ballots Cast,Total Ballots Cast,Registered Voters,Percent Turnout,REP Tracy Elizabeth Christopher,DEM Peter M. Kelly,Totals
"Justice, 14th Court of Appeals District, Place 9",0715,553,239,792,1549,51.13%,365,388,753
"Justice, 14th Court of Appeals District, Place 9",0716,1218,419,1637,2720,60.18%,1125,446,1571
"Justice, 14th Court of Appeals District, Place 9",0717,974,232,1206,2082,57.93%,165,994,1159
"Justice, 14th Court of Appeals District, Place 9",0718,2243,872,3115,4412,70.60%,1990,940,2930
"Justice, 14th Court of Appeals District, Place 9",0719,624,223,847,1644,51.52%,405,397,802
"Justice, 14th Court of Appeals District, Place 9",0720,2498,709,3207,4709,68.10%,2141,933,3074
"Justice, 14th Court of Appeals District, Place 9",0721,1455,603,2059,2926,70.71%,1317,639,1956
"Justice, 14th Court of Appeals District, Place 9",0722,1929,609,2538,4638,54.72%,166,2277,2443
"Justice, 14th Court of Appeals District, Place 9",0723,897,261,1158,1959,59.11%,226,882,1108
"Justice, 14th Court of Appeals District, Place 9",0724,395,146,541,800,67.63%,359,159,518
"Justice, 14th Court of Appeals District, Place 9",0725,976,294,1270,2336,54.37%,489,702,1191
"Justice, 14th Court of Appeals District, Place 9",0726,1271,321,1592,2207,72.13%,1361,184,1545
"Justice, 14th Court of Appeals District, Place 9",0727,983,415,1398,2708,51.62%,373,975,1348
"Justice, 14th Court of Appeals District, Place 9",0728,399,198,597,942,63.38%,348,216,564
"Justice, 14th Court of Appeals District, Place 9",0729,235,49,284,471,60.30%,155,118,273
"Justice, 14th Court of Appeals District, Place 9",0730,1361,406,1767,2435,72.57%,1119,555,1674
"Justice, 14th Court of Appeals District, Place 9",0731,2087,624,2711,4834,56.08%,1096,1491,2587
"Justice, 14th Court of Appeals District, Place 9",0732,793,449,1242,1943,63.92%,716,452,1168
"Justice, 14th Court of Appeals District, Place 9",0733,55,25,80,303,26.40%,24,52,76
"Justice, 14th Court of Appeals District, Place 9",0734,2307,556,2863,4294,66.67%,1842,912,2754
"Justice, 14th Court of Appeals District, Place 9",0735,157,61,218,251,86.85%,116,95,211
"Justice, 14th Court of Appeals District, Place 9",0736,14,3,17,42,40.48%,0,14,14
"Justice, 14th Court of Appeals District, Place 9",0737,21,6,27,56,48.21%,21,6,27
"Justice, 14th Court of Appeals District, Place 9",0738,435,214,649,1497,43.35%,106,526,632
"Justice, 14th Court of Appeals District, Place 9",0739,979,440,1419,2971,47.76%,611,743,1354
"Justice, 14th Court of Appeals District, Place 9",0740,280,169,449,1005,44.68%,226,197,423
"Justice, 14th Court of Appeals District, Place 9",0741,923,262,1185,1895,62.53%,297,826,1123
"Justice, 14th Court of Appeals District, Place 9",0742,1536,498,2034,2859,71.14%,1251,691,1942
"Justice, 14th Court of Appeals District, Place 9",0743,54,60,114,234,48.72%,37,68,105
"Justice, 14th Court of Appeals District, Place 9",0744,1010,444,1454,2103,69.14%,856,524,1380
"Justice, 14th Court of Appeals District, Place 9",0745,1214,446,1660,2543,65.28%,1004,576,1580
"Justice, 14th Court of Appeals District, Place 9",0746,245,121,366,732,50.00%,175,161,336
"Justice, 14th Court of Appeals District, Place 9",0747,1746,693,2439,4096,59.55%,1047,1288,2335
"Justice, 14th Court of Appeals District, Place 9",0748,564,245,809,1556,51.99%,378,392,770
Office,Precinct,Early Ballots Cast,Election Ballots Cast,Total Ballots Cast,Registered Voters,Percent Turnout,REP Tracy Elizabeth Christopher,DEM Peter M. Kelly,Totals
"Justice, 14th Court of Appeals District, Place 9",0749,115,1,116,432,26.85%,16,95,111
"Justice, 14th Court of Appeals District, Place 9",0750,294,122,416,809,51.42%,225,166,391
"Justice, 14th Court of Appeals District, Place 9",0751,2937,1013,3950,5893,67.03%,2370,1413,3783
"Justice, 14th Court of Appeals District, Place 9",0752,660,227,887,1484,59.77%,579,267,846
"Justice, 14th Court of Appeals District, Place 9",0753,258,53,311,512,60.74%,123,173,296
"Justice, 14th Court of Appeals District, Place 9",0754,388,262,650,1590,40.88%,31,600,631
"Justice, 14th Court of Appeals District, Place 9",0755,1784,955,2739,5015,54.62%,931,1659,2590
"Justice, 14th Court of Appeals District, Place 9",0756,687,309,996,1723,57.81%,313,637,950
"Justice, 14th Court of Appeals District, Place 9",0757,1867,601,2468,4792,51.50%,410,1975,2385
"Justice, 14th Court of Appeals District, Place 9",0758,2105,595,2700,3803,71.00%,2035,545,2580
"Justice, 14th Court of Appeals District, Place 9",0759,1389,375,1764,2779,63.48%,1019,665,1684
"Justice, 14th Court of Appeals District, Place 9",0760,1219,268,1487,2162,68.78%,1208,224,1432
"Justice, 14th Court of Appeals District, Place 9",0761,1089,167,1256,1598,78.60%,899,300,1199
"Justice, 14th Court of Appeals District, Place 9",0762,929,303,1232,1828,67.40%,552,626,1178
"Justice, 14th Court of Appeals District, Place 9",0763,370,264,634,1249,50.76%,197,404,601
"Justice, 14th Court of Appeals District, Place 9",0764,2472,677,3149,4827,65.24%,1877,1124,3001
"Justice, 14th Court of Appeals District, Place 9",0765,2056,874,2930,5742,51.03%,785,2036,2821
"Justice, 14th Court of Appeals District, Place 9",0766,126,59,185,428,43.22%,30,136,166
"Justice, 14th Court of Appeals District, Place 9",0767,31,15,46,92,50.00%,20,23,43
"Justice, 14th Court of Appeals District, Place 9",0768,1479,387,1866,2643,70.60%,1444,353,1797
"Justice, 14th Court of Appeals District, Place 9",0769,85,14,99,184,53.80%,6,91,97
"Justice, 14th Court of Appeals District, Place 9",0770,103,42,145,388,37.37%,48,91,139
"Justice, 14th Court of Appeals District, Place 9",0771,572,210,782,1588,49.24%,340,404,744
"Justice, 14th Court of Appeals District, Place 9",0772,2807,477,3284,4606,71.30%,2427,719,3146
"Justice, 14th Court of Appeals District, Place 9",0773,1694,638,2332,4414,52.83%,558,1618,2176
"Justice, 14th Court of Appeals District, Place 9",0774,151,66,217,426,50.94%,53,158,211
"Justice, 14th Court of Appeals District, Place 9",0775,50,1,51,102,50.00%,1,49,50
"Justice, 14th Court of Appeals District, Place 9",0776,1433,538,1971,3276,60.16%,1103,782,1885
"Justice, 14th Court of Appeals District, Place 9",0777,201,105,306,767,39.90%,77,215,292
"Justice, 14th Court of Appeals District, Place 9",0778,0,3,3,0,0.00%,0,3,3
"Justice, 14th Court of Appeals District, Place 9",0779,263,160,423,1019,41.51%,95,289,384
"Justice, 14th Court of Appeals District, Place 9",0780,170,130,300,666,45.05%,93,181,274
"Justice, 14th Court of Appeals District, Place 9",0781,1235,612,1847,3782,48.84%,576,1132,1708
"Justice, 14th Court of Appeals District, Place 9",0782,1048,368,1416,2355,60.13%,837,507,1344
Office,Precinct,Early Ballots Cast,Election Ballots Cast,Total Ballots Cast,Registered Voters,Percent Turnout,REP Tracy Elizabeth Christopher,DEM Peter M. Kelly,Totals
"Justice, 14th Court of Appeals District, Place 9",0783,197,90,287,520,55.19%,20,256,276
"Justice, 14th Court of Appeals District, Place 9",0784,408,119,527,1062,49.62%,16,491,507
"Justice, 14th Court of Appeals District, Place 9",0785,1230,357,1587,1896,83.70%,821,701,1522
"Justice, 14th Court of Appeals District, Place 9",0786,396,177,573,1258,45.55%,172,373,545
"Justice, 14th Court of Appeals District, Place 9",0787,180,83,263,542,48.52%,82,162,244
"Justice, 14th Court of Appeals District, Place 9",0788,2,0,2,13,15.38%,2,0,2
"Justice, 14th Court of Appeals District, Place 9",0789,1377,420,1797,2998,59.94%,1036,691,1727
"Justice, 14th Court of Appeals District, Place 9",0790,1143,329,1472,2523,58.34%,494,920,1414
"Justice, 14th Court of Appeals District, Place 9",0791,9,3,12,29,41.38%,3,9,12
"Justice, 14th Court of Appeals District, Place 9",0792,545,415,1063,1954,54.40%,249,760,1009
"Justice, 14th Court of Appeals District, Place 9",0793,984,416,1400,2620,53.44%,703,616,1319
"Justice, 14th Court of Appeals District, Place 9",0794,626,411,1037,3208,32.33%,112,890,1002
"Justice, 14th Court of Appeals District, Place 9",0795,396,2,398,1281,31.07%,107,258,365
"Justice, 14th Court of Appeals District, Place 9",0796,1371,455,1535,3041,60.37%,761,1014,1775
"Justice, 14th Court of Appeals District, Place 9",0797,0,0,0,0,0.00%,0,0,0
"Justice, 14th Court of Appeals District, Place 9",0798,222,142,364,521,69.87%,138,207,345
"Justice, 14th Court of Appeals District, Place 9",0799,55,26,84,171,49.12%,17,66,83
"Justice, 14th Court of Appeals District, Place 9",0800,1934,730,2664,4216,63.19%,1601,946,2547
"Justice, 14th Court of Appeals District, Place 9",0801,90,44,134,261,51.34%,43,85,128
"Justice, 14th Court of Appeals District, Place 9",0802,54,21,75,224,33.48%,19,53,72
"Justice, 14th Court of Appeals District, Place 9",0803,2555,547,3213,4514,71.18%,2221,870,3091
"Justice, 14th Court of Appeals District, Place 9",0804,2703,682,3385,5303,63.83%,1777,1492,3269
"Justice, 14th Court of Appeals District, Place 9",0805,1598,454,2052,2874,71.40%,1589,379,1968
"Justice, 14th Court of Appeals District, Place 9",0806,1002,324,1326,1889,70.20%,796,484,1280
"Justice, 14th Court of Appeals District, Place 9",0807,793,349,1142,2163,52.80%,204,898,1102
"Justice, 14th Court of Appeals District, Place 9",0808,142,57,199,232,85.78%,78,108,186
"Justice, 14th Court of Appeals District, Place 9",0809,19,7,26,98,26.53%,14,11,25
"Justice, 14th Court of Appeals District, Place 9",0810,47,31,78,197,39.59%,14,57,71
"Justice, 14th Court of Appeals District, Place 9",0811,52,68,150,277,54.15%,32,111,143
"Justice, 14th Court of Appeals District, Place 9",0812,0,0,0,0,0.00%,0,0,0
"Justice, 14th Court of Appeals District, Place 9",0813,1742,434,2176,3488,62.39%,956,1146,2102
"Justice, 14th Court of Appeals District, Place 9",0814,1973,827,2800,5483,51.07%,566,2132,2698
"Justice, 14th Court of Appeals District, Place 9",0815,0,0,0,0,0.00%,0,0,0
"Justice, 14th Court of Appeals District, Place 9",0816,23,10,33,64,51.56%,4,26,30
Office,Precinct,Early Ballots Cast,Election Ballots Cast,Total Ballots Cast,Registered Voters,Percent Turnout,REP Tracy Elizabeth Christopher,DEM Peter M. Kelly,Totals
"Justice, 14th Court of Appeals District, Place 9",0817,2789,550,3339,4700,71.04%,2317,915,3232
"Justice, 14th Court of Appeals District, Place 9",0818,209,104,313,737,42.47%,69,233,302
"Justice, 14th Court of Appeals District, Place 9",0819,108,31,139,228,60.96%,73,52,125
"Justice, 14th Court of Appeals District, Place 9",0820,0,0,0,0,0.00%,0,0,0
"Justice, 14th Court of Appeals District, Place 9",0821,362,188,550,1295,42.47%,74,450,524
"Justice, 14th Court of Appeals District, Place 9",0822,571,185,756,1574,48.03%,29,697,726
"Justice, 14th Court of Appeals District, Place 9",0823,1339,410,1749,3017,57.97%,928,745,1673
"Justice, 14th Court of Appeals District, Place 9",0824,1057,410,1467,2762,53.11%,319,1095,1414
"Justice, 14th Court of Appeals District, Place 9",0825,9,7,15,21,76.19%,4,11,15
"Justice, 14th Court of Appeals District, Place 9",0826,177,70,247,355,69.58%,134,95,229
"Justice, 14th Court of Appeals District, Place 9",0827,218,234,452,1042,43.38%,147,294,441
"Justice, 14th Court of Appeals District, Place 9",0828,1174,281,1455,1965,74.05%,1123,269,1392
"Justice, 14th Court of Appeals District, Place 9",0829,101,19,120,235,51.06%,34,79,113
"Justice, 14th Court of Appeals District, Place 9",0830,2,2,4,2,200.00%,4,0,4
"Justice, 14th Court of Appeals District, Place 9",0831,8,5,13,36,36.11%,6,6,12
"Justice, 14th Court of Appeals District, Place 9",0832,124,50,174,364,47.80%,46,119,165
"Justice, 14th Court of Appeals District, Place 9",0833,3,2,5,20,25.00%,1,4,5
"Justice, 14th Court of Appeals District, Place 9",0834,142,61,203,388,52.32%,21,179,200
"Justice, 14th Court of Appeals District, Place 9",0835,87,71,158,311,50.80%,42,106,148
"Justice, 14th Court of Appeals District, Place 9",0836,128,0,128,248,51.61%,11,107,118
"Justice, 14th Court of Appeals District, Place 9",0837,0,0,0,0,0.00%,0,0,0
"Justice, 14th Court of Appeals District, Place 9",0838,0,0,0,0,0.00%,0,0,0
"Justice, 14th Court of Appeals District, Place 9",0839,419,174,593,1190,49.83%,123,443,566
"Justice, 14th Court of Appeals District, Place 9",0840,829,228,1057,1780,59.38%,351,651,1002
"Justice, 14th Court of Appeals District, Place 9",0841,1474,475,1949,3431,56.81%,448,1432,1880
"Justice, 14th Court of Appeals District, Place 9",0842,1340,513,1853,3390,54.66%,724,1035,1759
"Justice, 14th Court of Appeals District, Place 9",0843,595,298,893,1387,64.38%,166,688,854
"Justice, 14th Court of Appeals District, Place 9",0844,4,0,4,10,40.00%,0,4,4
"Justice, 14th Court of Appeals District, Place 9",0845,152,13,165,218,75.69%,101,57,158
"Justice, 14th Court of Appeals District, Place 9",0846,51,22,83,229,36.24%,4,78,82
"Justice, 14th Court of Appeals District, Place 9",0847,993,330,1323,2310,57.27%,354,919,1273
"Justice, 14th Court of Appeals District, Place 9",0848,1011,201,1212,1875,64.64%,377,780,1157
"Justice, 14th Court of Appeals District, Place 9",0849,731,455,1186,2272,52.20%,315,786,1101
"Justice, 14th Court of Appeals District, Place 9",0850,129,19,148,208,71.15%,59,84,143
Office,Precinct,Early Ballots Cast,Election Ballots Cast,Total Ballots Cast,Registered Voters,Percent Turnout,REP Tracy Elizabeth Christopher,DEM Peter M. Kelly,Totals
"Justice, 14th Court of Appeals District, Place 9",0851,1886,441,2327,3597,64.69%,1522,706,2228
"Justice, 14th Court of Appeals District, Place 9",0852,0,0,0,1,0.00%,0,0,0
"Justice, 14th Court of Appeals District, Place 9",0853,1637,487,2124,2986,71.13%,1558,483,2041
"Justice, 14th Court of Appeals District, Place 9",0854,40,19,59,175,33.71%,10,47,57
"Justice, 14th Court of Appeals District, Place 9",0855,7,2,9,21,42.86%,4,4,8
"Justice, 14th Court of Appeals District, Place 9",0856,0,3,3,0,0.00%,0,1,1
"Justice, 14th Court of Appeals District, Place 9",0857,0,0,0,1,0.00%,0,0,0
"Justice, 14th Court of Appeals District, Place 9",0858,121,35,156,334,46.71%,6,141,147
"Justice, 14th Court of Appeals District, Place 9",0859,391,143,534,945,56.51%,113,398,511
"Justice, 14th Court of Appeals District, Place 9",0860,1,1,2,0,0.00%,0,2,2
"Justice, 14th Court of Appeals District, Place 9",0861,777,272,1049,1941,54.04%,176,837,1013
"Justice, 14th Court of Appeals District, Place 9",0862,1989,508,2497,3739,66.78%,1441,965,2406
"Justice, 14th Court of Appeals District, Place 9",0863,192,64,256,581,44.06%,12,238,250
"Justice, 14th Court of Appeals District, Place 9",0864,693,574,1267,2708,46.79%,284,914,1198
"Justice, 14th Court of Appeals District, Place 9",0865,9,2,11,21,52.38%,1,10,11
"Justice, 14th Court of Appeals District, Place 9",0866,0,0,0,0,0.00%,0,0,0
"Justice, 14th Court of Appeals District, Place 9",0867,0,0,0,0,0.00%,0,0,0
"Justice, 14th Court of Appeals District, Place 9",0868,737,495,1232,2446,50.37%,317,855,1172
"Justice, 14th Court of Appeals District, Place 9",0869,166,55,221,480,46.04%,29,186,215
"Justice, 14th Court of Appeals District, Place 9",0870,0,2,2,0,0.00%,2,0,2
"Justice, 14th Court of Appeals District, Place 9",0871,2,1,3,3,100.00%,0,3,3
"Justice, 14th Court of Appeals District, Place 9",0872,16,6,22,68,32.35%,12,10,22
"Justice, 14th Court of Appeals District, Place 9",0873,296,111,407,778,52.31%,104,291,395
"Justice, 14th Court of Appeals District, Place 9",0874,1681,670,2351,3294,71.37%,1680,575,2255
"Justice, 14th Court of Appeals District, Place 9",0875,1948,501,2449,3592,68.18%,1137,1222,2359
"Justice, 14th Court of Appeals District, Place 9",0876,1945,577,2522,3485,72.37%,1731,699,2430
"Justice, 14th Court of Appeals District, Place 9",0877,1805,528,2333,3651,63.90%,875,1386,2261
"Justice, 14th Court of Appeals District, Place 9",0878,685,110,795,1039,76.52%,633,130,763
"Justice, 14th Court of Appeals District, Place 9",0879,1215,413,1628,2843,57.26%,680,880,1560
"Justice, 14th Court of Appeals District, Place 9",0880,1355,471,1826,2467,74.02%,1363,403,1766
"Justice, 14th Court of Appeals District, Place 9",0881,2465,927,3392,5638,60.16%,890,2389,3279
"Justice, 14th Court of Appeals District, Place 9",0882,1952,595,2547,4317,59.00%,763,1667,2430
"Justice, 14th Court of Appeals District, Place 9",0883,2252,928,3180,5613,56.65%,549,2512,3061
"Justice, 14th Court of Appeals District, Place 9",0884,149,55,204,396,51.52%,27,171,198
Office,Precinct,Early Ballots Cast,Election Ballots Cast,Total Ballots Cast,Registered Voters,Percent Turnout,REP Tracy Elizabeth Christopher,DEM Peter M. Kelly,Totals
"Justice, 14th Court of Appeals District, Place 9",0885,1571,323,1894,2811,67.38%,1053,783,1836
"Justice, 14th Court of Appeals District, Place 9",0886,496,152,648,906,71.52%,350,248,598
"Justice, 14th Court of Appeals District, Place 9",0887,234,95,329,492,66.87%,180,120,300
"Justice, 14th Court of Appeals District, Place 9",0888,817,289,1106,1867,59.24%,352,714,1066
"Justice, 14th Court of Appeals District, Place 9",0889,113,28,141,238,59.24%,43,90,133
"Justice, 14th Court of Appeals District, Place 9",0890,447,98,545,1214,44.89%,237,271,508
"Justice, 14th Court of Appeals District, Place 9",0891,753,194,947,1376,68.82%,368,526,894
"Justice, 14th Court of Appeals District, Place 9",0892,426,123,549,900,61.00%,196,320,516
"Justice, 14th Court of Appeals District, Place 9",0893,1,4,5,9,55.56%,2,3,5
"Justice, 14th Court of Appeals District, Place 9",0894,801,305,1106,2087,52.99%,148,922,1070
"Justice, 14th Court of Appeals District, Place 9",0895,417,252,669,834,80.22%,321,304,625
"Justice, 14th Court of Appeals District, Place 9",0896,839,254,1093,1467,74.51%,430,608,1038
"Justice, 14th Court of Appeals District, Place 9",0897,813,365,1178,1766,66.70%,620,502,1122
"Justice, 14th Court of Appeals District, Place 9",0898,792,301,1093,1821,60.02%,446,612,1058
"Justice, 14th Court of Appeals District, Place 9",0899,747,165,912,1264,72.15%,569,320,889
"Justice, 14th Court of Appeals District, Place 9",0900,7,0,7,12,58.33%,1,6,7
"Justice, 14th Court of Appeals District, Place 9",0901,0,0,0,0,0.00%,0,0,0
"Justice, 14th Court of Appeals District, Place 9",0902,1311,361,1672,2217,75.42%,879,690,1569
"Justice, 14th Court of Appeals District, Place 9",0903,1314,354,1668,2558,65.21%,1208,407,1615
"Justice, 14th Court of Appeals District, Place 9",0904,2,0,2,8,25.00%,1,1,2
"Justice, 14th Court of Appeals District, Place 9",0905,390,136,526,946,55.60%,197,309,506
"Justice, 14th Court of Appeals District, Place 9",0906,19,3,22,28,78.57%,14,8,22
"Justice, 14th Court of Appeals District, Place 9",0907,53,37,90,201,44.78%,8,80,88
"Justice, 14th Court of Appeals District, Place 9",0908,0,0,0,0,0.00%,0,0,0
"Justice, 14th Court of Appeals District, Place 9",0909,7,1,8,21,38.10%,2,6,8
"Justice, 14th Court of Appeals District, Place 9",0910,78,37,115,236,48.73%,38,68,106
"Justice, 14th Court of Appeals District, Place 9",0911,237,63,300,576,52.08%,188,102,290
"Justice, 14th Court of Appeals District, Place 9",0912,712,167,879,1341,65.55%,500,333,833
"Justice, 14th Court of Appeals District, Place 9",0913,102,12,114,241,47.30%,21,87,108
"Justice, 14th Court of Appeals District, Place 9",0914,42,0,42,124,33.87%,9,31,40
"Justice, 14th Court of Appeals District, Place 9",0915,0,0,0,0,0.00%,0,0,0
"Justice, 14th Court of Appeals District, Place 9",0916,1472,308,1780,2205,80.73%,1340,371,1711
"Justice, 14th Court of Appeals District, Place 9",0917,33,9,42,147,28.57%,3,35,38
"Justice, 14th Court of Appeals District, Place 9",0918,3,1,4,7,57.14%,1,3,4
Office,Precinct,Early Ballots Cast,Election Ballots Cast,Total Ballots Cast,Registered Voters,Percent Turnout,REP Tracy Elizabeth Christopher,DEM Peter M. Kelly,Totals
"Justice, 14th Court of Appeals District, Place 9",0919,1,0,1,1,100.00%,1,0,1
"Justice, 14th Court of Appeals District, Place 9",0920,41,13,54,79,68.35%,33,19,52
"Justice, 14th Court of Appeals District, Place 9",0921,27,6,33,61,54.10%,7,26,33
"Justice, 14th Court of Appeals District, Place 9",0922,0,0,0,0,0.00%,0,0,0
"Justice, 14th Court of Appeals District, Place 9",0923,2331,350,2681,3536,75.82%,1992,625,2617
"Justice, 14th Court of Appeals District, Place 9",0924,0,0,0,0,0.00%,0,0,0
"Justice, 14th Court of Appeals District, Place 9",0925,0,0,0,0,0.00%,0,0,0
"Justice, 14th Court of Appeals District, Place 9",0926,550,149,699,967,72.29%,473,194,667
"Justice, 14th Court of Appeals District, Place 9",0927,968,173,1141,1771,64.43%,585,478,1063
"Justice, 14th Court of Appeals District, Place 9",0928,4,1,5,7,71.43%,0,5,5
"Justice, 14th Court of Appeals District, Place 9",0929,0,0,0,0,0.00%,0,0,0
"Justice, 14th Court of Appeals District, Place 9",0930,217,83,300,606,49.50%,16,272,288
"Justice, 14th Court of Appeals District, Place 9",0931,87,28,115,141,81.56%,49,55,104
"Justice, 14th Court of Appeals District, Place 9",0932,0,1,1,0,0.00%,0,1,1
"Justice, 14th Court of Appeals District, Place 9",0933,297,93,390,668,58.38%,128,248,376
"Justice, 14th Court of Appeals District, Place 9",0934,9,4,13,37,35.14%,7,6,13
"Justice, 14th Court of Appeals District, Place 9",0935,12,9,21,55,38.18%,9,11,20
"Justice, 14th Court of Appeals District, Place 9",0936,23,9,32,76,42.11%,9,20,29
"Justice, 14th Court of Appeals District, Place 9",0937,0,0,0,0,0.00%,0,0,0
"Justice, 14th Court of Appeals District, Place 9",0938,72,19,91,255,35.69%,28,62,90
"Justice, 14th Court of Appeals District, Place 9",0939,1,1,2,4,50.00%,1,1,2
"Justice, 14th Court of Appeals District, Place 9",0940,9,3,12,28,42.86%,1,11,12
"Justice, 14th Court of Appeals District, Place 9",0941,285,144,429,870,49.31%,204,199,403
"Justice, 14th Court of Appeals District, Place 9",0942,102,16,118,152,77.63%,81,34,115
"Justice, 14th Court of Appeals District, Place 9",0943,192,28,220,774,28.42%,48,158,206
"Justice, 14th Court of Appeals District, Place 9",0944,1,0,1,1,100.00%,0,1,1
"Justice, 14th Court of Appeals District, Place 9",0945,8,6,14,21,66.67%,3,10,13
"Justice, 14th Court of Appeals District, Place 9",0946,4,2,6,14,42.86%,1,5,6
"Justice, 14th Court of Appeals District, Place 9",0947,428,198,626,820,76.34%,326,260,586
"Justice, 14th Court of Appeals District, Place 9",0948,0,0,0,1,0.00%,0,0,0
"Justice, 14th Court of Appeals District, Place 9",0949,84,61,145,210,69.05%,72,65,137
"Justice, 14th Court of Appeals District, Place 9",0950,0,0,0,0,0.00%,0,0,0
"Justice, 14th Court of Appeals District, Place 9",0951,114,62,176,304,57.89%,44,123,167
"Justice, 14th Court of Appeals District, Place 9",0952,32,15,47,65,72.31%,29,15,44
Office,Precinct,Early Ballots Cast,Election Ballots Cast,Total Ballots Cast,Registered Voters,Percent Turnout,REP Tracy Elizabeth Christopher,DEM Peter M. Kelly,Totals
"Justice, 14th Court of Appeals District, Place 9",0953,4,0,4,8,50.00%,0,4,4
"Justice, 14th Court of Appeals District, Place 9",0954,0,0,0,0,0.00%,0,0,0
"Justice, 14th Court of Appeals District, Place 9",0955,3539,572,4111,5108,80.48%,2891,1045,3936
"Justice, 14th Court of Appeals District, Place 9",0956,0,0,0,0,0.00%,0,0,0
"Justice, 14th Court of Appeals District, Place 9",0957,283,39,322,585,55.04%,44,268,312
"Justice, 14th Court of Appeals District, Place 9",0958,430,231,661,1202,54.99%,125,507,632
"Justice, 14th Court of Appeals District, Place 9",0959,0,0,0,0,0.00%,0,0,0
"Justice, 14th Court of Appeals District, Place 9",0960,829,235,1064,1471,72.33%,228,795,1023
"Justice, 14th Court of Appeals District, Place 9",0961,821,318,1139,2369,48.08%,181,906,1087
"Justice, 14th Court of Appeals District, Place 9",0962,33,12,45,88,51.14%,9,33,42
"Justice, 14th Court of Appeals District, Place 9",0963,225,91,316,528,59.85%,134,165,299
"Justice, 14th Court of Appeals District, Place 9",0964,2146,325,2471,3179,77.73%,1407,966,2373
"Justice, 14th Court of Appeals District, Place 9",0965,101,35,136,345,39.42%,91,38,129
"Justice, 14th Court of Appeals District, Place 9",0966,368,189,557,1332,41.82%,133,392,525
"Justice, 14th Court of Appeals District, Place 9",0967,82,24,106,186,56.99%,39,62,101
"Justice, 14th Court of Appeals District, Place 9",0968,455,127,582,906,64.24%,121,443,564
"Justice, 14th Court of Appeals District, Place 9",0969,299,71,370,624,59.29%,8,352,360
"Justice, 14th Court of Appeals District, Place 9",0970,223,102,325,810,40.12%,35,267,302
"Justice, 14th Court of Appeals District, Place 9",0971,0,0,0,0,0.00%,0,0,0
"Justice, 14th Court of Appeals District, Place 9",0972,0,0,0,0,0.00%,0,0,0
"Justice, 14th Court of Appeals District, Place 9",0973,504,138,642,999,64.26%,415,195,610
"Justice, 14th Court of Appeals District, Place 9",0974,0,1,1,0,0.00%,1,0,1
"Justice, 14th Court of Appeals District, Place 9",0975,104,26,130,190,68.42%,57,63,120
"Justice, 14th Court of Appeals District, Place 9",0976,190,152,342,712,48.03%,164,154,318
"Justice, 14th Court of Appeals District, Place 9",0977,160,108,268,617,43.44%,92,166,258
"Justice, 14th Court of Appeals District, Place 9",0978,0,0,0,0,0.00%,0,0,0
"Justice, 14th Court of Appeals District, Place 9",0979,0,0,0,0,0.00%,0,0,0
"Justice, 14th Court of Appeals District, Place 9",0980,686,333,1019,1412,72.17%,710,256,966
"Justice, 14th Court of Appeals District, Place 9",0981,12,2,14,31,45.16%,1,12,13
"Justice, 14th Court of Appeals District, Place 9",0982,1898,501,2399,2916,82.27%,1786,519,2305
"Justice, 14th Court of Appeals District, Place 9",0983,55,17,82,198,41.41,%,43,37,80
"Justice, 14th Court of Appeals District, Place 9",0984,75,57,133,341,39.00%,11,119,130
"Justice, 14th Court of Appeals District, Place 9",0985,222,56,278,355,78.31%,132,133,265
"Justice, 14th Court of Appeals District, Place 9",0986,154,78,232,537,43.20%,24,201,225
Office,Precinct,Early Ballots Cast,Election Ballots Cast,Total Ballots Cast,Registered Voters,Percent Turnout,REP Tracy Elizabeth Christopher,DEM Peter M. Kelly,Totals
"Justice, 14th Court of Appeals District, Place 9",0987,476,130,606,1183,51.23%,40,538,578
"Justice, 14th Court of Appeals District, Place 9",0988,62,15,77,117,65.81%,68,6,74
"Justice, 14th Court of Appeals District, Place 9",0989,0,0,0,0,0.00%,0,0,0
"Justice, 14th Court of Appeals District, Place 9",0990,5,6,11,66,16.67%,4,7,11
"Justice, 14th Court of Appeals District, Place 9",0991,0,1,1,2,50.00%,0,1,1
"Justice, 14th Court of Appeals District, Place 9",0992,456,106,562,1075,52.28%,260,267,527
"Justice, 14th Court of Appeals District, Place 9",0993,0,0,0,0,0.00%,0,0,0
"Justice, 14th Court of Appeals District, Place 9",0994,56,12,68,75,90.67%,21,45,66
"Justice, 14th Court of Appeals District, Place 9",0995,753,193,946,1576,60.03%,97,807,904
"Justice, 14th Court of Appeals District, Place 9",0996,403,70,473,708,66.81%,246,195,441
"Justice, 14th Court of Appeals District, Place 9",0997,522,283,805,1909,42.17%,147,637,784
"Justice, 14th Court of Appeals District, Place 9",0998,24,12,36,68,52.94%,21,13,34
"Justice, 14th Court of Appeals District, Place 9",0999,0,0,0,0,0.00%,0,0,0
"Justice, 14th Court of Appeals District, Place 9",1000,122,22,144,428,33.64%,25,115,140
"Justice, 14th Court of Appeals District, Place 9",1001,519,280,799,1654,48.31%,156,602,758
"Justice, 14th Court of Appeals District, Place 9",1002,480,270,750,1804,41.57%,107,601,708
"Justice, 14th Court of Appeals District, Place 9",1003,0,0,0,0,0.00%,0,0,0
"Justice, 14th Court of Appeals District, Place 9",1004,351,114,465,691,67.29%,233,206,439
"Justice, 14th Court of Appeals District, Place 9",1005,0,0,0,0,0.00%,0,0,0
"Justice, 14th Court of Appeals District, Place 9",1006,0,0,0,0,0.00%,0,0,0
"Justice, 14th Court of Appeals District, Place 9",1007,695,306,1001,1775,56.39%,221,740,961
"Justice, 14th Court of Appeals District, Place 9",1008,620,107,727,1011,71.91%,564,132,696
"Justice, 14th Court of Appeals District, Place 9",1009,0,0,0,0,0.00%,0,0,0
"Justice, 14th Court of Appeals District, Place 9",1010,292,96,388,647,59.97%,75,297,372
"Justice, 14th Court of Appeals District, Place 9",1011,9,6,15,31,48.39%,8,7,15
"Justice, 14th Court of Appeals District, Place 9",1012,543,362,905,1633,55.42%,209,649,858
"Justice, 14th Court of Appeals District, Place 9",Totals:,982016,353327,1335343,2182980,621960,650391,1272351
