Office,Precinct,Early Ballots Cast,Election Ballots Cast,Total Ballots Cast,Registered Voters,Percent Turnout,REP Eva Guzman,DEM Savannah Robinson,LIB Don Fulton,GRN Jim Chisholm,Totals
"Justice, Supreme Court, Place 9",0001,1426,496,1922,2682,71.66%,736,979,94,34,1843
"Justice, Supreme Court, Place 9",0002,1007,370,1377,2099,65.60%,578,645,74,26,1323
"Justice, Supreme Court, Place 9",0003,875,336,1211,1625,74.52%,515,559,48,23,1145
"Justice, Supreme Court, Place 9",0004,955,369,1324,1709,77.47%,515,674,59,22,1270
"Justice, Supreme Court, Place 9",0005,760,380,1140,1470,77.55%,466,549,65,20,1100
"Justice, Supreme Court, Place 9",0006,1841,628,2469,4084,60.46%,1157,1104,86,40,2387
"Justice, Supreme Court, Place 9",0007,430,125,555,1002,55.39%,22,511,4,2,539
"Justice, Supreme Court, Place 9",0008,891,351,1242,1848,67.21%,586,539,50,26,1201
"Justice, Supreme Court, Place 9",0009,662,312,974,1861,52.34%,260,604,30,28,922
"Justice, Supreme Court, Place 9",0010,703,232,935,1830,51.09%,223,611,18,15,867
"Justice, Supreme Court, Place 9",0011,619,258,877,1748,50.17%,216,588,12,15,831
"Justice, Supreme Court, Place 9",0012,230,65,295,731,40.36%,151,120,11,2,284
"Justice, Supreme Court, Place 9",0013,1232,382,1614,2751,58.67%,1024,456,49,21,1550
"Justice, Supreme Court, Place 9",0014,992,429,1421,1924,73.86%,744,559,49,24,1376
"Justice, Supreme Court, Place 9",0015,1490,849,2339,2852,82.01%,1446,734,46,9,2235
"Justice, Supreme Court, Place 9",0016,683,189,872,1284,67.91%,420,365,48,11,844
"Justice, Supreme Court, Place 9",0017,452,293,745,1198,62.19%,320,369,15,4,708
"Justice, Supreme Court, Place 9",0018,744,367,1111,1456,76.30%,556,465,34,12,1067
"Justice, Supreme Court, Place 9",0019,652,293,945,1288,73.37%,317,517,56,15,905
"Justice, Supreme Court, Place 9",0020,1013,335,1348,2780,48.49%,442,745,74,28,1289
"Justice, Supreme Court, Place 9",0021,541,207,748,1229,60.86%,166,485,56,20,727
"Justice, Supreme Court, Place 9",0022,936,419,1355,2501,54.18%,214,1045,27,28,1314
"Justice, Supreme Court, Place 9",0023,132,74,206,551,37.39%,47,139,10,5,201
"Justice, Supreme Court, Place 9",0024,294,36,330,712,46.35%,64,243,5,10,322
"Justice, Supreme Court, Place 9",0025,241,292,533,1105,48.24%,24,483,2,7,516
"Justice, Supreme Court, Place 9",0026,836,313,1149,1969,58.35%,293,731,27,35,1086
"Justice, Supreme Court, Place 9",0027,1394,508,1902,3271,58.15%,483,1231,37,48,1799
"Justice, Supreme Court, Place 9",0028,1517,446,1963,3307,59.36%,1089,755,47,22,1913
"Justice, Supreme Court, Place 9",0029,648,490,1138,2722,41.81%,368,676,15,25,1084
"Justice, Supreme Court, Place 9",0030,1292,546,1838,2818,65.22%,551,1097,77,27,1752
"Justice, Supreme Court, Place 9",0031,786,453,1239,2656,46.65%,36,1137,12,10,1195
"Justice, Supreme Court, Place 9",0032,1269,504,1773,2728,64.99%,748,816,108,22,1694
"Justice, Supreme Court, Place 9",0033,2086,554,2640,3907,67.57%,998,1337,136,39,2510
"Justice, Supreme Court, Place 9",0034,1613,517,2130,3044,69.97%,532,1373,97,51,2053
Office,Precinct,Early Ballots Cast,Election Ballots Cast,Total Ballots Cast,Registered Voters,Percent Turnout,REP Eva Guzman,DEM Savannah Robinson,LIB Don Fulton,GRN Jim Chisholm,Totals
"Justice, Supreme Court, Place 9",0035,5,0,5,14,35.71%,2,2,0,1,5
"Justice, Supreme Court, Place 9",0036,1032,516,1548,3100,49.94%,362,1069,30,24,1485
"Justice, Supreme Court, Place 9",0037,1537,409,1946,2467,78.88%,716,1041,73,26,1856
"Justice, Supreme Court, Place 9",0038,1879,436,2315,3081,75.14%,827,1244,96,42,2209
"Justice, Supreme Court, Place 9",0039,1711,492,2203,3070,71.76%,663,1314,76,39,2092
"Justice, Supreme Court, Place 9",0040,275,107,382,527,72.49%,225,132,8,1,366
"Justice, Supreme Court, Place 9",0041,712,264,976,1518,64.30%,403,504,36,7,950
"Justice, Supreme Court, Place 9",0042,438,109,547,1062,51.51%,16,515,2,3,536
"Justice, Supreme Court, Place 9",0043,817,300,1117,1972,56.64%,463,537,36,25,1061
"Justice, Supreme Court, Place 9",0044,729,310,1039,2126,48.87%,262,647,29,27,965
"Justice, Supreme Court, Place 9",0045,2263,1021,3284,5740,57.21%,649,2411,64,35,3159
"Justice, Supreme Court, Place 9",0046,876,341,1217,2568,47.39%,235,862,28,27,1152
"Justice, Supreme Court, Place 9",0047,507,268,775,1618,47.90%,44,701,6,6,757
"Justice, Supreme Court, Place 9",0048,348,168,516,967,53.36%,52,425,10,9,496
"Justice, Supreme Court, Place 9",0049,1548,731,2279,3709,61.45%,1478,648,57,26,2209
"Justice, Supreme Court, Place 9",0050,1838,680,2518,4314,58.37%,1181,1169,70,31,2451
"Justice, Supreme Court, Place 9",0051,829,271,1100,1734,63.44%,778,250,33,13,1074
"Justice, Supreme Court, Place 9",0052,1408,456,1864,2581,72.22%,881,792,78,32,1783
"Justice, Supreme Court, Place 9",0053,1680,613,2293,3083,74.38%,994,1035,109,40,2178
"Justice, Supreme Court, Place 9",0054,1056,211,1267,1619,78.26%,639,519,43,11,1212
"Justice, Supreme Court, Place 9",0055,1272,410,1682,2094,80.32%,690,789,93,28,1600
"Justice, Supreme Court, Place 9",0056,698,283,981,1393,70.42%,558,331,39,21,949
"Justice, Supreme Court, Place 9",0057,2045,567,2612,3325,78.56%,1158,1183,121,43,2505
"Justice, Supreme Court, Place 9",0058,1717,484,2201,3031,72.62%,1018,961,95,26,2100
"Justice, Supreme Court, Place 9",0059,1594,439,2033,2671,76.11%,891,930,88,36,1945
"Justice, Supreme Court, Place 9",0060,1477,537,2014,2766,72.81%,586,1206,78,57,1927
"Justice, Supreme Court, Place 9",0061,519,423,942,1847,51.00%,271,592,21,11,895
"Justice, Supreme Court, Place 9",0062,689,452,1141,2195,51.98%,268,767,16,21,1072
"Justice, Supreme Court, Place 9",0063,767,391,1158,1903,60.85%,879,195,29,14,1117
"Justice, Supreme Court, Place 9",0064,678,368,1046,2220,47.12%,242,709,13,18,982
"Justice, Supreme Court, Place 9",0065,639,435,1074,2178,49.31%,217,767,25,20,1029
"Justice, Supreme Court, Place 9",0066,247,255,502,1135,44.23%,104,364,6,7,481
"Justice, Supreme Court, Place 9",0067,944,521,1465,3019,48.53%,348,988,26,16,1378
"Justice, Supreme Court, Place 9",0068,1172,430,1602,3096,51.74%,41,1488,10,15,1554
Office,Precinct,Early Ballots Cast,Election Ballots Cast,Total Ballots Cast,Registered Voters,Percent Turnout,REP Eva Guzman,DEM Savannah Robinson,LIB Don Fulton,GRN Jim Chisholm,Totals
"Justice, Supreme Court, Place 9",0069,375,222,597,1309,45.61%,136,400,9,11,556
"Justice, Supreme Court, Place 9",0070,2297,670,2967,3815,77.77%,1742,1003,87,24,2856
"Justice, Supreme Court, Place 9",0071,2719,947,3666,5016,73.09%,1744,1523,221,36,3524
"Justice, Supreme Court, Place 9",0072,737,418,1155,2029,56.92%,357,707,22,20,1106
"Justice, Supreme Court, Place 9",0073,813,282,1095,1621,67.55%,577,406,37,23,1043
"Justice, Supreme Court, Place 9",0074,2503,268,2771,3578,77.45%,2039,561,60,21,2681
"Justice, Supreme Court, Place 9",0075,1002,286,1288,1684,76.48%,567,570,68,27,1232
"Justice, Supreme Court, Place 9",0076,1015,427,1442,2441,59.07%,717,624,30,18,1389
"Justice, Supreme Court, Place 9",0077,2,5,7,17,41.18%,2,5,0,0,7
"Justice, Supreme Court, Place 9",0078,619,254,873,1608,54.29%,260,517,28,13,818
"Justice, Supreme Court, Place 9",0079,831,602,1433,2963,48.36%,318,977,29,29,1353
"Justice, Supreme Court, Place 9",0080,1175,466,1641,2840,57.78%,391,1145,18,14,1568
"Justice, Supreme Court, Place 9",0081,776,273,1049,1964,53.41%,316,648,13,17,994
"Justice, Supreme Court, Place 9",0082,1588,756,2344,3539,66.23%,1611,555,88,24,2278
"Justice, Supreme Court, Place 9",0083,1834,540,2374,4174,56.88%,895,1335,53,22,2305
"Justice, Supreme Court, Place 9",0084,573,257,830,1421,58.41%,567,214,20,12,813
"Justice, Supreme Court, Place 9",0085,603,329,932,2169,42.97%,40,838,11,18,907
"Justice, Supreme Court, Place 9",0086,2040,493,2533,3449,73.44%,1165,1088,131,43,2427
"Justice, Supreme Court, Place 9",0087,1452,719,2171,2839,76.47%,1408,615,54,11,2088
"Justice, Supreme Court, Place 9",0088,338,141,479,784,61.10%,292,143,17,6,458
"Justice, Supreme Court, Place 9",0089,399,424,823,1094,75.23%,490,255,28,11,784
"Justice, Supreme Court, Place 9",0090,1860,890,2750,3883,70.82%,1940,598,108,31,2677
"Justice, Supreme Court, Place 9",0091,673,339,1012,1724,58.70%,546,354,36,30,966
"Justice, Supreme Court, Place 9",0092,1266,474,1740,2260,76.99%,1099,501,67,18,1685
"Justice, Supreme Court, Place 9",0093,1049,619,1668,3536,47.17%,525,1039,25,23,1612
"Justice, Supreme Court, Place 9",0094,202,63,265,580,45.69%,57,185,10,4,256
"Justice, Supreme Court, Place 9",0095,2025,534,2560,3394,75.43%,1629,741,92,28,2490
"Justice, Supreme Court, Place 9",0096,828,306,1134,2060,55.05%,171,887,22,11,1091
"Justice, Supreme Court, Place 9",0097,2515,467,2982,4414,67.56%,2142,622,89,40,2893
"Justice, Supreme Court, Place 9",0098,1385,594,1979,3161,62.61%,1557,285,54,24,1920
"Justice, Supreme Court, Place 9",0099,681,295,976,2192,44.53%,402,492,23,22,939
"Justice, Supreme Court, Place 9",0100,531,276,807,1825,44.22%,319,426,24,14,783
"Justice, Supreme Court, Place 9",0101,221,129,350,988,35.43%,86,238,8,8,340
"Justice, Supreme Court, Place 9",0102,581,227,808,1907,42.37%,209,529,16,19,773
Office,Precinct,Early Ballots Cast,Election Ballots Cast,Total Ballots Cast,Registered Voters,Percent Turnout,REP Eva Guzman,DEM Savannah Robinson,LIB Don Fulton,GRN Jim Chisholm,Totals
"Justice, Supreme Court, Place 9",0103,2148,985,3133,5097,61.47%,1484,1433,89,45,3051
"Justice, Supreme Court, Place 9",0104,915,211,1126,1920,58.65%,28,1059,6,5,1098
"Justice, Supreme Court, Place 9",0105,709,433,1142,2304,49.57%,334,707,25,19,1085
"Justice, Supreme Court, Place 9",0106,73,59,132,299,44.15%,43,83,1,2,129
"Justice, Supreme Court, Place 9",0107,594,403,997,2230,44.71%,188,743,17,12,960
"Justice, Supreme Court, Place 9",0108,1464,448,1912,3674,52.04%,903,860,41,26,1830
"Justice, Supreme Court, Place 9",0109,1098,278,1376,2909,47.30%,34,1287,3,12,1336
"Justice, Supreme Court, Place 9",0110,1664,481,2145,3222,66.57%,1207,821,47,19,2094
"Justice, Supreme Court, Place 9",0111,2701,866,3567,4792,74.44%,2399,912,110,36,3457
"Justice, Supreme Court, Place 9",0112,1509,598,2107,3188,66.09%,1325,598,87,24,2034
"Justice, Supreme Court, Place 9",0113,1308,418,1726,2718,63.50%,882,736,37,18,1673
"Justice, Supreme Court, Place 9",0114,2294,506,2800,3885,72.07%,1959,635,95,32,2721
"Justice, Supreme Court, Place 9",0115,609,272,881,1843,47.80%,95,735,7,8,845
"Justice, Supreme Court, Place 9",0116,1898,599,2497,3194,78.18%,1892,466,56,15,2429
"Justice, Supreme Court, Place 9",0117,574,379,953,1900,50.16%,345,512,33,18,908
"Justice, Supreme Court, Place 9",0118,1825,530,2355,3181,74.03%,1223,960,71,29,2283
"Justice, Supreme Court, Place 9",0119,2763,409,3172,4682,67.75%,2410,544,85,36,3075
"Justice, Supreme Court, Place 9",0120,1812,588,2400,3732,64.31%,1407,812,71,20,2310
"Justice, Supreme Court, Place 9",0121,354,221,575,966,59.52%,348,181,21,10,560
"Justice, Supreme Court, Place 9",0122,733,284,1017,1904,53.41%,60,906,11,4,981
"Justice, Supreme Court, Place 9",0123,750,287,1037,1585,65.43%,307,628,40,25,1000
"Justice, Supreme Court, Place 9",0124,3137,888,4025,5393,74.63%,3077,724,106,33,3940
"Justice, Supreme Court, Place 9",0125,1207,400,1607,2593,61.97%,824,657,53,29,1563
"Justice, Supreme Court, Place 9",0126,2021,427,2448,3380,72.43%,2014,290,69,16,2389
"Justice, Supreme Court, Place 9",0127,979,214,1193,2091,57.05%,794,290,42,16,1142
"Justice, Supreme Court, Place 9",0128,1107,812,1719,2322,74.03%,1103,489,34,11,1637
"Justice, Supreme Court, Place 9",0129,2549,1052,3601,5172,69.62%,2098,1225,101,50,3474
"Justice, Supreme Court, Place 9",0130,1314,433,1747,2289,76.32%,1247,404,26,14,1691
"Justice, Supreme Court, Place 9",0131,801,371,1172,2147,54.59%,251,867,18,16,1152
"Justice, Supreme Court, Place 9",0132,1030,322,1352,2378,56.85%,41,1267,7,6,1321
"Justice, Supreme Court, Place 9",0133,1412,746,2158,2690,80.22%,1237,746,61,22,2066
"Justice, Supreme Court, Place 9",0134,594,345,939,1513,62.06%,388,480,20,17,905
"Justice, Supreme Court, Place 9",0135,1521,551,2172,2777,78.21%,1424,583,74,11,2092
"Justice, Supreme Court, Place 9",0136,985,352,1337,2116,63.19%,79,1164,22,25,1290
Office,Precinct,Early Ballots Cast,Election Ballots Cast,Total Ballots Cast,Registered Voters,Percent Turnout,REP Eva Guzman,DEM Savannah Robinson,LIB Don Fulton,GRN Jim Chisholm,Totals
"Justice, Supreme Court, Place 9",0137,993,259,1252,1986,63.04%,805,357,44,14,1220
"Justice, Supreme Court, Place 9",0138,601,228,829,1723,48.11%,38,758,4,6,806
"Justice, Supreme Court, Place 9",0139,1947,601,2548,3435,74.18%,1196,1097,105,33,2431
"Justice, Supreme Court, Place 9",0140,1525,510,2035,3270,62.23%,349,1540,43,30,1962
"Justice, Supreme Court, Place 9",0141,217,153,370,904,40.93%,196,132,15,7,350
"Justice, Supreme Court, Place 9",0142,293,140,433,933,46.41%,104,288,7,4,403
"Justice, Supreme Court, Place 9",0143,1868,267,2135,2582,82.69%,1387,663,41,6,2097
"Justice, Supreme Court, Place 9",0144,442,125,567,1086,52.21%,16,528,4,2,550
"Justice, Supreme Court, Place 9",0145,560,256,815,1564,52.17%,17,770,6,5,798
"Justice, Supreme Court, Place 9",0146,1000,494,1494,2073,72.07%,633,709,63,27,1432
"Justice, Supreme Court, Place 9",0147,1412,354,1766,3211,55.00%,225,1462,19,14,1720
"Justice, Supreme Court, Place 9",0148,1266,652,1918,2571,74.60%,853,899,59,16,1827
"Justice, Supreme Court, Place 9",0149,2941,573,3514,4756,73.89%,1882,1413,115,28,3438
"Justice, Supreme Court, Place 9",0150,582,223,805,1574,51.14%,32,734,8,7,781
"Justice, Supreme Court, Place 9",0151,282,107,389,826,47.09%,19,353,2,1,375
"Justice, Supreme Court, Place 9",0152,838,524,1362,3059,44.52%,313,947,22,11,1293
"Justice, Supreme Court, Place 9",0153,545,399,944,1873,50.40%,240,634,21,18,913
"Justice, Supreme Court, Place 9",0154,913,289,1202,2293,52.42%,301,791,21,17,1130
"Justice, Supreme Court, Place 9",0155,2275,576,2851,4065,70.14%,1780,905,57,12,2754
"Justice, Supreme Court, Place 9",0156,1415,403,1818,3223,56.41%,104,1608,31,17,1760
"Justice, Supreme Court, Place 9",0157,880,278,1158,2265,51.13%,68,1034,17,6,1125
"Justice, Supreme Court, Place 9",0158,1145,365,1510,3049,49.52%,37,1420,6,13,1476
"Justice, Supreme Court, Place 9",0159,350,147,497,997,49.85%,85,381,11,4,481
"Justice, Supreme Court, Place 9",0160,286,67,353,717,49.23%,14,318,8,3,343
"Justice, Supreme Court, Place 9",0161,378,173,551,992,55.54%,18,505,4,4,531
"Justice, Supreme Court, Place 9",0162,364,267,531,1312,48.09%,166,407,14,10,597
"Justice, Supreme Court, Place 9",0163,1083,524,1607,3075,52.26%,490,946,25,24,1485
"Justice, Supreme Court, Place 9",0164,441,258,699,1407,49.68%,23,642,4,2,671
"Justice, Supreme Court, Place 9",0165,1172,469,1641,2460,66.71%,910,579,67,23,1579
"Justice, Supreme Court, Place 9",0166,563,261,824,1171,70.37%,289,445,32,15,781
"Justice, Supreme Court, Place 9",0167,5,2,7,24,29.17%,1,6,0,0,7
"Justice, Supreme Court, Place 9",0168,196,59,255,512,49.80%,6,241,1,1,249
"Justice, Supreme Court, Place 9",0169,985,247,1232,2548,48.35%,32,1142,16,7,1197
"Justice, Supreme Court, Place 9",0170,554,262,926,1958,47.29%,421,422,23,10,876
Office,Precinct,Early Ballots Cast,Election Ballots Cast,Total Ballots Cast,Registered Voters,Percent Turnout,REP Eva Guzman,DEM Savannah Robinson,LIB Don Fulton,GRN Jim Chisholm,Totals
"Justice, Supreme Court, Place 9",0171,482,283,765,1648,46.42%,44,672,11,5,732
"Justice, Supreme Court, Place 9",0172,245,103,348,661,52.65%,105,221,7,6,339
"Justice, Supreme Court, Place 9",0173,2262,883,2945,3966,74.26%,2137,610,85,22,2854
"Justice, Supreme Court, Place 9",0174,1718,707,2425,3389,71.56%,1596,630,82,23,2331
"Justice, Supreme Court, Place 9",0175,1403,691,2094,2711,77.24%,1115,820,48,17,2000
"Justice, Supreme Court, Place 9",0176,767,375,1142,1533,74.49%,583,460,26,6,1075
"Justice, Supreme Court, Place 9",0177,943,333,1276,1715,74.40%,687,458,58,18,1221
"Justice, Supreme Court, Place 9",0178,1116,273,1389,1795,77.38%,933,343,42,10,1328
"Justice, Supreme Court, Place 9",0179,773,244,1017,1673,60.79%,468,442,43,19,972
"Justice, Supreme Court, Place 9",0180,930,463,1393,2914,47.80%,56,1255,20,12,1343
"Justice, Supreme Court, Place 9",0181,698,439,1137,2195,51.80%,290,763,18,12,1083
"Justice, Supreme Court, Place 9",0182,1952,994,2946,4071,72.37%,1622,1078,73,31,2804
"Justice, Supreme Court, Place 9",0183,1289,715,2004,2535,79.05%,1340,539,35,12,1926
"Justice, Supreme Court, Place 9",0184,278,219,497,1048,47.42%,136,318,10,8,472
"Justice, Supreme Court, Place 9",0185,709,444,1153,2054,56.13%,313,743,24,16,1096
"Justice, Supreme Court, Place 9",0186,252,150,402,798,50.38%,48,337,5,2,392
"Justice, Supreme Court, Place 9",0187,96,51,147,309,47.57%,34,97,1,3,135
"Justice, Supreme Court, Place 9",0188,499,306,805,1711,47.05%,257,489,17,10,773
"Justice, Supreme Court, Place 9",0189,805,279,1084,1505,72.03%,603,388,34,14,1039
"Justice, Supreme Court, Place 9",0190,571,326,897,1849,48.51%,250,560,22,19,851
"Justice, Supreme Court, Place 9",0191,327,259,586,1408,41.62%,182,360,14,8,564
"Justice, Supreme Court, Place 9",0192,757,259,1016,1959,51.86%,74,888,12,12,986
"Justice, Supreme Court, Place 9",0193,376,211,587,1099,53.41%,24,519,16,10,569
"Justice, Supreme Court, Place 9",0194,1144,449,1593,2172,73.34%,455,968,63,34,1520
"Justice, Supreme Court, Place 9",0195,606,344,950,1739,54.63%,56,831,10,13,910
"Justice, Supreme Court, Place 9",0196,133,37,170,313,54.31%,19,134,3,6,162
"Justice, Supreme Court, Place 9",0197,998,372,1368,2969,46.08%,43,1262,8,21,1334
"Justice, Supreme Court, Place 9",0198,161,82,243,619,39.26%,9,216,4,6,235
"Justice, Supreme Court, Place 9",0199,1932,815,2747,4063,67.61%,2010,532,110,18,2670
"Justice, Supreme Court, Place 9",0200,2317,377,2694,3692,72.97%,1247,1206,100,24,2577
"Justice, Supreme Court, Place 9",0201,222,105,327,773,42.30%,10,300,3,5,318
"Justice, Supreme Court, Place 9",0202,421,233,654,1410,46.38%,27,594,6,3,630
"Justice, Supreme Court, Place 9",0203,298,111,409,988,41.40%,72,304,10,4,390
"Justice, Supreme Court, Place 9",0204,2104,577,2681,3568,75.14%,1419,983,126,33,2561
Office,Precinct,Early Ballots Cast,Election Ballots Cast,Total Ballots Cast,Registered Voters,Percent Turnout,REP Eva Guzman,DEM Savannah Robinson,LIB Don Fulton,GRN Jim Chisholm,Totals
"Justice, Supreme Court, Place 9",0205,772,171,943,1724,54.70%,21,885,10,7,923
"Justice, Supreme Court, Place 9",0206,1278,494,1772,2965,59.76%,584,994,75,35,1688
"Justice, Supreme Court, Place 9",0207,606,212,818,1166,70.15%,298,445,31,12,786
"Justice, Supreme Court, Place 9",0208,910,338,1248,2256,55.32%,305,829,22,20,1176
"Justice, Supreme Court, Place 9",0209,0,0,0,0,0.00%,0,0,0,0,0
"Justice, Supreme Court, Place 9",0210,1269,489,1758,2781,63.21%,273,1355,46,40,1714
"Justice, Supreme Court, Place 9",0211,966,595,1561,3130,49.87%,485,935,39,25,1484
"Justice, Supreme Court, Place 9",0212,309,323,632,1370,46.13%,130,462,7,5,604
"Justice, Supreme Court, Place 9",0213,1782,795,2577,3406,75.66%,2049,416,42,13,2520
"Justice, Supreme Court, Place 9",0214,1017,418,1435,1911,75.09%,855,459,38,17,1369
"Justice, Supreme Court, Place 9",0215,1097,636,1733,2286,75.81%,1021,573,49,24,1667
"Justice, Supreme Court, Place 9",0216,778,244,1022,1966,51.98%,74,892,14,10,990
"Justice, Supreme Court, Place 9",0217,1547,618,2165,2736,79.13%,1458,577,44,18,2097
"Justice, Supreme Court, Place 9",0218,1101,457,1558,2467,63.15%,458,943,32,26,1459
"Justice, Supreme Court, Place 9",0219,1125,515,1641,2868,57.22%,163,1369,22,15,1569
"Justice, Supreme Court, Place 9",0220,833,306,1139,2362,48.22%,712,336,24,15,1087
"Justice, Supreme Court, Place 9",0221,1032,473,1505,2598,57.93%,530,853,19,18,1420
"Justice, Supreme Court, Place 9",0222,1461,671,2132,2728,78.15%,1107,871,40,14,2032
"Justice, Supreme Court, Place 9",0223,1766,517,2283,3664,62.31%,614,1430,92,51,2187
"Justice, Supreme Court, Place 9",0224,1165,495,1551,2313,71.81%,794,728,47,18,1587
"Justice, Supreme Court, Place 9",0225,1357,596,1953,3689,52.94%,806,1008,54,29,1897
"Justice, Supreme Court, Place 9",0226,840,421,1261,2554,49.37%,297,879,20,19,1215
"Justice, Supreme Court, Place 9",0227,1071,359,1430,1810,79.01%,1109,248,26,4,1387
"Justice, Supreme Court, Place 9",0228,628,159,787,1175,66.98%,56,703,10,6,775
"Justice, Supreme Court, Place 9",0229,229,168,397,828,47.95%,126,237,7,4,374
"Justice, Supreme Court, Place 9",0230,354,155,519,1094,47.44%,21,475,5,3,504
"Justice, Supreme Court, Place 9",0231,802,445,1247,2376,52.48%,293,861,24,13,1191
"Justice, Supreme Court, Place 9",0232,942,438,1380,1826,75.58%,781,493,31,14,1319
"Justice, Supreme Court, Place 9",0233,2583,703,3286,4713,69.72%,1526,1408,152,56,3142
"Justice, Supreme Court, Place 9",0234,2425,728,3153,4042,78.01%,2366,624,53,13,3056
"Justice, Supreme Court, Place 9",0235,461,203,664,1421,46.73%,25,598,7,7,637
"Justice, Supreme Court, Place 9",0236,555,308,964,2104,45.82%,54,864,9,11,938
"Justice, Supreme Court, Place 9",0237,740,312,1052,2146,49.02%,30,986,7,7,1030
"Justice, Supreme Court, Place 9",0238,607,317,924,1948,47.43%,41,829,5,8,883
Office,Precinct,Early Ballots Cast,Election Ballots Cast,Total Ballots Cast,Registered Voters,Percent Turnout,REP Eva Guzman,DEM Savannah Robinson,LIB Don Fulton,GRN Jim Chisholm,Totals
"Justice, Supreme Court, Place 9",0239,694,334,1028,1984,51.81%,39,947,10,11,1007
"Justice, Supreme Court, Place 9",0240,1008,292,1300,2601,49.98%,31,1218,11,13,1273
"Justice, Supreme Court, Place 9",0241,652,383,1035,2466,41.97%,352,617,16,11,996
"Justice, Supreme Court, Place 9",0242,507,314,821,1744,47.08%,356,385,18,14,773
"Justice, Supreme Court, Place 9",0243,245,42,287,475,60.42%,4,278,1,2,285
"Justice, Supreme Court, Place 9",0244,1412,538,1950,3296,59.16%,911,889,60,21,1881
"Justice, Supreme Court, Place 9",0245,2103,811,2914,4679,62.28%,1773,907,109,30,2819
"Justice, Supreme Court, Place 9",0246,2214,482,2696,3971,67.89%,1636,885,65,24,2610
"Justice, Supreme Court, Place 9",0247,441,376,817,1595,51.22%,23,759,12,11,805
"Justice, Supreme Court, Place 9",0248,454,347,801,2147,37.31%,190,556,13,9,768
"Justice, Supreme Court, Place 9",0249,1127,365,1492,2825,52.81%,906,495,42,23,1466
"Justice, Supreme Court, Place 9",0250,288,183,471,925,50.92%,20,438,2,4,464
"Justice, Supreme Court, Place 9",0251,806,378,1184,2132,55.53%,64,1060,9,8,1141
"Justice, Supreme Court, Place 9",0252,927,309,1236,2292,53.93%,26,1159,6,10,1201
"Justice, Supreme Court, Place 9",0253,760,311,1071,2154,49.72%,34,1004,9,5,1052
"Justice, Supreme Court, Place 9",0254,411,280,691,1675,41.25%,163,476,11,12,662
"Justice, Supreme Court, Place 9",0255,1257,586,1843,2489,74.05%,836,844,55,24,1759
"Justice, Supreme Court, Place 9",0256,1398,583,1981,3321,59.65%,696,1127,36,38,1897
"Justice, Supreme Court, Place 9",0257,999,622,1621,3497,46.35%,398,1110,27,27,1562
"Justice, Supreme Court, Place 9",0258,1948,608,2556,3346,76.39%,1838,536,79,22,2475
"Justice, Supreme Court, Place 9",0259,1031,414,1445,2312,62.50%,35,1351,14,6,1406
"Justice, Supreme Court, Place 9",0260,548,227,775,1300,59.62%,373,345,17,10,745
"Justice, Supreme Court, Place 9",0261,442,531,973,1457,66.78%,295,610,17,6,928
"Justice, Supreme Court, Place 9",0262,1849,676,2525,4397,57.43%,1339,970,86,31,2426
"Justice, Supreme Court, Place 9",0263,2212,665,2877,4016,71.64%,1984,708,62,24,2778
"Justice, Supreme Court, Place 9",0264,1114,627,1741,3101,56.14%,858,709,63,30,1660
"Justice, Supreme Court, Place 9",0265,1995,608,2603,3582,72.67%,1838,574,65,25,2502
"Justice, Supreme Court, Place 9",0266,737,443,1180,2147,54.96%,446,640,26,18,1130
"Justice, Supreme Court, Place 9",0267,421,293,714,1433,49.83%,263,392,17,12,684
"Justice, Supreme Court, Place 9",0268,1178,689,1867,2528,73.85%,1094,629,48,16,1787
"Justice, Supreme Court, Place 9",0269,1307,365,1672,2114,79.09%,1285,302,20,7,1614
"Justice, Supreme Court, Place 9",0270,1816,688,2504,3985,62.84%,1231,1028,74,57,2390
"Justice, Supreme Court, Place 9",0271,1150,346,1496,2558,58.48%,35,1413,12,8,1468
"Justice, Supreme Court, Place 9",0272,871,415,1286,2334,55.10%,441,726,50,23,1240
Office,Precinct,Early Ballots Cast,Election Ballots Cast,Total Ballots Cast,Registered Voters,Percent Turnout,REP Eva Guzman,DEM Savannah Robinson,LIB Don Fulton,GRN Jim Chisholm,Totals
"Justice, Supreme Court, Place 9",0273,1176,647,1823,2485,73.36%,1433,307,33,12,1785
"Justice, Supreme Court, Place 9",0274,1263,311,1574,2223,70.81%,987,445,46,28,1506
"Justice, Supreme Court, Place 9",0275,586,334,920,2059,44.68%,171,696,15,10,892
"Justice, Supreme Court, Place 9",0276,1027,255,1282,2458,52.16%,19,1227,8,5,1259
"Justice, Supreme Court, Place 9",0277,573,338,911,1898,48.00%,319,526,18,15,878
"Justice, Supreme Court, Place 9",0278,1059,469,1528,2602,58.72%,667,741,28,24,1460
"Justice, Supreme Court, Place 9",0279,790,314,1104,2073,53.26%,610,409,31,17,1067
"Justice, Supreme Court, Place 9",0280,444,362,806,1656,48.67%,245,494,22,10,771
"Justice, Supreme Court, Place 9",0281,1287,590,1877,2507,74.87%,971,735,42,20,1768
"Justice, Supreme Court, Place 9",0282,777,604,1381,2144,64.41%,773,508,43,16,1340
"Justice, Supreme Court, Place 9",0283,2353,1143,3496,6365,54.93%,550,2732,63,53,3398
"Justice, Supreme Court, Place 9",0284,1592,574,2166,4079,53.10%,719,1276,45,29,2069
"Justice, Supreme Court, Place 9",0285,1080,431,1511,2680,56.38%,152,1282,18,14,1466
"Justice, Supreme Court, Place 9",0286,1714,545,2259,3757,60.13%,216,1931,36,18,2201
"Justice, Supreme Court, Place 9",0287,853,408,1261,1658,76.06%,619,527,41,28,1215
"Justice, Supreme Court, Place 9",0288,883,314,1197,2208,54.21%,31,1128,5,11,1175
"Justice, Supreme Court, Place 9",0289,481,352,833,1584,52.59%,313,443,16,12,784
"Justice, Supreme Court, Place 9",0290,705,332,1037,1623,63.89%,742,235,36,6,1019
"Justice, Supreme Court, Place 9",0291,604,233,837,1218,68.72%,368,402,31,5,806
"Justice, Supreme Court, Place 9",0292,549,178,727,1379,52.72%,91,595,9,8,703
"Justice, Supreme Court, Place 9",0293,778,475,1253,1811,69.19%,523,599,44,23,1189
"Justice, Supreme Court, Place 9",0294,852,198,1050,2054,51.12%,15,1005,6,7,1033
"Justice, Supreme Court, Place 9",0295,270,111,381,894,42.62%,10,355,3,3,371
"Justice, Supreme Court, Place 9",0296,701,385,1086,1705,63.70%,544,432,29,21,1026
"Justice, Supreme Court, Place 9",0297,730,341,1071,2055,52.12%,372,609,31,25,1037
"Justice, Supreme Court, Place 9",0298,1096,387,1483,2236,66.32%,726,638,54,20,1438
"Justice, Supreme Court, Place 9",0299,499,236,735,1506,48.80%,227,435,16,20,698
"Justice, Supreme Court, Place 9",0300,3386,728,4114,5480,75.07%,3024,841,116,22,4003
"Justice, Supreme Court, Place 9",0301,737,392,1129,2337,48.31%,385,649,34,10,1078
"Justice, Supreme Court, Place 9",0302,1199,591,1790,3277,54.62%,875,786,49,21,1731
"Justice, Supreme Court, Place 9",0303,1902,692,2594,3375,76.86%,1989,462,45,17,2513
"Justice, Supreme Court, Place 9",0304,1190,474,1664,2326,71.54%,916,579,59,28,1582
"Justice, Supreme Court, Place 9",0305,2156,645,2801,4838,57.90%,889,1709,70,39,2707
"Justice, Supreme Court, Place 9",0306,1096,299,1395,1896,73.58%,974,316,39,16,1345
Office,Precinct,Early Ballots Cast,Election Ballots Cast,Total Ballots Cast,Registered Voters,Percent Turnout,REP Eva Guzman,DEM Savannah Robinson,LIB Don Fulton,GRN Jim Chisholm,Totals
"Justice, Supreme Court, Place 9",0307,1458,801,2259,3270,69.08%,1429,604,97,36,2166
"Justice, Supreme Court, Place 9",0308,527,225,752,1457,51.61%,197,498,17,7,719
"Justice, Supreme Court, Place 9",0309,2151,591,2752,3495,78.74%,2118,496,49,12,2675
"Justice, Supreme Court, Place 9",0310,710,326,1036,1464,70.77%,625,323,31,8,987
"Justice, Supreme Court, Place 9",0311,932,643,1575,3222,48.88%,722,715,31,20,1488
"Justice, Supreme Court, Place 9",0312,1713,552,2265,3724,60.82%,1149,924,74,33,2180
"Justice, Supreme Court, Place 9",0313,23,8,31,61,50.82%,17,7,0,1,25
"Justice, Supreme Court, Place 9",0314,3000,817,3817,5606,68.09%,2106,1460,94,56,3716
"Justice, Supreme Court, Place 9",0315,803,353,1156,1636,70.66%,669,397,25,13,1104
"Justice, Supreme Court, Place 9",0316,741,340,1081,1513,71.45%,597,378,46,14,1035
"Justice, Supreme Court, Place 9",0317,594,252,846,1661,50.93%,218,559,16,16,809
"Justice, Supreme Court, Place 9",0318,1729,529,2258,3776,59.80%,146,2005,30,24,2205
"Justice, Supreme Court, Place 9",0319,996,271,1267,2199,57.62%,75,1140,11,14,1240
"Justice, Supreme Court, Place 9",0320,556,238,794,1570,50.57%,293,444,15,7,759
"Justice, Supreme Court, Place 9",0321,857,363,1230,2483,49.54%,378,729,20,26,1153
"Justice, Supreme Court, Place 9",0322,426,124,550,1210,45.45%,160,359,12,6,537
"Justice, Supreme Court, Place 9",0323,700,296,996,1793,55.55%,376,537,34,12,959
"Justice, Supreme Court, Place 9",0324,1445,560,2005,2607,76.91%,1243,582,73,26,1924
"Justice, Supreme Court, Place 9",0325,802,257,1059,2176,48.67%,205,766,19,17,1007
"Justice, Supreme Court, Place 9",0326,271,129,400,736,54.35%,157,210,2,7,376
"Justice, Supreme Court, Place 9",0327,740,141,881,1758,50.11%,26,811,7,8,852
"Justice, Supreme Court, Place 9",0328,425,286,711,1631,43.59%,225,436,11,8,680
"Justice, Supreme Court, Place 9",0329,592,260,852,1621,52.56%,277,508,17,12,814
"Justice, Supreme Court, Place 9",0330,864,326,1190,2146,55.45%,519,571,44,8,1142
"Justice, Supreme Court, Place 9",0331,888,234,1122,1612,69.60%,682,350,43,10,1085
"Justice, Supreme Court, Place 9",0332,1359,503,1852,2926,63.64%,232,1533,17,27,1809
"Justice, Supreme Court, Place 9",0333,1387,942,2329,3296,70.66%,1566,552,99,38,2255
"Justice, Supreme Court, Place 9",0334,247,104,351,786,44.66%,53,276,4,4,337
"Justice, Supreme Court, Place 9",0335,489,293,782,1679,46.58%,197,510,16,14,737
"Justice, Supreme Court, Place 9",0336,2496,689,3185,4771,66.76%,334,2697,62,33,3126
"Justice, Supreme Court, Place 9",0337,371,155,526,1108,47.47%,83,406,5,5,499
"Justice, Supreme Court, Place 9",0338,1627,632,2259,5001,45.17%,599,1494,39,28,2160
"Justice, Supreme Court, Place 9",0339,705,303,1008,1909,52.80%,233,694,20,12,959
"Justice, Supreme Court, Place 9",0340,2042,654,2696,4012,67.20%,1832,637,98,39,2606
Office,Precinct,Early Ballots Cast,Election Ballots Cast,Total Ballots Cast,Registered Voters,Percent Turnout,REP Eva Guzman,DEM Savannah Robinson,LIB Don Fulton,GRN Jim Chisholm,Totals
"Justice, Supreme Court, Place 9",0341,380,278,658,1372,47.96%,181,426,13,4,624
"Justice, Supreme Court, Place 9",0342,312,225,537,1092,49.18%,126,375,7,5,513
"Justice, Supreme Court, Place 9",0343,723,370,1093,2099,52.07%,249,754,19,19,1041
"Justice, Supreme Court, Place 9",0344,381,207,588,1225,48.00%,22,531,7,3,563
"Justice, Supreme Court, Place 9",0345,580,349,929,1945,47.76%,182,653,38,14,887
"Justice, Supreme Court, Place 9",0346,1,0,1,1,100.00%,0,0,0,0,0
"Justice, Supreme Court, Place 9",0347,1462,618,2080,3614,57.55%,1197,742,56,29,2024
"Justice, Supreme Court, Place 9",0348,832,242,1074,1796,59.80%,697,302,33,7,1039
"Justice, Supreme Court, Place 9",0349,459,369,828,1372,60.35%,461,302,35,10,808
"Justice, Supreme Court, Place 9",0350,1590,582,2272,3269,69.50%,851,1189,69,36,2145
"Justice, Supreme Court, Place 9",0351,2857,570,3427,4799,71.41%,2522,684,97,20,3323
"Justice, Supreme Court, Place 9",0352,2025,538,2563,4278,59.91%,1736,665,70,31,2502
"Justice, Supreme Court, Place 9",0353,1715,659,2374,4156,57.12%,434,1815,29,23,2301
"Justice, Supreme Court, Place 9",0354,1572,429,2001,3520,56.85%,469,1402,31,27,1929
"Justice, Supreme Court, Place 9",0355,821,239,1050,1714,61.84%,117,893,13,7,1030
"Justice, Supreme Court, Place 9",0356,1544,582,2126,3126,68.01%,1162,799,77,22,2060
"Justice, Supreme Court, Place 9",0357,1886,557,2443,3685,66.30%,1700,566,74,27,2367
"Justice, Supreme Court, Place 9",0358,775,376,1151,2634,43.70%,137,952,17,12,1118
"Justice, Supreme Court, Place 9",0359,805,496,1301,3320,39.19%,138,1102,17,12,1269
"Justice, Supreme Court, Place 9",0360,1867,597,2464,3309,74.46%,1182,1055,77,35,2349
"Justice, Supreme Court, Place 9",0361,332,688,1020,1808,56.42%,166,728,37,14,945
"Justice, Supreme Court, Place 9",0362,2865,553,3418,5161,66.23%,2317,864,97,33,3311
"Justice, Supreme Court, Place 9",0363,1826,635,2461,4160,59.16%,992,1344,47,25,2408
"Justice, Supreme Court, Place 9",0364,1190,528,1718,2827,60.77%,772,797,52,25,1646
"Justice, Supreme Court, Place 9",0365,828,174,1002,1348,74.33%,123,847,11,6,987
"Justice, Supreme Court, Place 9",0366,989,524,1513,2887,52.41%,343,1071,30,21,1465
"Justice, Supreme Court, Place 9",0367,455,204,659,1256,52.47%,152,451,17,9,629
"Justice, Supreme Court, Place 9",0368,433,122,555,1024,54.20%,153,378,4,5,540
"Justice, Supreme Court, Place 9",0369,136,29,165,678,24.34%,56,79,14,6,155
"Justice, Supreme Court, Place 9",0370,2525,627,3152,4531,69.57%,2193,748,83,37,3061
"Justice, Supreme Court, Place 9",0371,210,78,288,537,53.63%,10,265,5,4,284
"Justice, Supreme Court, Place 9",0372,510,180,690,1274,54.16%,83,578,5,5,671
"Justice, Supreme Court, Place 9",0373,61,13,74,163,45.40%,4,66,1,0,71
"Justice, Supreme Court, Place 9",0374,175,165,341,720,47.36%,94,230,2,4,330
Office,Precinct,Early Ballots Cast,Election Ballots Cast,Total Ballots Cast,Registered Voters,Percent Turnout,REP Eva Guzman,DEM Savannah Robinson,LIB Don Fulton,GRN Jim Chisholm,Totals
"Justice, Supreme Court, Place 9",0375,747,510,1257,2836,44.32%,442,723,21,14,1200
"Justice, Supreme Court, Place 9",0376,755,344,1099,2060,53.35%,407,606,21,8,1042
"Justice, Supreme Court, Place 9",0377,1382,643,2025,3137,64.55%,1461,396,77,30,1964
"Justice, Supreme Court, Place 9",0378,622,447,1069,1856,57.60%,631,352,40,16,1039
"Justice, Supreme Court, Place 9",0379,857,388,1245,2149,57.93%,120,1063,13,21,1217
"Justice, Supreme Court, Place 9",0380,2736,551,3287,4380,75.05%,1661,1414,111,22,3208
"Justice, Supreme Court, Place 9",0381,1186,432,1618,3141,51.51%,616,883,37,24,1560
"Justice, Supreme Court, Place 9",0382,429,206,635,1035,61.35%,378,213,18,9,618
"Justice, Supreme Court, Place 9",0383,723,458,1181,2373,49.77%,369,710,30,19,1128
"Justice, Supreme Court, Place 9",0384,1153,444,1597,2725,58.61%,373,1154,12,10,1549
"Justice, Supreme Court, Place 9",0385,1142,561,1703,2207,77.16%,1300,299,29,10,1638
"Justice, Supreme Court, Place 9",0386,1658,419,2077,3105,66.89%,1436,527,42,26,2031
"Justice, Supreme Court, Place 9",0387,1706,780,2486,4340,57.28%,1614,701,61,41,2417
"Justice, Supreme Court, Place 9",0388,2899,711,3610,5413,66.69%,1679,1696,94,30,3499
"Justice, Supreme Court, Place 9",0389,408,293,701,1359,51.58%,108,523,29,18,678
"Justice, Supreme Court, Place 9",0390,708,271,979,1482,66.06%,150,764,27,12,953
"Justice, Supreme Court, Place 9",0391,992,336,1328,1978,67.14%,771,464,37,18,1290
"Justice, Supreme Court, Place 9",0392,653,145,798,1426,55.96%,16,745,7,8,776
"Justice, Supreme Court, Place 9",0393,427,257,684,1274,53.69%,303,321,27,11,662
"Justice, Supreme Court, Place 9",0394,236,126,362,914,39.61%,122,214,5,6,347
"Justice, Supreme Court, Place 9",0395,1007,371,1378,1875,73.49%,917,346,59,16,1338
"Justice, Supreme Court, Place 9",0396,1036,204,1240,2072,59.85%,33,1161,8,6,1208
"Justice, Supreme Court, Place 9",0397,204,117,321,796,40.33%,117,178,8,2,305
"Justice, Supreme Court, Place 9",0398,1762,654,2416,4200,57.52%,1049,1184,61,34,2328
"Justice, Supreme Court, Place 9",0399,1294,546,1840,3340,55.09%,678,1046,42,20,1786
"Justice, Supreme Court, Place 9",0400,1467,372,1839,2661,69.11%,1166,555,59,19,1799
"Justice, Supreme Court, Place 9",0401,703,257,960,1971,48.71%,44,862,11,3,920
"Justice, Supreme Court, Place 9",0402,898,262,1160,1911,60.70%,80,1034,5,12,1131
"Justice, Supreme Court, Place 9",0403,959,387,1346,1719,78.30%,757,480,31,16,1284
"Justice, Supreme Court, Place 9",0404,1034,445,1479,2717,54.44%,693,683,38,14,1428
"Justice, Supreme Court, Place 9",0405,1914,457,2371,3067,77.31%,1738,528,45,11,2322
"Justice, Supreme Court, Place 9",0406,275,65,340,649,52.39%,8,317,2,2,329
"Justice, Supreme Court, Place 9",0407,1704,860,2564,3969,64.60%,1498,849,83,34,2464
"Justice, Supreme Court, Place 9",0408,521,313,834,1740,47.93%,270,492,22,9,793
Office,Precinct,Early Ballots Cast,Election Ballots Cast,Total Ballots Cast,Registered Voters,Percent Turnout,REP Eva Guzman,DEM Savannah Robinson,LIB Don Fulton,GRN Jim Chisholm,Totals
"Justice, Supreme Court, Place 9",0409,501,280,781,1608,48.57%,236,478,21,7,742
"Justice, Supreme Court, Place 9",0410,382,96,478,934,51.18%,91,357,7,6,461
"Justice, Supreme Court, Place 9",0411,699,418,1117,2426,46.04%,298,735,25,13,1071
"Justice, Supreme Court, Place 9",0412,156,80,236,478,49.37%,12,211,4,3,230
"Justice, Supreme Court, Place 9",0413,1549,456,2005,3081,65.08%,742,1136,36,19,1933
"Justice, Supreme Court, Place 9",0414,1577,514,2091,3586,58.31%,1471,480,63,21,2035
"Justice, Supreme Court, Place 9",0415,1076,573,1649,2284,72.20%,1076,435,63,25,1599
"Justice, Supreme Court, Place 9",0416,1444,845,2289,4009,57.10%,1070,999,93,43,2205
"Justice, Supreme Court, Place 9",0417,1105,397,1502,2589,58.01%,632,761,41,26,1460
"Justice, Supreme Court, Place 9",0418,1337,663,2000,3940,50.76%,676,1156,44,30,1906
"Justice, Supreme Court, Place 9",0419,1166,477,1643,2702,60.81%,913,607,45,20,1585
"Justice, Supreme Court, Place 9",0420,2690,731,3421,4946,69.17%,2685,525,84,37,3331
"Justice, Supreme Court, Place 9",0421,1242,273,1515,2023,74.89%,695,720,46,17,1478
"Justice, Supreme Court, Place 9",0422,1357,401,1758,3348,52.81%,72,1626,17,17,1732
"Justice, Supreme Court, Place 9",0423,31,e,288,604,1423,42.45%,131,441,5,7,584
"Justice, Supreme Court, Place 9",0424,548,158,706,1079,65.43%,367,281,26,9,683
"Justice, Supreme Court, Place 9",0425,257,139,396,878,45.10%,113,252,13,4,382
"Justice, Supreme Court, Place 9",0426,487,228,715,1266,56.48%,359,296,15,12,682
"Justice, Supreme Court, Place 9",0427,439,155,594,1120,53.04%,199,344,10,3,556
"Justice, Supreme Court, Place 9",0428,1689,865,2554,5151,49.58%,641,1729,30,26,2426
"Justice, Supreme Court, Place 9",0429,948,649,1597,3311,48.23%,330,1141,30,24,1525
"Justice, Supreme Court, Place 9",0430,527,291,818,1794,45.60%,123,607,19,24,773
"Justice, Supreme Court, Place 9",0431,1222,604,1826,3860,47.31%,379,1300,37,39,1755
"Justice, Supreme Court, Place 9",0432,458,249,707,1568,45.09%,216,426,24,7,673
"Justice, Supreme Court, Place 9",0433,163,88,251,561,44.74%,56,176,7,4,243
"Justice, Supreme Court, Place 9",0434,834,293,1127,1557,72.38%,654,378,35,16,1083
"Justice, Supreme Court, Place 9",0435,1952,567,2519,3363,74.90%,1583,741,70,26,2420
"Justice, Supreme Court, Place 9",0436,2013,678,2691,3809,70.65%,1492,970,82,42,2586
"Justice, Supreme Court, Place 9",0437,1148,425,1573,2094,75.12%,1050,423,46,11,1530
"Justice, Supreme Court, Place 9",0438,2292,475,2767,3789,73.03%,1900,665,86,21,2672
"Justice, Supreme Court, Place 9",0439,1856,749,2605,3701,70.39%,1737,673,74,19,2503
"Justice, Supreme Court, Place 9",0440,1499,749,2248,2973,75.61%,1712,411,42,8,2173
"Justice, Supreme Court, Place 9",0441,824,408,1232,1695,72.68%,850,300,29,13,1192
"Justice, Supreme Court, Place 9",0442,2442,685,3127,4315,72.47%,2448,452,111,22,3033
Office,Precinct,Early Ballots Cast,Election Ballots Cast,Total Ballots Cast,Registered Voters,Percent Turnout,REP Eva Guzman,DEM Savannah Robinson,LIB Don Fulton,GRN Jim Chisholm,Totals
"Justice, Supreme Court, Place 9",0443,415,83,498,642,77.57%,364,97,16,6,483
"Justice, Supreme Court, Place 9",0444,1623,679,2302,3625,63.50%,1243,855,73,29,2200
"Justice, Supreme Court, Place 9",0445,1036,382,1418,2134,66.45%,837,476,38,14,1365
"Justice, Supreme Court, Place 9",0446,89,45,134,309,43.37%,45,78,3,3,129
"Justice, Supreme Court, Place 9",0447,2416,464,2880,3727,77.27%,1846,831,95,21,2793
"Justice, Supreme Court, Place 9",0448,1766,529,2295,3155,72.74%,1297,773,79,28,2177
"Justice, Supreme Court, Place 9",0449,73,26,99,225,44.00%,12,84,0,1,97
"Justice, Supreme Court, Place 9",0450,1106,394,1500,2890,51.90%,385,1015,36,22,1458
"Justice, Supreme Court, Place 9",0451,1720,367,2087,2771,75.32%,1645,338,34,12,2029
"Justice, Supreme Court, Place 9",0452,1875,662,2537,3789,66.96%,1628,702,85,42,2457
"Justice, Supreme Court, Place 9",0453,663,417,1080,2039,52.97%,308,678,22,24,1032
"Justice, Supreme Court, Place 9",0454,1043,288,1331,2509,53.05%,25,1257,8,4,1294
"Justice, Supreme Court, Place 9",0455,669,173,842,1713,49.15%,39,768,4,4,815
"Justice, Supreme Court, Place 9",0456,1407,553,1960,3793,51.67%,1015,809,43,24,1891
"Justice, Supreme Court, Place 9",0457,0,0,0,0,0.00%,0,0,0,0,0
"Justice, Supreme Court, Place 9",0458,918,253,1171,2025,57.83%,97,1020,11,8,1136
"Justice, Supreme Court, Place 9",0459,2362,432,2794,3942,70.88%,2062,559,86,14,2721
"Justice, Supreme Court, Place 9",0460,1615,472,2087,3280,63.63%,515,1451,43,24,2033
"Justice, Supreme Court, Place 9",0461,2244,669,2913,4054,71.85%,1795,885,73,26,2779
"Justice, Supreme Court, Place 9",0462,1478,738,2215,3507,63.19%,738,1334,46,34,2152
"Justice, Supreme Court, Place 9",0463,1575,564,2239,3773,59.34%,853,1250,56,29,2188
"Justice, Supreme Court, Place 9",0464,967,582,1549,2343,66.11%,927,489,63,14,1493
"Justice, Supreme Court, Place 9",0465,1629,594,2223,3778,58.84%,972,1071,72,31,2146
"Justice, Supreme Court, Place 9",0466,2278,509,2787,4327,64.41%,1385,1234,62,30,2711
"Justice, Supreme Court, Place 9",0467,502,225,727,1320,55.08%,165,525,10,4,704
"Justice, Supreme Court, Place 9",0468,1380,747,2127,4040,52.65%,542,1435,35,25,2037
"Justice, Supreme Court, Place 9",0469,1858,462,2330,3257,71.54%,1749,421,67,23,2260
"Justice, Supreme Court, Place 9",0470,555,232,787,1358,57.95%,546,169,27,15,757
"Justice, Supreme Court, Place 9",0471,1057,458,1515,2473,61.26%,1089,313,48,25,1475
"Justice, Supreme Court, Place 9",0472,463,339,802,1131,70.91%,365,364,28,9,766
"Justice, Supreme Court, Place 9",0473,944,390,1334,1787,74.65%,898,337,44,15,1294
"Justice, Supreme Court, Place 9",0474,1421,624,2045,3127,65.40%,1273,618,78,20,1989
"Justice, Supreme Court, Place 9",0475,791,251,1052,1936,54.34%,409,568,20,13,1010
"Justice, Supreme Court, Place 9",0476,1078,405,1483,2458,60.33%,777,618,31,17,1443
Office,Precinct,Early Ballots Cast,Election Ballots Cast,Total Ballots Cast,Registered Voters,Percent Turnout,REP Eva Guzman,DEM Savannah Robinson,LIB Don Fulton,GRN Jim Chisholm,Totals
"Justice, Supreme Court, Place 9",0477,2032,640,2672,4010,66.63%,1774,697,84,22,2577
"Justice, Supreme Court, Place 9",0478,2273,683,2956,4696,62.95%,1770,953,96,38,2857
"Justice, Supreme Court, Place 9",0479,1,978,755,2733,3851,70.97%,1931,606,93,30,2660
"Justice, Supreme Court, Place 9",0480,1448,538,1986,2978,66.69%,1292,561,64,12,1929
"Justice, Supreme Court, Place 9",0481,1759,667,2426,3609,67.22%,1685,534,78,40,2337
"Justice, Supreme Court, Place 9",0482,2260,618,2878,4405,65.33%,1878,798,100,27,2803
"Justice, Supreme Court, Place 9",0483,2312,538,2850,4495,63.40%,1414,1189,93,56,2752
"Justice, Supreme Court, Place 9",0484,2021,700,2721,3981,68.35%,1677,857,80,28,2642
"Justice, Supreme Court, Place 9",0485,2121,567,2588,4051,66.35%,1829,669,94,26,2618
"Justice, Supreme Court, Place 9",0486,2310,721,3031,4195,72.25%,2226,602,100,20,2948
"Justice, Supreme Court, Place 9",0487,1407,527,1934,4142,46.69%,469,1276,28,21,1794
"Justice, Supreme Court, Place 9",0488,843,511,1354,2382,56.84%,370,877,30,21,1298
"Justice, Supreme Court, Place 9",0489,865,344,1209,1958,61.75%,342,794,22,14,1172
"Justice, Supreme Court, Place 9",0490,982,346,1328,2105,63.09%,432,797,35,16,1280
"Justice, Supreme Court, Place 9",0491,947,488,1435,2110,68.01%,746,565,51,19,1381
"Justice, Supreme Court, Place 9",0492,1222,396,1618,2552,63.40%,819,697,40,12,1568
"Justice, Supreme Court, Place 9",0493,1404,555,1959,3338,58.69%,715,1076,51,16,1858
"Justice, Supreme Court, Place 9",0494,1079,419,1498,2787,53.75%,197,1206,26,16,1445
"Justice, Supreme Court, Place 9",0495,1414,376,1790,2488,71.95%,1179,478,46,21,1724
"Justice, Supreme Court, Place 9",0496,687,549,1235,2325,53.16%,444,708,21,17,1190
"Justice, Supreme Court, Place 9",0497,91,e,281,1197,2148,55.73%,54,1097,7,6,1164
"Justice, Supreme Court, Place 9",0498,1072,423,1495,2527,59.16%,491,866,51,36,1444
"Justice, Supreme Court, Place 9",0499,1434,397,1831,2336,78.38%,1295,429,37,20,1781
"Justice, Supreme Court, Place 9",0500,1870,651,2521,3698,68.17%,1509,824,75,34,2442
"Justice, Supreme Court, Place 9",0501,1149,406,1555,2016,77.13%,657,741,72,13,1483
"Justice, Supreme Court, Place 9",0502,1355,293,1559,2595,63.93%,1222,319,45,12,1598
"Justice, Supreme Court, Place 9",0503,1398,306,1704,2236,76.21%,1235,356,49,13,1653
"Justice, Supreme Court, Place 9",0504,1271,482,1753,2318,75.63%,1114,502,71,18,1705
"Justice, Supreme Court, Place 9",0505,1755,735,2490,4076,61.09%,1088,1159,81,49,2377
"Justice, Supreme Court, Place 9",0506,1513,696,2209,3544,62.33%,350,1738,38,21,2147
"Justice, Supreme Court, Place 9",0507,599,319,918,2562,35.83%,208,603,7,7,825
"Justice, Supreme Court, Place 9",0508,1520,828,2348,4767,49.26%,663,1451,50,36,2200
"Justice, Supreme Court, Place 9",0509,2507,669,3175,5153,61.63%,1916,1025,108,38,3087
"Justice, Supreme Court, Place 9",0510,1707,666,2373,3822,62.09%,965,1225,95,34,2319
Office,Precinct,Early Ballots Cast,Election Ballots Cast,Total Ballots Cast,Registered Voters,Percent Turnout,REP Eva Guzman,DEM Savannah Robinson,LIB Don Fulton,GRN Jim Chisholm,Totals
"Justice, Supreme Court, Place 9",0511,2935,574,3509,4620,75.95%,2082,1229,88,20,3419
"Justice, Supreme Court, Place 9",0512,1669,871,2540,4559,55.71%,977,1374,74,43,2468
"Justice, Supreme Court, Place 9",0513,1758,413,2171,3003,72.29%,1533,513,52,9,2107
"Justice, Supreme Court, Place 9",0514,2289,613,2902,4378,66.29%,1906,781,105,24,2816
"Justice, Supreme Court, Place 9",0515,1838,468,2306,3182,72.47%,1789,383,53,15,2240
"Justice, Supreme Court, Place 9",0516,1317,363,1680,2799,60.02%,792,769,45,22,1628
"Justice, Supreme Court, Place 9",0517,1612,509,2121,3744,56.65%,919,1035,68,31,2053
"Justice, Supreme Court, Place 9",0518,1887,676,2563,4049,63.30%,1461,928,76,23,2488
"Justice, Supreme Court, Place 9",0519,1423,518,1941,3098,62.65%,1277,513,65,33,1888
"Justice, Supreme Court, Place 9",0520,1798,670,2468,5202,47.44%,368,1972,44,24,2408
"Justice, Supreme Court, Place 9",0521,1352,578,1930,3070,62.87%,858,932,68,23,1881
"Justice, Supreme Court, Place 9",0522,1508,464,1972,2815,70.05%,1392,439,75,27,1933
"Justice, Supreme Court, Place 9",0523,1978,537,2515,4027,62.45%,1499,805,91,34,2429
"Justice, Supreme Court, Place 9",0524,1396,637,2033,3598,56.50%,551,1360,35,25,1971
"Justice, Supreme Court, Place 9",0525,1442,574,2015,3260,61.84%,435,1444,33,23,1935
"Justice, Supreme Court, Place 9",0526,236,157,393,820,47.93%,96,264,10,4,374
"Justice, Supreme Court, Place 9",0527,156,38,194,580,33.45%,72,105,6,0,183
"Justice, Supreme Court, Place 9",0528,17,8,25,78,32.05%,1,22,0,1,24
"Justice, Supreme Court, Place 9",0529,2108,434,2542,3842,66.16%,2031,327,86,25,2469
"Justice, Supreme Court, Place 9",0530,376,212,588,1236,47.57%,131,389,15,11,546
"Justice, Supreme Court, Place 9",0531,1235,166,1401,2250,62.27%,992,302,28,12,1334
"Justice, Supreme Court, Place 9",0532,478,140,618,1058,58.41%,405,186,12,5,608
"Justice, Supreme Court, Place 9",0533,353,169,522,1164,44.85%,255,221,14,8,498
"Justice, Supreme Court, Place 9",0534,1898,577,2475,3918,63.17%,1672,624,65,25,2386
"Justice, Supreme Court, Place 9",0535,132,62,194,413,46.97%,61,116,3,3,183
"Justice, Supreme Court, Place 9",0536,2107,1053,3150,5637,56.06%,1081,1834,62,38,3015
"Justice, Supreme Court, Place 9",0537,1959,464,2423,3174,76.34%,1692,614,43,9,2358
"Justice, Supreme Court, Place 9",0538,372,203,575,1332,43.17%,20,532,8,4,564
"Justice, Supreme Court, Place 9",0539,811,234,1045,1535,68.08%,557,406,31,13,1007
"Justice, Supreme Court, Place 9",0540,1008,349,1357,1759,77.15%,532,706,38,13,1289
"Justice, Supreme Court, Place 9",0541,2172,761,2933,5001,58.65%,463,2245,85,48,2841
"Justice, Supreme Court, Place 9",0542,1156,406,1562,2654,58.85%,124,1365,15,19,1523
"Justice, Supreme Court, Place 9",0543,554,321,875,1658,52.77%,259,550,19,14,842
"Justice, Supreme Court, Place 9",0544,84,54,138,313,44.09%,13,121,2,1,137
Office,Precinct,Early Ballots Cast,Election Ballots Cast,Total Ballots Cast,Registered Voters,Percent Turnout,REP Eva Guzman,DEM Savannah Robinson,LIB Don Fulton,GRN Jim Chisholm,Totals
"Justice, Supreme Court, Place 9",0545,2020,468,2488,3949,63.00%,1088,1225,64,21,2398
"Justice, Supreme Court, Place 9",0546,1524,278,1802,2471,72.93%,1510,225,30,5,1770
"Justice, Supreme Court, Place 9",0547,1414,270,1684,2534,66.46%,1041,483,77,21,1622
"Justice, Supreme Court, Place 9",0548,882,395,1277,2339,54.60%,549,647,29,16,1241
"Justice, Supreme Court, Place 9",0549,1106,447,1553,2786,55.74%,210,1266,22,16,1514
"Justice, Supreme Court, Place 9",0550,1175,553,1728,3245,53.25%,733,890,44,17,1684
"Justice, Supreme Court, Place 9",0551,2588,793,3381,4428,76.36%,2469,728,65,16,3278
"Justice, Supreme Court, Place 9",0552,2093,784,2877,3762,76.48%,2247,465,77,19,2808
"Justice, Supreme Court, Place 9",0553,964,317,1281,2193,58.41%,473,725,36,17,1251
"Justice, Supreme Court, Place 9",0554,597,271,868,1774,48.93%,178,646,11,5,840
"Justice, Supreme Court, Place 9",0555,642,390,1032,2286,45.14%,179,791,17,14,1001
"Justice, Supreme Court, Place 9",0556,760,435,1195,2491,47.97%,239,885,19,13,1156
"Justice, Supreme Court, Place 9",0557,925,460,1385,2955,46.87%,404,839,27,14,1284
"Justice, Supreme Court, Place 9",0558,1815,721,2536,4718,53.75%,714,1652,59,42,2467
"Justice, Supreme Court, Place 9",0559,1917,701,2618,4984,52.53%,576,1847,76,41,2540
"Justice, Supreme Court, Place 9",0560,290,247,537,1141,47.06%,114,384,6,9,513
"Justice, Supreme Court, Place 9",0561,1025,624,1649,3138,52.55%,930,580,51,31,1592
"Justice, Supreme Court, Place 9",0562,222,116,338,691,48.91%,51,252,2,5,310
"Justice, Supreme Court, Place 9",0563,2075,337,2412,3468,69.55%,1797,474,64,10,2345
"Justice, Supreme Court, Place 9",0554,1567,526,2093,3240,64.60%,571,1334,81,36,2022
"Justice, Supreme Court, Place 9",0565,336,148,484,1414,34.23%,85,367,8,6,466
"Justice, Supreme Court, Place 9",0566,1189,441,1630,3029,53.81%,400,1107,46,23,1576
"Justice, Supreme Court, Place 9",0567,966,390,1356,2851,47.56%,341,893,22,15,1271
"Justice, Supreme Court, Place 9",0568,1836,697,2533,3638,69.63%,1575,725,91,29,2420
"Justice, Supreme Court, Place 9",0569,2036,747,2783,4125,67.47%,1305,1220,89,49,2663
"Justice, Supreme Court, Place 9",0570,771,278,1049,1598,65.64%,376,566,43,17,1002
"Justice, Supreme Court, Place 9",0571,521,314,835,1950,42.82%,272,497,18,11,798
"Justice, Supreme Court, Place 9",0572,1531,444,1975,3308,59.70%,829,990,64,31,1914
"Justice, Supreme Court, Place 9",0573,490,215,705,1625,43.38%,20,666,4,6,696
"Justice, Supreme Court, Place 9",0574,112,74,186,391,47.57%,29,146,1,3,179
"Justice, Supreme Court, Place 9",0575,1906,535,2441,3557,68.63%,1282,978,92,18,2370
"Justice, Supreme Court, Place 9",0576,1110,375,1485,2830,52.47%,91,1312,24,17,1444
"Justice, Supreme Court, Place 9",0577,887,205,1092,1586,68.85%,651,364,23,14,1052
"Justice, Supreme Court, Place 9",0578,1026,405,1431,1862,76.85%,886,413,48,15,1362
Office,Precinct,Early Ballots Cast,Election Ballots Cast,Total Ballots Cast,Registered Voters,Percent Turnout,REP Eva Guzman,DEM Savannah Robinson,LIB Don Fulton,GRN Jim Chisholm,Totals
"Justice, Supreme Court, Place 9",0579,287,181,468,1139,41.09%,81,349,12,4,446
"Justice, Supreme Court, Place 9",0580,366,108,474,985,48.12%,19,443,6,2,470
"Justice, Supreme Court, Place 9",0581,457,137,594,1033,57.50%,26,547,3,3,579
"Justice, Supreme Court, Place 9",0582,543,232,775,1607,48.23%,53,677,10,7,747
"Justice, Supreme Court, Place 9",0583,434,155,589,1286,45.80%,20,550,1,6,577
"Justice, Supreme Court, Place 9",0584,367,120,487,1062,45.86%,42,423,5,1,471
"Justice, Supreme Court, Place 9",0585,830,280,1110,2346,47.31%,63,1007,12,3,1085
"Justice, Supreme Court, Place 9",0586,1793,790,2583,4521,57.13%,1410,975,80,34,2499
"Justice, Supreme Court, Place 9",0587,1208,431,1639,2870,57.11%,519,1012,41,13,1585
"Justice, Supreme Court, Place 9",0588,1941,606,2547,3780,67.38%,1620,758,73,21,2472
"Justice, Supreme Court, Place 9",0589,1540,545,2085,3780,55.16%,965,981,59,31,2036
"Justice, Supreme Court, Place 9",0590,1230,400,1630,2176,74.91%,1223,290,50,9,1572
"Justice, Supreme Court, Place 9",0591,652,462,1114,2274,48.99%,296,737,15,13,1061
"Justice, Supreme Court, Place 9",0592,449,272,721,1446,49.86%,151,505,17,14,687
"Justice, Supreme Court, Place 9",0593,1551,755,2316,4179,55.42%,918,1219,51,37,2225
"Justice, Supreme Court, Place 9",0594,1244,316,1560,2578,60.51%,432,1057,26,17,1532
"Justice, Supreme Court, Place 9",0595,601,299,900,1833,49.10%,143,699,12,23,877
"Justice, Supreme Court, Place 9",0596,1380,501,1881,3574,52.63%,810,875,78,40,1803
"Justice, Supreme Court, Place 9",0597,1205,609,1814,3587,50.57%,612,1063,48,17,1740
"Justice, Supreme Court, Place 9",0598,2389,731,3120,5253,59.39%,1029,1861,82,44,3016
"Justice, Supreme Court, Place 9",0599,1380,493,1873,3005,62.33%,632,1125,46,19,1822
"Justice, Supreme Court, Place 9",0600,1603,776,2379,4204,56.59%,779,1417,49,38,2283
"Justice, Supreme Court, Place 9",0601,2223,670,2893,4151,69.69%,2013,692,85,27,2817
"Justice, Supreme Court, Place 9",0602,756,234,990,1441,68.70%,651,273,27,12,963
"Justice, Supreme Court, Place 9",0603,2344,725,3069,4666,65.77%,1648,1164,119,39,2970
"Justice, Supreme Court, Place 9",0604,1818,375,2193,3189,68.77%,1750,295,56,20,2121
"Justice, Supreme Court, Place 9",0605,1714,599,2313,4217,54.85%,551,1611,40,27,2229
"Justice, Supreme Court, Place 9",0606,319,111,430,970,44.33%,8,404,5,2,419
"Justice, Supreme Court, Place 9",0607,163,51,214,712,30.06%,24,178,2,2,206
"Justice, Supreme Court, Place 9",0608,156,77,233,570,40.88%,81,128,9,2,220
"Justice, Supreme Court, Place 9",0609,2040,729,2769,4305,64.32%,1570,1004,58,43,2675
"Justice, Supreme Court, Place 9",0610,666,343,1009,2086,48.37%,417,503,26,16,962
"Justice, Supreme Court, Place 9",0611,980,229,1209,2527,47.84%,51,1120,8,9,1188
"Justice, Supreme Court, Place 9",0612,1930,431,2361,3388,69.69%,1732,462,73,22,2289
Office,Precinct,Early Ballots Cast,Election Ballots Cast,Total Ballots Cast,Registered Voters,Percent Turnout,REP Eva Guzman,DEM Savannah Robinson,LIB Don Fulton,GRN Jim Chisholm,Totals
"Justice, Supreme Court, Place 9",0613,938,339,1277,2368,53.93%,217,983,18,16,1234
"Justice, Supreme Court, Place 9",0614,1950,645,2595,4566,56.83%,750,1675,58,24,2507
"Justice, Supreme Court, Place 9",0615,1075,301,1377,2086,66.01%,697,578,36,18,1329
"Justice, Supreme Court, Place 9",0616,1811,611,2422,3516,68.89%,1532,683,86,40,2341
"Justice, Supreme Court, Place 9",0617,1708,650,2358,4179,56.42%,778,1417,57,38,2290
"Justice, Supreme Court, Place 9",0618,1701,545,2246,3801,59.09%,896,1191,68,32,2187
"Justice, Supreme Court, Place 9",0619,2793,663,3456,4916,70.30%,2425,801,128,29,3383
"Justice, Supreme Court, Place 9",0620,1749,333,2082,3318,62.75%,1071,876,42,14,2003
"Justice, Supreme Court, Place 9",0621,536,200,736,1272,57.86%,310,360,18,16,704
"Justice, Supreme Court, Place 9",0622,2133,591,2724,4562,59.71%,1415,1106,74,23,2618
"Justice, Supreme Court, Place 9",0623,1962,461,2423,3919,61.83%,1460,785,68,27,2340
"Justice, Supreme Court, Place 9",0624,298,59,357,456,78.29%,262,74,9,2,347
"Justice, Supreme Court, Place 9",0625,925,372,1297,1864,69.58%,688,506,45,17,1256
"Justice, Supreme Court, Place 9",0626,2285,784,3089,4816,63.73%,1570,1252,96,49,2967
"Justice, Supreme Court, Place 9",0627,935,649,1584,3235,48.96%,413,1063,29,22,1527
"Justice, Supreme Court, Place 9",0628,717,545,1262,2420,52.15%,458,707,17,12,1194
"Justice, Supreme Court, Place 9",0629,162,96,258,750,34.40%,33,213,7,1,254
"Justice, Supreme Court, Place 9",0630,2680,541,3221,4738,67.98%,347,2723,40,42,3152
"Justice, Supreme Court, Place 9",0631,1844,398,2242,3263,68.71%,1428,648,68,20,2164
"Justice, Supreme Court, Place 9",0632,4,1,5,241,2.07%,0,5,0,0,5
"Justice, Supreme Court, Place 9",0633,2287,601,2888,3912,73.82%,1930,773,77,22,2802
"Justice, Supreme Court, Place 9",0634,1439,499,1938,3259,59.47%,1053,742,63,22,1880
"Justice, Supreme Court, Place 9",0635,1647,520,2167,3512,61.70%,1520,462,92,24,2098
"Justice, Supreme Court, Place 9",0636,2303,922,3225,4569,70.58%,2697,342,78,18,3135
"Justice, Supreme Court, Place 9",0637,1098,423,1521,2591,58.70%,388,998,21,25,1432
"Justice, Supreme Court, Place 9",0638,850,348,1198,2310,51.86%,101,1044,10,13,1168
"Justice, Supreme Court, Place 9",0639,1387,284,1671,2560,65.27%,1229,323,51,10,1613
"Justice, Supreme Court, Place 9",0640,1619,615,2234,3927,56.89%,1212,866,74,30,2182
"Justice, Supreme Court, Place 9",0641,1637,683,2320,3840,60.42%,1304,857,57,27,2245
"Justice, Supreme Court, Place 9",0642,1030,270,1300,1783,72.91%,992,235,32,11,1270
"Justice, Supreme Court, Place 9",0643,1951,593,2544,4189,60.73%,1147,1224,72,29,2472
"Justice, Supreme Court, Place 9",0644,2090,689,2779,4446,62.51%,1522,1048,76,57,2703
"Justice, Supreme Court, Place 9",0645,2156,769,2925,4517,64.76%,1171,1514,98,41,2824
"Justice, Supreme Court, Place 9",0646,925,399,1324,2422,54.67%,330,892,27,17,1266
Office,Precinct,Early Ballots Cast,Election Ballots Cast,Total Ballots Cast,Registered Voters,Percent Turnout,REP Eva Guzman,DEM Savannah Robinson,LIB Don Fulton,GRN Jim Chisholm,Totals
"Justice, Supreme Court, Place 9",0647,1373,526,1899,4349,43.67%,396,1335,31,24,1786
"Justice, Supreme Court, Place 9",0648,1863,500,2363,3487,67.77%,1585,633,66,18,2302
"Justice, Supreme Court, Place 9",0649,1554,775,2329,4755,48.98%,571,1605,38,31,2245
"Justice, Supreme Court, Place 9",0650,2035,819,2854,4039,70.66%,1882,787,82,26,2777
"Justice, Supreme Court, Place 9",0651,1734,551,2285,3873,59.00%,1186,919,76,27,2208
"Justice, Supreme Court, Place 9",0652,1167,545,1712,2979,57.47%,279,1369,14,11,1673
"Justice, Supreme Court, Place 9",0653,187,110,297,604,49.17%,70,208,5,3,286
"Justice, Supreme Court, Place 9",0654,2387,698,3085,5063,60.93%,1577,1316,64,26,2983
"Justice, Supreme Court, Place 9",0655,1953,761,2724,4495,60.60%,1423,1062,114,40,2639
"Justice, Supreme Court, Place 9",0656,1107,401,1508,2737,55.10%,75,1380,7,5,1467
"Justice, Supreme Court, Place 9",0657,684,276,960,1487,64.56%,330,561,21,15,927
"Justice, Supreme Court, Place 9",0658,1299,494,1793,2901,61.81%,1062,613,57,20,1752
"Justice, Supreme Court, Place 9",0659,2810,733,3543,5161,68.65%,2357,959,99,30,3445
"Justice, Supreme Court, Place 9",0660,1575,345,1920,3087,62.20%,192,1643,21,15,1871
"Justice, Supreme Court, Place 9",0661,1951,774,2725,4363,62.46%,1322,1196,71,39,2628
"Justice, Supreme Court, Place 9",0662,2268,571,2839,4002,70.94%,2215,463,74,22,2774
"Justice, Supreme Court, Place 9",0663,1339,448,1787,2340,76.37%,911,678,88,19,1696
"Justice, Supreme Court, Place 9",0664,909,513,1422,2992,47.53%,304,1013,28,20,1365
"Justice, Supreme Court, Place 9",0665,1327,360,1687,2354,71.67%,1288,284,53,17,1642
"Justice, Supreme Court, Place 9",0666,0,0,0,0,0.00%,0,0,0,0,0
"Justice, Supreme Court, Place 9",0667,1112,400,1512,2175,69.52%,1099,315,40,14,1468
"Justice, Supreme Court, Place 9",0668,1557,719,2276,3669,62.03%,1306,790,91,20,2207
"Justice, Supreme Court, Place 9",0669,1896,702,2598,3585,72.47%,1727,699,67,28,2521
"Justice, Supreme Court, Place 9",0670,1996,416,2412,3335,72.32%,1874,387,75,18,2354
"Justice, Supreme Court, Place 9",0671,1401,588,1989,3198,62.20%,1039,787,80,22,1928
"Justice, Supreme Court, Place 9",0672,1727,489,2216,3433,64.55%,1472,608,70,21,2171
"Justice, Supreme Court, Place 9",0673,1525,467,2092,3051,68.57%,1596,366,66,18,2046
"Justice, Supreme Court, Place 9",0674,2358,610,2968,4228,70.20%,2081,703,78,25,2887
"Justice, Supreme Court, Place 9",0675,1,0,1,0,0.00%,1,0,0,0,1
"Justice, Supreme Court, Place 9",0676,1088,465,1553,2976,52.18%,569,847,54,29,1499
"Justice, Supreme Court, Place 9",0677,423,259,682,1300,52.46%,178,444,12,9,643
"Justice, Supreme Court, Place 9",0678,1169,294,1463,2660,55.00%,149,1246,11,12,1418
"Justice, Supreme Court, Place 9",0679,1719,529,2248,3542,63.47%,1529,576,58,17,2180
"Justice, Supreme Court, Place 9",0680,100,17,117,179,65.36%,45,60,9,2,116
Office,Precinct,Early Ballots Cast,Election Ballots Cast,Total Ballots Cast,Registered Voters,Percent Turnout,REP Eva Guzman,DEM Savannah Robinson,LIB Don Fulton,GRN Jim Chisholm,Totals
"Justice, Supreme Court, Place 9",0681,6,0,6,4,150.00%,3,2,1,0,6
"Justice, Supreme Court, Place 9",0682,2114,690,2804,4313,65.01%,1940,677,78,40,2735
"Justice, Supreme Court, Place 9",0683,82,5,87,302,28.81%,25,55,4,0,84
"Justice, Supreme Court, Place 9",0684,1684,640,2324,3559,65.30%,1368,790,76,21,2255
"Justice, Supreme Court, Place 9",0685,139,28,167,285,58.60%,76,69,6,3,154
"Justice, Supreme Court, Place 9",0686,53,5,58,221,26.24%,15,42,0,0,57
"Justice, Supreme Court, Place 9",0687,1512,400,1912,2713,70.48%,1225,548,46,22,1841
"Justice, Supreme Court, Place 9",0688,2333,594,2927,3922,74.63%,2229,527,76,22,2854
"Justice, Supreme Court, Place 9",0689,728,604,1332,2449,54.39%,557,650,29,22,1258
"Justice, Supreme Court, Place 9",0690,1973,553,2526,3614,69.89%,1863,494,84,22,2463
"Justice, Supreme Court, Place 9",0691,2132,551,2683,3690,72.71%,1992,538,79,13,2622
"Justice, Supreme Court, Place 9",0692,1280,678,1958,3118,62.80%,1312,475,81,41,1909
"Justice, Supreme Court, Place 9",0693,309,110,419,681,61.53%,111,270,11,9,401
"Justice, Supreme Court, Place 9",0694,1006,319,1325,2478,53.47%,518,724,27,19,1288
"Justice, Supreme Court, Place 9",0695,630,315,945,1842,51.30%,530,325,30,18,903
"Justice, Supreme Court, Place 9",0696,727,312,1039,2027,51.26%,592,376,38,18,1024
"Justice, Supreme Court, Place 9",0697,1299,552,1851,3238,57.16%,454,1280,40,22,1796
"Justice, Supreme Court, Place 9",0698,1276,520,1796,3339,53.79%,213,1482,23,21,1739
"Justice, Supreme Court, Place 9",0699,1277,398,1675,2387,70.17%,1028,496,54,19,1597
"Justice, Supreme Court, Place 9",0700,726,247,973,1536,63.35%,794,132,21,3,950
"Justice, Supreme Court, Place 9",0701,210,73,283,614,46.09%,126,129,5,4,264
"Justice, Supreme Court, Place 9",0702,183,69,252,550,45.82%,38,198,8,2,246
"Justice, Supreme Court, Place 9",0703,899,528,1427,1943,73.44%,1004,334,40,17,1395
"Justice, Supreme Court, Place 9",0704,1699,512,2211,3121,70.84%,1727,356,58,19,2160
"Justice, Supreme Court, Place 9",0705,331,206,537,1513,35.49%,52,457,8,8,525
"Justice, Supreme Court, Place 9",0706,1252,372,1624,2821,57.57%,591,891,44,30,1556
"Justice, Supreme Court, Place 9",0707,378,69,447,757,59.05%,258,153,14,4,429
"Justice, Supreme Court, Place 9",0708,162,98,260,592,43.92%,88,155,2,3,248
"Justice, Supreme Court, Place 9",0709,2258,528,2786,4136,67.36%,1440,1144,102,25,2711
"Justice, Supreme Court, Place 9",0710,1136,450,1586,2096,75.67%,862,566,65,15,1508
"Justice, Supreme Court, Place 9",0711,1981,599,2580,3820,67.54%,1339,1075,54,34,2502
"Justice, Supreme Court, Place 9",0712,1720,627,2347,4002,58.65%,823,1388,60,27,2298
"Justice, Supreme Court, Place 9",0713,770,365,1135,2006,56.58%,512,543,33,18,1106
"Justice, Supreme Court, Place 9",0714,102,28,130,306,42.48%,60,58,4,1,123
Office,Precinct,Early Ballots Cast,Election Ballots Cast,Total Ballots Cast,Registered Voters,Percent Turnout,REP Eva Guzman,DEM Savannah Robinson,LIB Don Fulton,GRN Jim Chisholm,Totals
"Justice, Supreme Court, Place 9",0715,553,239,792,1549,51.13%,373,370,13,13,769
"Justice, Supreme Court, Place 9",0716,1215,419,1637,2720,60.18%,1119,416,39,22,1596
"Justice, Supreme Court, Place 9",0717,976,232,1208,2082,58.02%,168,972,15,13,1168
"Justice, Supreme Court, Place 9",0718,2244,872,3116,4412,70.63%,1987,890,81,34,2992
"Justice, Supreme Court, Place 9",0719,624,223,847,1644,51.52%,416,369,17,14,816
"Justice, Supreme Court, Place 9",0720,2498,709,3207,4709,68.10%,2088,879,121,18,3106
"Justice, Supreme Court, Place 9",0721,1457,503,2070,2926,70.75%,1287,596,88,29,2000
"Justice, Supreme Court, Place 9",0722,1930,609,2539,4638,54.74%,179,2236,30,22,2467
"Justice, Supreme Court, Place 9",0723,898,261,1159,1959,59.16%,230,864,18,12,1124
"Justice, Supreme Court, Place 9",0724,395,146,541,800,67.63%,354,150,15,6,525
"Justice, Supreme Court, Place 9",0725,976,294,1270,2336,54.37%,488,681,19,16,1204
"Justice, Supreme Court, Place 9",0726,1271,321,1592,2207,72.13%,1345,166,30,9,1550
"Justice, Supreme Court, Place 9",0727,983,415,1398,2708,51.62%,367,937,39,25,1368
"Justice, Supreme Court, Place 9",0728,399,198,597,942,63.38%,336,207,28,8,579
"Justice, Supreme Court, Place 9",0729,235,49,284,471,60.30%,154,112,7,2,275
"Justice, Supreme Court, Place 9",0730,1368,406,1774,2435,72.85%,1120,509,54,20,1703
"Justice, Supreme Court, Place 9",0731,2090,624,2714,4834,56.14%,1095,1431,68,38,2632
"Justice, Supreme Court, Place 9",0732,793,449,1242,1943,63.92%,679,441,46,25,1191
"Justice, Supreme Court, Place 9",0733,55,25,80,303,26.40%,28,48,0,1,77
"Justice, Supreme Court, Place 9",0734,2309,556,2865,4294,66.72%,1793,890,68,27,2778
"Justice, Supreme Court, Place 9",0735,158,61,219,251,87.25%,115,92,5,2,214
"Justice, Supreme Court, Place 9",0736,14,3,17,42,40.48%,1,13,0,0,14
"Justice, Supreme Court, Place 9",0737,21,6,27,56,48.21%,20,6,1,0,27
"Justice, Supreme Court, Place 9",0738,435,214,649,1497,43.35%,106,518,10,4,638
"Justice, Supreme Court, Place 9",0739,980,440,1420,2971,47.80%,607,705,42,21,1375
"Justice, Supreme Court, Place 9",0740,281,169,450,1005,44.78%,226,190,8,5,429
"Justice, Supreme Court, Place 9",0741,924,262,1186,1895,62.59%,306,801,15,14,1136
"Justice, Supreme Court, Place 9",0742,1538,498,2036,2859,71.21%,1234,669,49,18,1970
"Justice, Supreme Court, Place 9",0743,54,60,114,234,48.72%,41,64,4,0,109
"Justice, Supreme Court, Place 9",0744,1010,444,1454,2103,69.14%,833,503,44,25,1405
"Justice, Supreme Court, Place 9",0745,1215,446,1661,2543,65.32%,971,548,65,27,1611
"Justice, Supreme Court, Place 9",0746,245,121,366,732,50.00%,173,156,8,8,345
"Justice, Supreme Court, Place 9",0747,1746,693,2439,4096,59.55%,1004,1242,70,40,2356
"Justice, Supreme Court, Place 9",0748,565,245,810,1556,52.06%,360,362,47,21,790
Office,Precinct,Early Ballots Cast,Election Ballots Cast,Total Ballots Cast,Registered Voters,Percent Turnout,REP Eva Guzman,DEM Savannah Robinson,LIB Don Fulton,GRN Jim Chisholm,Totals
"Justice, Supreme Court, Place 9",0749,115,1,116,432,26.85%,19,92,1,0,112
"Justice, Supreme Court, Place 9",0750,294,122,416,809,51.42%,221,153,23,7,404
"Justice, Supreme Court, Place 9",0751,2944,1013,3957,5893,67.15%,2308,1349,136,42,3835
"Justice, Supreme Court, Place 9",0752,660,227,887,1484,59.77%,577,252,18,8,855
"Justice, Supreme Court, Place 9",0753,259,53,312,512,60.94%,116,171,8,6,301
"Justice, Supreme Court, Place 9",0754,388,262,650,1590,40.88%,29,588,8,11,636
"Justice, Supreme Court, Place 9",0755,1785,955,2740,5015,54.64%,967,1540,72,42,2621
"Justice, Supreme Court, Place 9",0756,688,309,997,1723,57.86%,321,611,16,7,955
"Justice, Supreme Court, Place 9",0757,1867,601,2468,4792,51.50%,391,1918,62,26,2397
"Justice, Supreme Court, Place 9",0758,2106,595,2701,3803,71.02%,1989,548,65,19,2621
"Justice, Supreme Court, Place 9",0759,1389,375,1764,2779,63.48%,1001,635,45,22,1703
"Justice, Supreme Court, Place 9",0760,1219,268,1487,2162,68.78%,1195,214,32,5,1446
"Justice, Supreme Court, Place 9",0761,1090,167,1257,1598,78.66%,898,280,33,7,1218
"Justice, Supreme Court, Place 9",0762,930,303,1233,1828,67.45%,572,582,20,11,1185
"Justice, Supreme Court, Place 9",0763,370,264,634,1249,50.76%,205,385,15,7,612
"Justice, Supreme Court, Place 9",0764,2473,677,3150,4827,65.26%,1843,1097,72,36,3048
"Justice, Supreme Court, Place 9",0765,2060,874,2934,5742,51.10%,754,1976,67,46,2843
"Justice, Supreme Court, Place 9",0766,126,59,185,428,43.22%,37,128,1,4,170
"Justice, Supreme Court, Place 9",0767,31,15,46,92,50.00%,23,21,0,0,44
"Justice, Supreme Court, Place 9",0768,1479,387,1866,2643,70.60%,1404,335,65,17,1821
"Justice, Supreme Court, Place 9",0769,85,14,99,184,53.80%,6,92,0,0,98
"Justice, Supreme Court, Place 9",0770,103,42,145,388,37.37%,47,86,4,1,138
"Justice, Supreme Court, Place 9",0771,572,210,782,1588,49.24%,334,382,26,15,757
"Justice, Supreme Court, Place 9",0772,2808,477,3285,4606,71.32%,2373,718,88,18,3197
"Justice, Supreme Court, Place 9",0773,1696,638,2334,4414,52.88%,564,1562,44,26,2196
"Justice, Supreme Court, Place 9",0774,154,55,220,426,51.64%,57,153,4,1,215
"Justice, Supreme Court, Place 9",0775,50,1,51,102,50.00%,1,49,0,0,50
"Justice, Supreme Court, Place 9",0776,1436,538,1974,3276,60.26%,1077,756,59,20,1912
"Justice, Supreme Court, Place 9",0777,202,105,307,767,40.03%,81,204,5,3,293
"Justice, Supreme Court, Place 9",0778,0,3,3,0,0.00%,1,2,0,0,3
"Justice, Supreme Court, Place 9",0779,263,160,423,1019,41.51%,109,266,9,8,392
"Justice, Supreme Court, Place 9",0780,170,130,300,666,45.05%,98,169,3,6,276
"Justice, Supreme Court, Place 9",0781,1236,612,1848,3782,48.86%,584,1079,42,19,1724
"Justice, Supreme Court, Place 9",0782,1048,368,1416,2355,60.13%,815,477,59,20,1371
Office,Precinct,Early Ballots Cast,Election Ballots Cast,Total Ballots Cast,Registered Voters,Percent Turnout,REP Eva Guzman,DEM Savannah Robinson,LIB Don Fulton,GRN Jim Chisholm,Totals
"Justice, Supreme Court, Place 9",0783,197,90,287,520,55.19%,20,255,3,2,280
"Justice, Supreme Court, Place 9",0784,408,119,527,1062,49.62%,18,482,5,8,513
"Justice, Supreme Court, Place 9",0785,1234,357,1591,1896,83.91%,800,654,72,14,1540
"Justice, Supreme Court, Place 9",0786,397,177,574,1258,45.63%,182,353,10,6,551
"Justice, Supreme Court, Place 9",0787,180,83,263,542,48.52%,83,154,7,5,249
"Justice, Supreme Court, Place 9",0788,2,0,2,13,15.38%,2,0,0,0,2
"Justice, Supreme Court, Place 9",0789,1377,420,1797,2998,59.94%,1019,661,44,24,1748
"Justice, Supreme Court, Place 9",0790,1143,329,1472,2523,58.34%,506,880,35,15,1436
"Justice, Supreme Court, Place 9",0791,9,3,12,29,41.38%,2,8,1,1,12
"Justice, Supreme Court, Place 9",0792,648,415,1063,1954,54.40%,269,723,13,13,1018
"Justice, Supreme Court, Place 9",0793,985,416,1401,2620,53.47%,702,588,34,28,1352
"Justice, Supreme Court, Place 9",0794,626,411,1037,3208,32.33%,103,874,19,12,1008
"Justice, Supreme Court, Place 9",0795,396,2,398,1281,31.07%,125,241,4,4,374
"Justice, Supreme Court, Place 9",0796,1372,455,1537,3041,60.41%,722,994,49,21,1786
"Justice, Supreme Court, Place 9",0797,0,0,0,0,0.00%,0,0,0,0,0
"Justice, Supreme Court, Place 9",0798,222,142,364,521,69.87%,146,187,6,12,351
"Justice, Supreme Court, Place 9",0799,55,26,84,171,49.12%,17,64,1,0,82
"Justice, Supreme Court, Place 9",0800,1935,730,2665,4216,63.21%,1569,877,100,35,2581
"Justice, Supreme Court, Place 9",0801,90,44,134,261,51.34%,49,80,1,1,131
"Justice, Supreme Court, Place 9",0802,54,21,75,224,33.48%,14,49,6,2,71
"Justice, Supreme Court, Place 9",0803,2557,547,3214,4514,71.20%,2189,857,63,19,3128
"Justice, Supreme Court, Place 9",0804,2703,682,3385,5303,63.83%,1745,1422,104,37,3308
"Justice, Supreme Court, Place 9",0805,1599,454,2053,2874,71.43%,1549,359,63,12,1983
"Justice, Supreme Court, Place 9",0806,1003,324,1327,1889,70.25%,780,458,41,14,1293
"Justice, Supreme Court, Place 9",0807,797,349,1146,2163,52.98%,186,877,35,20,1118
"Justice, Supreme Court, Place 9",0808,143,57,200,232,86.21%,69,102,18,3,192
"Justice, Supreme Court, Place 9",0809,19,7,25,98,26.53%,11,13,1,0,25
"Justice, Supreme Court, Place 9",0810,47,31,78,197,39.59%,15,57,1,0,73
"Justice, Supreme Court, Place 9",0811,52,68,150,277,54.15%,39,101,1,2,143
"Justice, Supreme Court, Place 9",0812,0,0,0,0,0.00%,0,0,0,0,0
"Justice, Supreme Court, Place 9",0813,1742,434,2176,3488,62.39%,931,1093,56,33,2113
"Justice, Supreme Court, Place 9",0814,1975,827,2803,5483,51.12%,552,2071,50,43,2716
"Justice, Supreme Court, Place 9",0815,0,0,0,0,0.00%,0,0,0,0,0
"Justice, Supreme Court, Place 9",0816,23,10,33,64,51.56%,5,24,0,2,31
Office,Precinct,Early Ballots Cast,Election Ballots Cast,Total Ballots Cast,Registered Voters,Percent Turnout,REP Eva Guzman,DEM Savannah Robinson,LIB Don Fulton,GRN Jim Chisholm,Totals
"Justice, Supreme Court, Place 9",0817,2791,550,3341,4700,71.09%,2251,888,89,27,3255
"Justice, Supreme Court, Place 9",0818,209,104,313,737,42.47%,67,226,5,4,302
"Justice, Supreme Court, Place 9",0819,108,31,139,228,60.96%,76,51,2,2,131
"Justice, Supreme Court, Place 9",0820,0,0,0,0,0.00%,0,0,0,0,0
"Justice, Supreme Court, Place 9",0821,362,188,550,1295,42.47%,79,433,8,7,527
"Justice, Supreme Court, Place 9",0822,571,185,756,1574,48.03%,28,696,4,2,730
"Justice, Supreme Court, Place 9",0823,1339,410,1749,3017,57.97%,904,702,59,23,1688
"Justice, Supreme Court, Place 9",0824,1059,410,1469,2762,53.19%,335,1036,29,24,1424
"Justice, Supreme Court, Place 9",0825,9,7,16,21,76.19%,3,11,1,1,16
"Justice, Supreme Court, Place 9",0826,177,70,247,355,69.58%,139,84,5,6,234
"Justice, Supreme Court, Place 9",0827,218,234,452,1042,43.38%,150,271,13,9,443
"Justice, Supreme Court, Place 9",0828,1174,281,1455,1965,74.05%,1102,264,32,13,1411
"Justice, Supreme Court, Place 9",0829,101,19,120,235,51.06%,34,79,3,1,117
"Justice, Supreme Court, Place 9",0830,2,2,4,2,200.00%,4,0,0,0,4
"Justice, Supreme Court, Place 9",0831,8,5,13,36,36.11%,6,5,0,0,11
"Justice, Supreme Court, Place 9",0832,125,50,175,364,48.08%,46,117,3,1,167
"Justice, Supreme Court, Place 9",0833,3,2,5,20,25.00%,1,4,0,0,5
"Justice, Supreme Court, Place 9",0834,142,61,203,388,52.32%,20,176,3,1,200
"Justice, Supreme Court, Place 9",0835,87,71,158,311,50.80%,46,97,4,4,151
"Justice, Supreme Court, Place 9",0836,128,0,128,248,51.61%,11,106,1,1,119
"Justice, Supreme Court, Place 9",0837,0,0,0,0,0.00%,0,0,0,0,0
"Justice, Supreme Court, Place 9",0838,0,0,0,0,0.00%,0,0,0,0,0
"Justice, Supreme Court, Place 9",0839,419,174,593,1190,49.83%,121,416,25,16,578
"Justice, Supreme Court, Place 9",0840,831,228,1059,1780,59.49%,351,647,16,11,1025
"Justice, Supreme Court, Place 9",0841,1475,475,1950,3431,56.83%,456,1394,34,12,1896
"Justice, Supreme Court, Place 9",0842,1340,513,1853,3390,54.66%,725,985,55,22,1787
"Justice, Supreme Court, Place 9",0843,595,298,893,1387,64.38%,166,668,9,18,861
"Justice, Supreme Court, Place 9",0844,4,0,4,10,40.00%,0,4,0,0,4
"Justice, Supreme Court, Place 9",0845,152,13,165,218,75.69%,99,56,6,0,161
"Justice, Supreme Court, Place 9",0846,61,22,83,229,36.24%,7,74,1,0,82
"Justice, Supreme Court, Place 9",0847,993,330,1323,2310,57.27%,360,893,20,13,1286
"Justice, Supreme Court, Place 9",0848,1014,201,1215,1875,64.80%,395,729,30,13,1167
"Justice, Supreme Court, Place 9",0849,731,455,1186,2272,52.20%,364,717,23,19,1123
"Justice, Supreme Court, Place 9",0850,129,19,148,208,71.15%,60,78,3,2,143
Office,Precinct,Early Ballots Cast,Election Ballots Cast,Total Ballots Cast,Registered Voters,Percent Turnout,REP Eva Guzman,DEM Savannah Robinson,LIB Don Fulton,GRN Jim Chisholm,Totals
"Justice, Supreme Court, Place 9",0851,1886,441,2327,3597,64.69%,1474,661,88,33,2256
"Justice, Supreme Court, Place 9",0852,0,0,0,1,0.00%,0,0,0,0,0
"Justice, Supreme Court, Place 9",0853,1538,487,2125,2986,71.17%,1526,454,75,15,2070
"Justice, Supreme Court, Place 9",0854,40,19,59,175,33.71%,8,48,1,1,58
"Justice, Supreme Court, Place 9",0855,7,2,9,21,42.86%,5,3,0,1,9
"Justice, Supreme Court, Place 9",0856,0,3,3,0,0.00%,1,0,0,0,1
"Justice, Supreme Court, Place 9",0857,0,0,0,1,0.00%,0,0,0,0,0
"Justice, Supreme Court, Place 9",0858,122,35,157,334,47.01%,4,146,1,0,151
"Justice, Supreme Court, Place 9",0859,391,143,534,945,56.51%,118,382,7,7,514
"Justice, Supreme Court, Place 9",0860,1,1,2,0,0.00%,0,2,0,0,2
"Justice, Supreme Court, Place 9",0861,777,272,1049,1941,54.04%,159,829,21,10,1019
"Justice, Supreme Court, Place 9",0862,1989,508,2497,3739,66.78%,1436,907,58,30,2431
"Justice, Supreme Court, Place 9",0863,192,64,256,581,44.06%,13,237,1,0,251
"Justice, Supreme Court, Place 9",0864,693,574,1267,2708,46.79%,312,865,19,19,1215
"Justice, Supreme Court, Place 9",0865,9,2,11,21,52.38%,0,10,0,1,11
"Justice, Supreme Court, Place 9",0866,0,0,0,0,0.00%,0,0,0,0,0
"Justice, Supreme Court, Place 9",0867,0,0,0,0,0.00%,0,0,0,0,0
"Justice, Supreme Court, Place 9",0868,737,495,1232,2446,50.37%,346,802,17,16,1181
"Justice, Supreme Court, Place 9",0869,166,55,221,480,46.04%,31,173,4,4,212
"Justice, Supreme Court, Place 9",0870,0,2,2,0,0.00%,2,0,0,0,2
"Justice, Supreme Court, Place 9",0871,2,1,3,3,100.00%,0,2,1,0,3
"Justice, Supreme Court, Place 9",0872,16,6,22,68,32.35%,12,9,1,0,22
"Justice, Supreme Court, Place 9",0873,296,111,407,778,52.31%,97,290,5,6,398
"Justice, Supreme Court, Place 9",0874,1682,670,2352,3294,71.40%,1647,546,63,23,2279
"Justice, Supreme Court, Place 9",0875,1950,501,2451,3592,68.23%,1107,1175,74,28,2384
"Justice, Supreme Court, Place 9",0876,1947,577,2524,3485,72.42%,1713,657,68,14,2452
"Justice, Supreme Court, Place 9",0877,1806,528,2334,3651,63.93%,861,1326,66,30,2283
"Justice, Supreme Court, Place 9",0878,685,110,795,1039,76.52%,619,127,19,4,769
"Justice, Supreme Court, Place 9",0879,1217,413,1630,2843,57.33%,650,848,59,23,1580
"Justice, Supreme Court, Place 9",0880,1357,471,1828,2467,74.10%,1343,387,45,12,1787
"Justice, Supreme Court, Place 9",0881,2467,927,3394,5638,60.20%,866,2300,94,50,3310
"Justice, Supreme Court, Place 9",0882,1954,595,2549,4317,59.05%,747,1620,57,39,2463
"Justice, Supreme Court, Place 9",0883,2253,928,3181,5613,56.67%,588,2406,50,40,3084
"Justice, Supreme Court, Place 9",0884,149,55,204,396,51.52%,30,167,1,4,202
Office,Precinct,Early Ballots Cast,Election Ballots Cast,Total Ballots Cast,Registered Voters,Percent Turnout,REP Eva Guzman,DEM Savannah Robinson,LIB Don Fulton,GRN Jim Chisholm,Totals
"Justice, Supreme Court, Place 9",0885,1573,323,1896,2811,67.45%,1044,755,45,19,1863
"Justice, Supreme Court, Place 9",0886,498,152,650,906,71.74%,355,224,37,7,623
"Justice, Supreme Court, Place 9",0887,235,95,330,492,67.07%,173,115,22,3,313
"Justice, Supreme Court, Place 9",0888,820,289,1109,1867,59.40%,343,682,28,17,1070
"Justice, Supreme Court, Place 9",0889,114,28,142,238,59.66%,43,80,10,3,136
"Justice, Supreme Court, Place 9",0890,449,98,547,1214,45.06%,228,254,29,8,519
"Justice, Supreme Court, Place 9",0891,753,194,947,1376,68.82%,374,507,22,9,912
"Justice, Supreme Court, Place 9",0892,428,123,551,900,61.22%,195,297,24,11,527
"Justice, Supreme Court, Place 9",0893,1,4,5,9,55.56%,2,3,0,0,5
"Justice, Supreme Court, Place 9",0894,805,305,1110,2087,53.19%,157,886,29,12,1084
"Justice, Supreme Court, Place 9",0895,419,252,671,834,80.46%,331,285,18,5,639
"Justice, Supreme Court, Place 9",0896,841,254,1095,1467,74.64%,427,586,22,20,1055
"Justice, Supreme Court, Place 9",0897,814,365,1179,1766,66.76%,595,479,50,15,1139
"Justice, Supreme Court, Place 9",0898,792,301,1093,1821,60.02%,431,583,39,13,1066
"Justice, Supreme Court, Place 9",0899,747,165,912,1264,72.15%,555,308,30,6,899
"Justice, Supreme Court, Place 9",0900,7,0,7,12,58.33%,1,6,0,0,7
"Justice, Supreme Court, Place 9",0901,0,0,0,0,0.00%,0,0,0,0,0
"Justice, Supreme Court, Place 9",0902,1311,361,1672,2217,75.42%,877,632,74,25,1608
"Justice, Supreme Court, Place 9",0903,1315,354,1669,2558,65.25%,1182,379,49,21,1631
"Justice, Supreme Court, Place 9",0904,2,0,2,8,25.00%,0,1,1,0,2
"Justice, Supreme Court, Place 9",0905,390,136,526,946,55.60%,211,292,6,4,513
"Justice, Supreme Court, Place 9",0906,19,3,22,28,78.57%,15,7,0,0,22
"Justice, Supreme Court, Place 9",0907,53,37,90,201,44.78%,6,80,2,1,89
"Justice, Supreme Court, Place 9",0908,0,0,0,0,0.00%,0,0,0,0,0
"Justice, Supreme Court, Place 9",0909,7,1,8,21,38.10%,3,5,0,0,8
"Justice, Supreme Court, Place 9",0910,78,37,115,236,48.73%,39,63,4,2,108
"Justice, Supreme Court, Place 9",0911,237,63,300,576,52.08%,192,95,6,1,294
"Justice, Supreme Court, Place 9",0912,712,167,879,1341,65.55%,500,311,20,14,845
"Justice, Supreme Court, Place 9",0913,102,12,114,241,47.30%,20,88,2,0,110
"Justice, Supreme Court, Place 9",0914,42,0,42,124,33.87%,8,27,3,0,38
"Justice, Supreme Court, Place 9",0915,0,0,0,0,0.00%,0,0,0,0,0
"Justice, Supreme Court, Place 9",0916,1474,308,1782,2205,80.82%,1316,337,70,9,1732
"Justice, Supreme Court, Place 9",0917,34,9,43,147,29.25%,4,33,0,2,39
"Justice, Supreme Court, Place 9",0918,3,1,4,7,57.14%,1,3,0,0,4
Office,Precinct,Early Ballots Cast,Election Ballots Cast,Total Ballots Cast,Registered Voters,Percent Turnout,REP Eva Guzman,DEM Savannah Robinson,LIB Don Fulton,GRN Jim Chisholm,Totals
"Justice, Supreme Court, Place 9",0919,1,0,1,1,100.00%,1,0,0,0,1
"Justice, Supreme Court, Place 9",0920,41,13,54,79,68.35%,30,20,1,1,52
"Justice, Supreme Court, Place 9",0921,27,6,33,61,54.10%,7,25,1,0,33
"Justice, Supreme Court, Place 9",0922,0,0,0,0,0.00%,0,0,0,0,0
"Justice, Supreme Court, Place 9",0923,2334,350,2684,3536,75.90%,1965,602,65,6,2638
"Justice, Supreme Court, Place 9",0924,0,0,0,0,0.00%,0,0,0,0,0
"Justice, Supreme Court, Place 9",0925,0,0,0,0,0.00%,0,0,0,0,0
"Justice, Supreme Court, Place 9",0926,550,149,699,967,72.29%,468,190,20,4,682
"Justice, Supreme Court, Place 9",0927,970,173,1143,1771,64.54%,576,462,44,12,1094
"Justice, Supreme Court, Place 9",0928,4,1,5,7,71.43%,0,5,0,0,5
"Justice, Supreme Court, Place 9",0929,0,0,0,0,0.00%,0,0,0,0,0
"Justice, Supreme Court, Place 9",0930,217,83,300,606,49.50%,23,266,1,1,291
"Justice, Supreme Court, Place 9",0931,87,28,115,141,81.56%,48,55,1,2,106
"Justice, Supreme Court, Place 9",0932,0,1,1,0,0.00%,0,1,0,0,1
"Justice, Supreme Court, Place 9",0933,297,93,390,668,58.38%,113,248,12,4,377
"Justice, Supreme Court, Place 9",0934,9,4,13,37,35.14%,7,5,1,0,13
"Justice, Supreme Court, Place 9",0935,12,9,21,55,38.18%,8,12,0,1,21
"Justice, Supreme Court, Place 9",0936,23,9,32,76,42.11%,11,19,0,0,30
"Justice, Supreme Court, Place 9",0937,0,0,0,0,0.00%,0,0,0,0,0
"Justice, Supreme Court, Place 9",0938,72,19,91,255,35.69%,29,58,2,1,90
"Justice, Supreme Court, Place 9",0939,1,1,2,4,50.00%,1,1,0,0,2
"Justice, Supreme Court, Place 9",0940,9,3,12,28,42.86%,2,10,0,0,12
"Justice, Supreme Court, Place 9",0941,286,144,430,870,49.43%,189,191,22,11,413
"Justice, Supreme Court, Place 9",0942,102,16,118,152,77.63%,81,32,3,1,117
"Justice, Supreme Court, Place 9",0943,192,28,220,774,28.42%,49,152,4,5,210
"Justice, Supreme Court, Place 9",0944,1,0,1,1,100.00%,0,1,0,0,1
"Justice, Supreme Court, Place 9",0945,8,6,14,21,66.67%,5,7,1,0,13
"Justice, Supreme Court, Place 9",0946,4,2,6,14,42.86%,1,5,0,0,6
"Justice, Supreme Court, Place 9",0947,428,198,626,820,76.34%,330,242,18,6,596
"Justice, Supreme Court, Place 9",0948,0,0,0,1,0.00%,0,0,0,0,0
"Justice, Supreme Court, Place 9",0949,84,61,145,210,69.05%,66,65,6,3,140
"Justice, Supreme Court, Place 9",0950,0,0,0,0,0.00%,0,0,0,0,0
"Justice, Supreme Court, Place 9",0951,114,62,176,304,57.89%,41,120,2,5,168
"Justice, Supreme Court, Place 9",0952,32,15,47,65,72.31%,28,15,3,0,46
Office,Precinct,Early Ballots Cast,Election Ballots Cast,Total Ballots Cast,Registered Voters,Percent Turnout,REP Eva Guzman,DEM Savannah Robinson,LIB Don Fulton,GRN Jim Chisholm,Totals
"Justice, Supreme Court, Place 9",0953,4,0,4,8,50.00%,0,4,0,0,4
"Justice, Supreme Court, Place 9",0954,0,0,0,0,0.00%,0,0,0,0,0
"Justice, Supreme Court, Place 9",0955,3541,572,4113,5108,80.52%,2849,1036,94,17,3996
"Justice, Supreme Court, Place 9",0956,0,0,0,0,0.00%,0,0,0,0,0
"Justice, Supreme Court, Place 9",0957,284,39,323,585,55.21%,38,266,3,4,311
"Justice, Supreme Court, Place 9",0958,431,231,662,1202,55.07%,132,483,12,12,639
"Justice, Supreme Court, Place 9",0959,0,0,0,0,0.00%,0,0,0,0,0
"Justice, Supreme Court, Place 9",0960,831,235,1066,1471,72.47%,227,787,15,10,1039
"Justice, Supreme Court, Place 9",0961,821,318,1139,2369,48.08%,182,879,21,11,1093
"Justice, Supreme Court, Place 9",0962,33,12,45,88,51.14%,10,29,3,2,44
"Justice, Supreme Court, Place 9",0963,225,91,316,528,59.85%,132,155,12,8,307
"Justice, Supreme Court, Place 9",0964,2148,325,2473,3179,77.79%,1399,937,55,15,2406
"Justice, Supreme Court, Place 9",0965,102,35,137,345,39.71%,90,31,6,6,133
"Justice, Supreme Court, Place 9",0966,368,189,557,1332,41.82%,130,381,13,5,529
"Justice, Supreme Court, Place 9",0967,82,24,106,186,56.99%,36,57,9,1,103
"Justice, Supreme Court, Place 9",0968,455,127,582,906,64.24%,128,428,7,6,569
"Justice, Supreme Court, Place 9",0969,299,71,370,624,59.29%,6,352,3,3,364
"Justice, Supreme Court, Place 9",0970,224,102,326,810,40.25%,33,268,3,2,306
"Justice, Supreme Court, Place 9",0971,0,0,0,0,0.00%,0,0,0,0,0
"Justice, Supreme Court, Place 9",0972,0,0,0,0,0.00%,0,0,0,0,0
"Justice, Supreme Court, Place 9",0973,505,138,643,999,64.36%,406,184,22,13,625
"Justice, Supreme Court, Place 9",0974,0,1,1,0,0.00%,1,0,0,0,1
"Justice, Supreme Court, Place 9",0975,104,26,130,190,68.42%,57,56,5,4,122
"Justice, Supreme Court, Place 9",0976,190,152,342,712,48.03%,165,147,7,8,327
"Justice, Supreme Court, Place 9",0977,160,108,268,617,43.44%,89,157,6,7,259
"Justice, Supreme Court, Place 9",0978,0,0,0,0,0.00%,0,0,0,0,0
"Justice, Supreme Court, Place 9",0979,0,0,0,0,0.00%,0,0,0,0,0
"Justice, Supreme Court, Place 9",0980,686,333,1019,1412,72.17%,695,245,31,9,980
"Justice, Supreme Court, Place 9",0981,12,2,14,31,45.16%,1,12,0,0,13
"Justice, Supreme Court, Place 9",0982,1900,501,2401,2916,82.34%,1747,498,84,15,2344
"Justice, Supreme Court, Place 9",0983,55,17,82,198,41.41,%,38,34,6,2,80
"Justice, Supreme Court, Place 9",0984,76,57,133,341,39.00%,12,111,4,3,130
"Justice, Supreme Court, Place 9",0985,222,56,278,355,78.31%,127,135,5,5,272
"Justice, Supreme Court, Place 9",0986,154,78,232,537,43.20%,27,197,1,3,228
Office,Precinct,Early Ballots Cast,Election Ballots Cast,Total Ballots Cast,Registered Voters,Percent Turnout,REP Eva Guzman,DEM Savannah Robinson,LIB Don Fulton,GRN Jim Chisholm,Totals
"Justice, Supreme Court, Place 9",0987,477,130,607,1183,51.31%,43,530,5,6,584
"Justice, Supreme Court, Place 9",0988,52,15,77,117,65.81%,66,7,1,2,76
"Justice, Supreme Court, Place 9",0989,0,0,0,0,0.00%,0,0,0,0,0
"Justice, Supreme Court, Place 9",0990,5,6,11,66,16.67%,4,6,1,0,11
"Justice, Supreme Court, Place 9",0991,0,1,1,2,50.00%,0,1,0,0,1
"Justice, Supreme Court, Place 9",0992,456,106,562,1075,52.28%,256,260,19,6,541
"Justice, Supreme Court, Place 9",0993,0,0,0,0,0.00%,0,0,0,0,0
"Justice, Supreme Court, Place 9",0994,55,12,68,75,90.67%,18,43,2,4,67
"Justice, Supreme Court, Place 9",0995,754,193,947,1576,60.09%,107,790,10,13,920
"Justice, Supreme Court, Place 9",0996,403,70,473,708,66.81%,257,182,12,5,456
"Justice, Supreme Court, Place 9",0997,525,283,808,1909,42.33%,135,631,15,12,793
"Justice, Supreme Court, Place 9",0998,24,12,36,68,52.94%,22,9,4,0,35
"Justice, Supreme Court, Place 9",0999,0,0,0,0,0.00%,0,0,0,0,0
"Justice, Supreme Court, Place 9",1000,123,22,145,428,33.88%,26,107,2,7,142
"Justice, Supreme Court, Place 9",1001,519,280,799,1654,48.31%,160,578,14,8,760
"Justice, Supreme Court, Place 9",1002,481,270,751,1804,41.63%,107,588,11,11,717
"Justice, Supreme Court, Place 9",1003,0,0,0,0,0.00%,0,0,0,0,0
"Justice, Supreme Court, Place 9",1004,351,114,465,691,67.29%,241,194,11,5,451
"Justice, Supreme Court, Place 9",1005,0,0,0,0,0.00%,0,0,0,0,0
"Justice, Supreme Court, Place 9",1006,0,0,0,0,0.00%,0,0,0,0,0
"Justice, Supreme Court, Place 9",1007,595,306,1002,1775,56.45%,221,720,14,15,970
"Justice, Supreme Court, Place 9",1008,520,107,727,1011,71.91%,546,133,23,3,705
"Justice, Supreme Court, Place 9",1009,0,0,0,0,0.00%,0,0,0,0,0
"Justice, Supreme Court, Place 9",1010,293,96,389,647,60.12%,77,288,7,4,376
"Justice, Supreme Court, Place 9",1011,9,6,15,31,48.39%,10,5,0,0,15
"Justice, Supreme Court, Place 9",1012,545,362,907,1633,55.54%,231,613,17,11,872
"Justice, Supreme Court, Place 9",Totals;,983140,353327,1336467,2182980,616645,623055,35193,15670,1290563
