Office,Precinct,Early Ballots Cast,Election Ballots Cast,Total Ballots Cast,Registered Voters,Percent Turnout,REP Evelyn Keyes,DEM Barbara Gardner,Totals
"Justice, 1st Court of Appeals District, Place 4",0001,1419,496,1915,2682,71.40%,677,1113,1790
"Justice, 1st Court of Appeals District, Place 4",0002,1002,370,1372,2099,65.36%,556,723,1279
"Justice, 1st Court of Appeals District, Place 4",0003,875,336,1211,1625,74.52%,442,682,1124
"Justice, 1st Court of Appeals District, Place 4",0004,955,369,1324,1709,77.47%,455,780,1235
"Justice, 1st Court of Appeals District, Place 4",0005,759,380,1139,1470,77.48%,404,665,1069
"Justice, 1st Court of Appeals District, Place 4",0006,1841,628,2469,4084,60.46%,1182,1183,2365
"Justice, 1st Court of Appeals District, Place 4",0007,430,125,555,1002,55.39%,20,520,540
"Justice, 1st Court of Appeals District, Place 4",0008,889,351,1240,1848,67.10%,565,616,1181
"Justice, 1st Court of Appeals District, Place 4",0009,660,312,972,1861,52.23%,218,679,897
"Justice, 1st Court of Appeals District, Place 4",0010,701,232,933,1830,50.98%,170,676,846
"Justice, 1st Court of Appeals District, Place 4",0011,618,258,876,1748,50.11%,168,647,815
"Justice, 1st Court of Appeals District, Place 4",0012,230,65,295,731,40.36%,144,135,279
"Justice, 1st Court of Appeals District, Place 4",0013,1231,382,1613,2751,58.63%,1025,499,1524
"Justice, 1st Court of Appeals District, Place 4",0014,989,429,1418,1924,73.70%,671,674,1345
"Justice, 1st Court of Appeals District, Place 4",0015,1489,849,2338,2852,81.98%,1305,878,2183
"Justice, 1st Court of Appeals District, Place 4",0016,681,189,870,1284,67.76%,399,432,831
"Justice, 1st Court of Appeals District, Place 4",0017,451,293,744,1198,62.10%,290,405,695
"Justice, 1st Court of Appeals District, Place 4",0018,744,367,1111,1456,76.30%,496,548,1044
"Justice, 1st Court of Appeals District, Place 4",0019,549,293,942,1288,73.14%,300,590,890
"Justice, 1st Court of Appeals District, Place 4",0020,1007,335,1342,2780,48.27%,420,833,1253
"Justice, 1st Court of Appeals District, Place 4",0021,540,207,747,1229,60.78%,163,552,715
"Justice, 1st Court of Appeals District, Place 4",0022,936,419,1355,2501,54.18%,209,1096,1305
"Justice, 1st Court of Appeals District, Place 4",0023,132,74,206,551,37.39%,34,163,197
"Justice, 1st Court of Appeals District, Place 4",0024,293,36,329,712,46.21%,59,257,316
"Justice, 1st Court of Appeals District, Place 4",0025,239,292,531,1105,48.05%,24,491,515
"Justice, 1st Court of Appeals District, Place 4",0026,835,313,1148,1969,58.30%,234,833,1067
"Justice, 1st Court of Appeals District, Place 4",0027,1392,508,1900,3271,58.09%,378,1383,1761
"Justice, 1st Court of Appeals District, Place 4",0028,1514,446,1960,3307,59.27%,1088,799,1887
"Justice, 1st Court of Appeals District, Place 4",0029,648,490,1138,2722,41.81%,336,735,1071
"Justice, 1st Court of Appeals District, Place 4",0030,1287,546,1833,2818,65.05%,537,1177,1714
"Justice, 1st Court of Appeals District, Place 4",0031,784,453,1237,2656,46.57%,36,1152,1188
"Justice, 1st Court of Appeals District, Place 4",0032,1254,504,1758,2728,64.44%,732,907,1639
"Justice, 1st Court of Appeals District, Place 4",0033,2074,554,2528,3907,67.26%,947,1490,2437
"Justice, 1st Court of Appeals District, Place 4",0034,1512,517,2129,3044,69.94%,464,1551,2015
Office,Precinct,Early Ballots Cast,Election Ballots Cast,Total Ballots Cast,Registered Voters,Percent Turnout,REP Evelyn Keyes,DEM Barbara Gardner,Totals
"Justice, 1st Court of Appeals District, Place 4",0035,5,0,5,14,35.71%,2,3,5
"Justice, 1st Court of Appeals District, Place 4",0036,1032,516,1548,3100,49.94%,333,1136,1469
"Justice, 1st Court of Appeals District, Place 4",0037,1526,409,1935,2467,78.44%,663,1140,1803
"Justice, 1st Court of Appeals District, Place 4",0038,1876,436,2312,3081,75.04%,744,1421,2165
"Justice, 1st Court of Appeals District, Place 4",0039,1707,492,2199,3070,71.63%,565,1481,2046
"Justice, 1st Court of Appeals District, Place 4",0040,275,107,382,527,72.49%,181,174,355
"Justice, 1st Court of Appeals District, Place 4",0041,712,264,976,1518,64.30%,392,543,935
"Justice, 1st Court of Appeals District, Place 4",0042,438,109,547,1062,51.51%,15,522,537
"Justice, 1st Court of Appeals District, Place 4",0043,815,300,1115,1972,56.54%,455,591,1046
"Justice, 1st Court of Appeals District, Place 4",0044,727,310,1037,2126,48.78%,212,737,949
"Justice, 1st Court of Appeals District, Place 4",0045,2263,1021,3284,5740,57.21%,619,2498,3117
"Justice, 1st Court of Appeals District, Place 4",0046,875,341,1216,2568,47.35%,172,967,1139
"Justice, 1st Court of Appeals District, Place 4",0047,505,268,773,1618,47.78%,41,706,747
"Justice, 1st Court of Appeals District, Place 4",0048,348,168,516,967,53.36%,53,436,489
"Justice, 1st Court of Appeals District, Place 4",0049,1547,731,2278,3709,61.42%,1479,706,2185
"Justice, 1st Court of Appeals District, Place 4",0050,1838,680,2518,4314,58.37%,1182,1245,2427
"Justice, 1st Court of Appeals District, Place 4",0051,829,271,1100,1734,63.44%,782,275,1057
"Justice, 1st Court of Appeals District, Place 4",0052,1402,456,1858,2581,71.99%,843,898,1741
"Justice, 1st Court of Appeals District, Place 4",0053,1676,613,2289,3083,74.25%,917,1196,2113
"Justice, 1st Court of Appeals District, Place 4",0054,1054,211,1265,1619,78.13%,587,585,1172
"Justice, 1st Court of Appeals District, Place 4",0055,1265,410,1675,2094,79.99%,680,866,1546
"Justice, 1st Court of Appeals District, Place 4",0056,698,283,981,1393,70.42%,557,370,927
"Justice, 1st Court of Appeals District, Place 4",0057,2043,567,2610,3325,78.50%,1034,1405,2439
"Justice, 1st Court of Appeals District, Place 4",0058,1717,484,2201,3031,72.62%,970,1094,2064
"Justice, 1st Court of Appeals District, Place 4",0059,1592,439,2031,2671,76.04%,822,1096,1918
"Justice, 1st Court of Appeals District, Place 4",0060,1,â€™474,537,2011,2766,72.70%,521,1359,1880
"Justice, 1st Court of Appeals District, Place 4",0061,519,423,942,1847,51.00%,242,643,885
"Justice, 1st Court of Appeals District, Place 4",0062,689,452,1141,2195,51.98%,201,857,1058
"Justice, 1st Court of Appeals District, Place 4",0063,767,391,1158,1903,60.85%,903,202,1105
"Justice, 1st Court of Appeals District, Place 4",0064,678,368,1046,2220,47.12%,188,790,978
"Justice, 1st Court of Appeals District, Place 4",0065,638,435,1073,2178,49.27%,159,853,1012
"Justice, 1st Court of Appeals District, Place 4",0066,247,255,502,1135,44.23%,86,385,471
"Justice, 1st Court of Appeals District, Place 4",0067,942,521,1463,3019,48.46%,259,1099,1358
"Justice, 1st Court of Appeals District, Place 4",0068,1172,430,1602,3096,51.74%,39,1511,1550
Office,Precinct,Early Ballots Cast,Election Ballots Cast,Total Ballots Cast,Registered Voters,Percent Turnout,REP Evelyn Keyes,DEM Barbara Gardner,Totals
"Justice, 1st Court of Appeals District, Place 4",0069,375,222,597,1309,45.61%,92,455,547
"Justice, 1st Court of Appeals District, Place 4",0070,2288,670,2958,3815,77.54%,1621,1177,2798
"Justice, 1st Court of Appeals District, Place 4",0071,2708,947,3655,5016,72.87%,1742,1708,3450
"Justice, 1st Court of Appeals District, Place 4",0072,736,418,1154,2029,56.88%,259,820,1079
"Justice, 1st Court of Appeals District, Place 4",0073,813,282,1095,1621,67.55%,543,482,1025
"Justice, 1st Court of Appeals District, Place 4",0074,2503,268,2771,3578,77.45%,2027,624,2651
"Justice, 1st Court of Appeals District, Place 4",0075,1001,286,1287,1684,76.43%,563,640,1203
"Justice, 1st Court of Appeals District, Place 4",0076,1015,427,1442,2441,59.07%,680,684,1364
"Justice, 1st Court of Appeals District, Place 4",0077,2,5,7,17,41.18%,1,6,7
"Justice, 1st Court of Appeals District, Place 4",0078,618,254,872,1608,54.23%,213,586,799
"Justice, 1st Court of Appeals District, Place 4",0079,831,602,1433,2963,48.36%,229,1094,1323
"Justice, 1st Court of Appeals District, Place 4",0080,1175,466,1641,2840,57.78%,335,1220,1555
"Justice, 1st Court of Appeals District, Place 4",0081,776,273,1049,1964,53.41%,289,698,987
"Justice, 1st Court of Appeals District, Place 4",0082,1585,756,2341,3539,66.15%,1643,603,2246
"Justice, 1st Court of Appeals District, Place 4",0083,1831,540,2371,4174,56.80%,868,1415,2283
"Justice, 1st Court of Appeals District, Place 4",0084,573,257,830,1421,58.41%,571,233,804
"Justice, 1st Court of Appeals District, Place 4",0085,588,329,917,2169,42.28%,42,844,886
"Justice, 1st Court of Appeals District, Place 4",0086,2034,493,2527,3449,73.27%,1148,1230,2378
"Justice, 1st Court of Appeals District, Place 4",0087,1451,719,2170,2839,76.44%,1293,753,2046
"Justice, 1st Court of Appeals District, Place 4",0088,338,141,479,784,61.10%,302,152,454
"Justice, 1st Court of Appeals District, Place 4",0089,398,424,822,1094,75.14%,448,322,770
"Justice, 1st Court of Appeals District, Place 4",0090,1859,890,2749,3883,70.80%,1965,666,2631
"Justice, 1st Court of Appeals District, Place 4",0091,673,339,1012,1724,58.70%,545,404,949
"Justice, 1st Court of Appeals District, Place 4",0092,1263,474,1737,2260,76.86%,1077,567,1644
"Justice, 1st Court of Appeals District, Place 4",0093,1048,619,1667,3536,47.14%,473,1117,1590
"Justice, 1st Court of Appeals District, Place 4",0094,202,63,265,580,45.69%,45,206,251
"Justice, 1st Court of Appeals District, Place 4",0095,2022,534,2556,3394,75.31%,1581,865,2446
"Justice, 1st Court of Appeals District, Place 4",0096,828,306,1134,2060,55.05%,160,921,1081
"Justice, 1st Court of Appeals District, Place 4",0097,2513,467,2980,4414,67.51%,2160,690,2850
"Justice, 1st Court of Appeals District, Place 4",0098,1385,594,1979,3161,62.61%,1591,309,1900
"Justice, 1st Court of Appeals District, Place 4",0099,681,295,976,2192,44.53%,400,534,934
"Justice, 1st Court of Appeals District, Place 4",0100,529,276,805,1825,44.11%,318,456,774
"Justice, 1st Court of Appeals District, Place 4",0101,221,129,350,988,35.43%,82,255,337
"Justice, 1st Court of Appeals District, Place 4",0102,581,227,808,1907,42.37%,199,564,763
Office,Precinct,Early Ballots Cast,Election Ballots Cast,Total Ballots Cast,Registered Voters,Percent Turnout,REP Evelyn Keyes,DEM Barbara Gardner,Totals
"Justice, 1st Court of Appeals District, Place 4",0103,2146,985,3131,5097,61.43%,1477,1551,3028
"Justice, 1st Court of Appeals District, Place 4",0104,914,211,1125,1920,58.59%,29,1068,1097
"Justice, 1st Court of Appeals District, Place 4",0105,709,433,1142,2304,49.57%,273,794,1067
"Justice, 1st Court of Appeals District, Place 4",0106,73,59,132,299,44.15%,40,88,128
"Justice, 1st Court of Appeals District, Place 4",0107,592,403,995,2230,44.62%,147,804,951
"Justice, 1st Court of Appeals District, Place 4",0108,1463,448,1911,3674,52.01%,882,916,1798
"Justice, 1st Court of Appeals District, Place 4",0109,1098,278,1376,2909,47.30%,36,1291,1327
"Justice, 1st Court of Appeals District, Place 4",0110,1662,481,2143,3222,66.51%,1194,863,2057
"Justice, 1st Court of Appeals District, Place 4",0111,2700,866,3566,4792,74.42%,2425,997,3422
"Justice, 1st Court of Appeals District, Place 4",0112,1507,598,2105,3188,66.03%,1348,662,2010
"Justice, 1st Court of Appeals District, Place 4",0113,1307,418,1725,2718,63.47%,868,795,1663
"Justice, 1st Court of Appeals District, Place 4",0114,2290,506,2796,3885,71.97%,1986,702,2688
"Justice, 1st Court of Appeals District, Place 4",0115,609,272,881,1843,47.80%,81,762,843
"Justice, 1st Court of Appeals District, Place 4",0116,1898,599,2497,3194,78.18%,1826,567,2393
"Justice, 1st Court of Appeals District, Place 4",0117,573,379,952,1900,50.11%,317,570,887
"Justice, 1st Court of Appeals District, Place 4",0118,1823,530,2353,3181,73.97%,1196,1049,2245
"Justice, 1st Court of Appeals District, Place 4",0119,2761,409,3170,4682,67.71%,2415,624,3039
"Justice, 1st Court of Appeals District, Place 4",0120,1807,588,2395,3732,64.17%,1371,907,2278
"Justice, 1st Court of Appeals District, Place 4",0121,354,221,575,966,59.52%,351,206,557
"Justice, 1st Court of Appeals District, Place 4",0122,732,284,1016,1904,53.36%,50,926,976
"Justice, 1st Court of Appeals District, Place 4",0123,749,287,1036,1585,65.36%,268,713,981
"Justice, 1st Court of Appeals District, Place 4",0124,3136,888,4024,5393,74.62%,3094,809,3903
"Justice, 1st Court of Appeals District, Place 4",0125,1207,400,1607,2593,61.97%,827,710,1537
"Justice, 1st Court of Appeals District, Place 4",0126,2017,427,2444,3380,72.31%,2034,316,2350
"Justice, 1st Court of Appeals District, Place 4",0127,978,214,1192,2091,57.01%,811,319,1130
"Justice, 1st Court of Appeals District, Place 4",0128,1107,612,1719,2322,74.03%,1006,589,1595
"Justice, 1st Court of Appeals District, Place 4",0129,2543,1052,3595,5172,69.51%,2026,1389,3415
"Justice, 1st Court of Appeals District, Place 4",0130,1312,433,1745,2289,76.23%,1193,478,1671
"Justice, 1st Court of Appeals District, Place 4",0131,798,371,1169,2147,54.45%,231,902,1133
"Justice, 1st Court of Appeals District, Place 4",0132,1030,322,1352,2378,56.85%,38,1288,1326
"Justice, 1st Court of Appeals District, Place 4",0133,1411,746,2157,2690,80.19%,1148,862,2010
"Justice, 1st Court of Appeals District, Place 4",0134,593,345,938,1513,62.00%,362,526,888
"Justice, 1st Court of Appeals District, Place 4",0135,1615,551,2166,2777,78.00%,1348,699,2047
"Justice, 1st Court of Appeals District, Place 4",0136,982,352,1334,2116,63.04%,74,1211,1285
Office,Precinct,Early Ballots Cast,Election Ballots Cast,Total Ballots Cast,Registered Voters,Percent Turnout,REP Evelyn Keyes,DEM Barbara Gardner,Totals
"Justice, 1st Court of Appeals District, Place 4",0137,993,259,1252,1986,63.04%,820,386,1206
"Justice, 1st Court of Appeals District, Place 4",0138,600,228,828,1723,48.06%,32,772,804
"Justice, 1st Court of Appeals District, Place 4",0139,1940,601,2541,3435,73.97%,1102,1264,2366
"Justice, 1st Court of Appeals District, Place 4",0140,1518,510,2028,3270,62.02%,312,1609,1921
"Justice, 1st Court of Appeals District, Place 4",0141,217,153,370,904,40.93%,190,155,345
"Justice, 1st Court of Appeals District, Place 4",0142,293,140,433,933,46.41%,88,313,401
"Justice, 1st Court of Appeals District, Place 4",0143,1868,267,2135,2582,82.69%,1359,712,2071
"Justice, 1st Court of Appeals District, Place 4",0144,442,125,567,1086,52.21%,18,528,546
"Justice, 1st Court of Appeals District, Place 4",0145,560,256,816,1564,52.17%,19,772,791
"Justice, 1st Court of Appeals District, Place 4",0146,1000,494,1494,2073,72.07%,592,814,1406
"Justice, 1st Court of Appeals District, Place 4",0147,1412,354,1766,3211,55.00%,217,1493,1710
"Justice, 1st Court of Appeals District, Place 4",0148,1266,652,1918,2571,74.60%,737,1065,1802
"Justice, 1st Court of Appeals District, Place 4",0149,2939,573,3512,4756,73.84%,1894,1508,3402
"Justice, 1st Court of Appeals District, Place 4",0150,582,223,805,1574,51.14%,31,745,776
"Justice, 1st Court of Appeals District, Place 4",0151,282,107,389,826,47.09%,15,356,371
"Justice, 1st Court of Appeals District, Place 4",0152,838,524,1362,3059,44.52%,264,1014,1278
"Justice, 1st Court of Appeals District, Place 4",0153,544,399,943,1873,50.35%,193,700,893
"Justice, 1st Court of Appeals District, Place 4",0154,913,289,1202,2293,52.42%,227,881,1108
"Justice, 1st Court of Appeals District, Place 4",0155,2275,576,2851,4065,70.14%,1715,1009,2724
"Justice, 1st Court of Appeals District, Place 4",0156,1415,403,1818,3223,56.41%,88,1656,1744
"Justice, 1st Court of Appeals District, Place 4",0157,880,278,1158,2265,51.13%,61,1062,1123
"Justice, 1st Court of Appeals District, Place 4",0158,1144,365,1509,3049,49.49%,39,1431,1470
"Justice, 1st Court of Appeals District, Place 4",0159,348,147,495,997,49.65%,74,404,478
"Justice, 1st Court of Appeals District, Place 4",0160,286,67,353,717,49.23%,15,322,337
"Justice, 1st Court of Appeals District, Place 4",0161,378,173,551,992,55.54%,14,515,529
"Justice, 1st Court of Appeals District, Place 4",0162,364,267,631,1312,48.09%,152,434,586
"Justice, 1st Court of Appeals District, Place 4",0163,1080,524,1604,3075,52.16%,420,1029,1449
"Justice, 1st Court of Appeals District, Place 4",0164,441,258,699,1407,49.68%,22,646,668
"Justice, 1st Court of Appeals District, Place 4",0165,1171,469,1640,2460,66.67%,899,650,1549
"Justice, 1st Court of Appeals District, Place 4",0166,562,261,823,1171,70.28%,264,509,773
"Justice, 1st Court of Appeals District, Place 4",0167,5,2,7,24,29.17%,0,6,6
"Justice, 1st Court of Appeals District, Place 4",0168,196,59,255,512,49.80%,5,246,251
"Justice, 1st Court of Appeals District, Place 4",0169,985,247,1232,2548,48.35%,37,1153,1190
"Justice, 1st Court of Appeals District, Place 4",0170,663,262,925,1958,47.24%,401,460,861
Office,Precinct,Early Ballots Cast,Election Ballots Cast,Total Ballots Cast,Registered Voters,Percent Turnout,REP Evelyn Keyes,DEM Barbara Gardner,Totals
"Justice, 1st Court of Appeals District, Place 4",0171,482,283,765,1648,46.42%,39,693,732
"Justice, 1st Court of Appeals District, Place 4",0172,245,103,348,661,52.65%,87,245,332
"Justice, 1st Court of Appeals District, Place 4",0173,2261,683,2944,3966,74.23%,2133,687,2820
"Justice, 1st Court of Appeals District, Place 4",0174,1717,707,2424,3389,71.53%,1523,761,2284
"Justice, 1st Court of Appeals District, Place 4",0175,1402,691,2093,2711,77.20%,1004,951,1955
"Justice, 1st Court of Appeals District, Place 4",0176,767,375,1142,1533,74.49%,523,532,1055
"Justice, 1st Court of Appeals District, Place 4",0177,938,333,1271,1715,74.11%,663,519,1182
"Justice, 1st Court of Appeals District, Place 4",0178,1116,273,1389,1795,77.38%,873,428,1301
"Justice, 1st Court of Appeals District, Place 4",0179,771,244,1015,1673,60.67%,459,494,953
"Justice, 1st Court of Appeals District, Place 4",0180,928,463,1391,2914,47.74%,46,1287,1333
"Justice, 1st Court of Appeals District, Place 4",0181,697,439,1136,2195,51.75%,248,826,1074
"Justice, 1st Court of Appeals District, Place 4",0182,1944,994,2938,4071,72.17%,1491,1241,2732
"Justice, 1st Court of Appeals District, Place 4",0183,1286,715,2001,2535,78.93%,1230,653,1883
"Justice, 1st Court of Appeals District, Place 4",0184,278,219,497,1048,47.42%,125,340,465
"Justice, 1st Court of Appeals District, Place 4",0185,709,444,1153,2054,56.13%,295,791,1086
"Justice, 1st Court of Appeals District, Place 4",0186,252,150,402,798,50.38%,30,358,388
"Justice, 1st Court of Appeals District, Place 4",0187,98,51,147,309,47.57%,20,115,135
"Justice, 1st Court of Appeals District, Place 4",0188,499,306,805,1711,47.05%,242,526,768
"Justice, 1st Court of Appeals District, Place 4",0189,804,279,1083,1505,71.96%,599,418,1017
"Justice, 1st Court of Appeals District, Place 4",0190,571,326,897,1849,48.51%,252,589,841
"Justice, 1st Court of Appeals District, Place 4",0191,327,259,586,1408,41.62%,162,396,558
"Justice, 1st Court of Appeals District, Place 4",0192,757,259,1016,1959,51.86%,57,919,976
"Justice, 1st Court of Appeals District, Place 4",0193,376,211,587,1099,53.41%,23,542,565
"Justice, 1st Court of Appeals District, Place 4",0194,1141,449,1590,2172,73.20%,421,1079,1500
"Justice, 1st Court of Appeals District, Place 4",0195,606,344,950,1739,54.63%,45,853,898
"Justice, 1st Court of Appeals District, Place 4",0196,132,37,169,313,53.99%,12,145,157
"Justice, 1st Court of Appeals District, Place 4",0197,998,372,1368,2969,46.08%,40,1283,1323
"Justice, 1st Court of Appeals District, Place 4",0198,161,82,243,619,39.26%,10,224,234
"Justice, 1st Court of Appeals District, Place 4",0199,1929,815,2744,4063,67.54%,2013,618,2631
"Justice, 1st Court of Appeals District, Place 4",0200,2308,377,2685,3692,72.72%,1165,1376,2541
"Justice, 1st Court of Appeals District, Place 4",0201,222,105,327,773,42.30%,11,310,321
"Justice, 1st Court of Appeals District, Place 4",0202,421,233,654,1410,46.38%,22,605,627
"Justice, 1st Court of Appeals District, Place 4",0203,298,111,409,988,41.40%,61,322,383
"Justice, 1st Court of Appeals District, Place 4",0204,2099,577,2676,3568,75.00%,1375,1120,2495
Office,Precinct,Early Ballots Cast,Election Ballots Cast,Total Ballots Cast,Registered Voters,Percent Turnout,REP Evelyn Keyes,DEM Barbara Gardner,Totals
"Justice, 1st Court of Appeals District, Place 4",0205,772,171,943,1724,54.70%,26,892,918
"Justice, 1st Court of Appeals District, Place 4",0206,1277,494,1771,2965,59.73%,508,1137,1645
"Justice, 1st Court of Appeals District, Place 4",0207,605,212,817,1166,70.07%,249,514,763
"Justice, 1st Court of Appeals District, Place 4",0208,909,338,1247,2256,55.27%,274,888,1162
"Justice, 1st Court of Appeals District, Place 4",0209,0,0,0,0,0.00%,0,0,0
"Justice, 1st Court of Appeals District, Place 4",0210,1261,489,1750,2781,62.93%,267,1413,1680
"Justice, 1st Court of Appeals District, Place 4",0211,964,595,1559,3130,49.81%,419,1039,1458
"Justice, 1st Court of Appeals District, Place 4",0212,309,323,632,1370,46.13%,94,495,589
"Justice, 1st Court of Appeals District, Place 4",0213,1782,795,2577,3406,75.66%,1947,531,2478
"Justice, 1st Court of Appeals District, Place 4",0214,1016,418,1434,1911,75.04%,809,528,1337
"Justice, 1st Court of Appeals District, Place 4",0215,1097,636,1733,2286,75.81%,945,687,1632
"Justice, 1st Court of Appeals District, Place 4",0216,778,244,1022,1966,51.98%,64,914,978
"Justice, 1st Court of Appeals District, Place 4",0217,1545,618,2163,2736,79.06%,1334,725,2059
"Justice, 1st Court of Appeals District, Place 4",0218,1100,457,1557,2467,63.11%,360,1077,1437
"Justice, 1st Court of Appeals District, Place 4",0219,1118,515,1633,2868,56.94%,141,1414,1555
"Justice, 1st Court of Appeals District, Place 4",0220,833,306,1139,2362,48.22%,697,378,1075
"Justice, 1st Court of Appeals District, Place 4",0221,1032,473,1505,2598,57.93%,465,945,1410
"Justice, 1st Court of Appeals District, Place 4",0222,1460,671,2131,2728,78.12%,964,1031,1995
"Justice, 1st Court of Appeals District, Place 4",0223,1751,517,2268,3664,61.90%,567,1571,2138
"Justice, 1st Court of Appeals District, Place 4",0224,1166,495,1661,2313,71.81%,714,844,1558
"Justice, 1st Court of Appeals District, Place 4",0225,1353,596,1949,3689,52.83%,806,1065,1871
"Justice, 1st Court of Appeals District, Place 4",0226,840,421,1261,2554,49.37%,243,956,1199
"Justice, 1st Court of Appeals District, Place 4",0227,1071,359,1430,1810,79.01%,1026,334,1360
"Justice, 1st Court of Appeals District, Place 4",0228,625,159,784,1175,66.72%,43,729,772
"Justice, 1st Court of Appeals District, Place 4",0229,227,168,395,828,47.71%,104,263,367
"Justice, 1st Court of Appeals District, Place 4",0230,353,155,518,1094,47.35%,24,476,500
"Justice, 1st Court of Appeals District, Place 4",0231,801,445,1246,2376,52.44%,253,923,1176
"Justice, 1st Court of Appeals District, Place 4",0232,941,438,1379,1826,75.52%,706,582,1288
"Justice, 1st Court of Appeals District, Place 4",0233,2575,703,3278,4713,69.55%,1452,1615,3067
"Justice, 1st Court of Appeals District, Place 4",0234,2421,728,3149,4042,77.91%,2235,760,2995
"Justice, 1st Court of Appeals District, Place 4",0235,461,203,664,1421,46.73%,25,612,637
"Justice, 1st Court of Appeals District, Place 4",0236,555,308,964,2104,45.82%,44,894,938
"Justice, 1st Court of Appeals District, Place 4",0237,739,312,1051,2146,48.97%,22,1003,1025
"Justice, 1st Court of Appeals District, Place 4",0238,606,317,923,1948,47.38%,36,850,886
Office,Precinct,Early Ballots Cast,Election Ballots Cast,Total Ballots Cast,Registered Voters,Percent Turnout,REP Evelyn Keyes,DEM Barbara Gardner,Totals
"Justice, 1st Court of Appeals District, Place 4",0239,694,334,1028,1984,51.81,%,36,968,1004
"Justice, 1st Court of Appeals District, Place 4",0240,1007,292,1299,2601,49.94%,31,1237,1268
"Justice, 1st Court of Appeals District, Place 4",0241,651,383,1034,2466,41.93%,314,676,990
"Justice, 1st Court of Appeals District, Place 4",0242,506,314,820,1744,47.02%,357,409,766
"Justice, 1st Court of Appeals District, Place 4",0243,245,42,287,475,60.42%,5,280,285
"Justice, 1st Court of Appeals District, Place 4",0244,1410,538,1948,3296,59.10%,907,955,1862
"Justice, 1st Court of Appeals District, Place 4",0245,2100,811,2911,4679,62.21%,1781,995,2776
"Justice, 1st Court of Appeals District, Place 4",0246,2210,482,2692,3971,67.79%,1646,950,2596
"Justice, 1st Court of Appeals District, Place 4",0247,440,376,816,1595,51.16%,24,777,801
"Justice, 1st Court of Appeals District, Place 4",0248,453,347,800,2147,37.26%,179,574,753
"Justice, 1st Court of Appeals District, Place 4",0249,1126,365,1491,2825,52.78%,902,544,1446
"Justice, 1st Court of Appeals District, Place 4",0250,288,183,471,925,50.92%,19,443,462
"Justice, 1st Court of Appeals District, Place 4",0251,806,378,1184,2132,55.53%,61,1078,1139
"Justice, 1st Court of Appeals District, Place 4",0252,925,309,1235,2292,53.88%,28,1170,1198
"Justice, 1st Court of Appeals District, Place 4",0253,750,311,1071,2154,49.72%,28,1018,1046
"Justice, 1st Court of Appeals District, Place 4",0254,411,280,691,1675,41.25%,140,517,657
"Justice, 1st Court of Appeals District, Place 4",0255,1256,586,1842,2489,74.01%,758,964,1722
"Justice, 1st Court of Appeals District, Place 4",0256,1398,583,1981,3321,59.65%,643,1219,1862
"Justice, 1st Court of Appeals District, Place 4",0257,999,622,1621,3497,46.35%,357,1197,1554
"Justice, 1st Court of Appeals District, Place 4",0258,1948,608,2555,3346,76.39%,1764,662,2426
"Justice, 1st Court of Appeals District, Place 4",0259,1030,414,1444,2312,62.46%,33,1370,1403
"Justice, 1st Court of Appeals District, Place 4",0260,547,227,774,1300,59.54%,370,362,732
"Justice, 1st Court of Appeals District, Place 4",0261,442,531,973,1457,66.78%,257,655,912
"Justice, 1st Court of Appeals District, Place 4",0262,1847,676,2523,4397,57.38%,1293,1095,2388
"Justice, 1st Court of Appeals District, Place 4",0263,2208,665,2873,4016,71.54%,1987,759,2746
"Justice, 1st Court of Appeals District, Place 4",0264,1112,627,1739,3101,56.08%,863,781,1644
"Justice, 1st Court of Appeals District, Place 4",0265,1992,608,2600,3582,72.59%,1769,683,2452
"Justice, 1st Court of Appeals District, Place 4",0266,737,443,1180,2147,54.96%,420,698,1118
"Justice, 1st Court of Appeals District, Place 4",0267,421,293,714,1433,49.83%,251,422,673
"Justice, 1st Court of Appeals District, Place 4",0268,1175,689,1864,2528,73.73%,1000,732,1732
"Justice, 1st Court of Appeals District, Place 4",0269,1306,365,1671,2114,79.04%,1215,369,1584
"Justice, 1st Court of Appeals District, Place 4",0270,1816,688,2504,3985,62.84%,1188,1168,2356
"Justice, 1st Court of Appeals District, Place 4",0271,1150,346,1496,2558,58.48%,35,1432,1467
"Justice, 1st Court of Appeals District, Place 4",0272,871,415,1286,2334,55.10%,433,785,1218
Office,Precinct,Early Ballots Cast,Election Ballots Cast,Total Ballots Cast,Registered Voters,Percent Turnout,REP Evelyn Keyes,DEM Barbara Gardner,Totals
"Justice, 1st Court of Appeals District, Place 4",0273,1175,647,1822,2485,73.32%,1375,385,1760
"Justice, 1st Court of Appeals District, Place 4",0274,1253,311,1574,2223,70.81%,945,536,1481
"Justice, 1st Court of Appeals District, Place 4",0275,585,334,919,2059,44.63%,146,737,883
"Justice, 1st Court of Appeals District, Place 4",0276,1027,255,1282,2458,52.16%,17,1240,1257
"Justice, 1st Court of Appeals District, Place 4",0277,573,338,911,1898,48.00%,306,568,874
"Justice, 1st Court of Appeals District, Place 4",0278,1059,469,1528,2602,58.72%,623,816,1439
"Justice, 1st Court of Appeals District, Place 4",0279,789,314,1103,2073,53.21%,612,447,1059
"Justice, 1st Court of Appeals District, Place 4",0280,444,362,806,1656,48.67%,222,537,759
"Justice, 1st Court of Appeals District, Place 4",0281,1287,590,1877,2507,74.87%,822,898,1720
"Justice, 1st Court of Appeals District, Place 4",0282,774,604,1378,2144,64.27%,752,560,1312
"Justice, 1st Court of Appeals District, Place 4",0283,2352,1143,3495,6365,54.91%,491,2880,3371
"Justice, 1st Court of Appeals District, Place 4",0284,1585,574,2159,4079,52.93%,688,1367,2055
"Justice, 1st Court of Appeals District, Place 4",0285,1078,431,1509,2680,56.31%,119,1338,1457
"Justice, 1st Court of Appeals District, Place 4",0286,1712,545,2257,3757,60.07%,178,2005,2183
"Justice, 1st Court of Appeals District, Place 4",0287,851,408,1259,1658,75.93%,569,626,1195
"Justice, 1st Court of Appeals District, Place 4",0288,883,314,1197,2208,54.21%,30,1142,1172
"Justice, 1st Court of Appeals District, Place 4",0289,481,352,833,1584,52.59%,290,489,779
"Justice, 1st Court of Appeals District, Place 4",0290,705,332,1037,1623,63.89%,751,254,1005
"Justice, 1st Court of Appeals District, Place 4",0291,504,233,837,1218,68.72%,340,447,787
"Justice, 1st Court of Appeals District, Place 4",0292,549,178,727,1379,52.72%,75,625,700
"Justice, 1st Court of Appeals District, Place 4",0293,778,475,1253,1811,69.19%,505,663,1168
"Justice, 1st Court of Appeals District, Place 4",0294,852,198,1050,2054,51.12%,13,1021,1034
"Justice, 1st Court of Appeals District, Place 4",0295,270,111,381,894,42.62%,12,360,372
"Justice, 1st Court of Appeals District, Place 4",0296,701,385,1086,1705,63.70%,535,477,1012
"Justice, 1st Court of Appeals District, Place 4",0297,730,341,1071,2055,52.12%,360,661,1021
"Justice, 1st Court of Appeals District, Place 4",0298,1095,387,1482,2236,66.28%,709,708,1417
"Justice, 1st Court of Appeals District, Place 4",0299,499,236,735,1506,48.80%,215,470,685
"Justice, 1st Court of Appeals District, Place 4",0300,3385,728,4113,5480,75.05%,3018,943,3961
"Justice, 1st Court of Appeals District, Place 4",0301,737,392,1129,2337,48.31%,371,696,1067
"Justice, 1st Court of Appeals District, Place 4",0302,1199,591,1790,3277,54.62%,864,851,1715
"Justice, 1st Court of Appeals District, Place 4",0303,1896,692,2588,3375,76.68%,1943,539,2482
"Justice, 1st Court of Appeals District, Place 4",0304,1190,474,1664,2326,71.54%,857,695,1552
"Justice, 1st Court of Appeals District, Place 4",0305,2154,645,2799,4838,57.85%,871,1804,2675
"Justice, 1st Court of Appeals District, Place 4",0306,1095,299,1395,1896,73.58%,924,394,1318
Office,Precinct,Early Ballots Cast,Election Ballots Cast,Total Ballots Cast,Registered Voters,Percent Turnout,REP Evelyn Keyes,DEM Barbara Gardner,Totals
"Justice, 1st Court of Appeals District, Place 4",0307,1456,801,2257,3270,69.02%,1441,689,2130
"Justice, 1st Court of Appeals District, Place 4",0308,526,225,751,1457,51.54%,177,526,703
"Justice, 1st Court of Appeals District, Place 4",0309,2160,591,2751,3495,78.71%,2026,610,2636
"Justice, 1st Court of Appeals District, Place 4",0310,709,326,1035,1464,70.70%,603,369,972
"Justice, 1st Court of Appeals District, Place 4",0311,932,643,1575,3222,48.88%,684,771,1455
"Justice, 1st Court of Appeals District, Place 4",0312,1709,552,2261,3724,60.71%,1126,1017,2143
"Justice, 1st Court of Appeals District, Place 4",0313,23,8,31,61,50.82%,15,8,23
"Justice, 1st Court of Appeals District, Place 4",0314,2998,817,3815,5606,68.05%,2117,1562,3679
"Justice, 1st Court of Appeals District, Place 4",0315,802,353,1155,1636,70.60%,613,473,1086
"Justice, 1st Court of Appeals District, Place 4",0316,741,340,1081,1513,71.45%,529,475,1004
"Justice, 1st Court of Appeals District, Place 4",0317,593,252,845,1661,50.87%,205,594,799
"Justice, 1st Court of Appeals District, Place 4",0318,1728,529,2257,3776,59.77%,128,2057,2185
"Justice, 1st Court of Appeals District, Place 4",0319,995,271,1266,2199,57.57%,71,1154,1225
"Justice, 1st Court of Appeals District, Place 4",0320,554,238,792,1570,50.45%,280,467,747
"Justice, 1st Court of Appeals District, Place 4",0321,867,363,1230,2483,49.54%,332,813,1145
"Justice, 1st Court of Appeals District, Place 4",0322,426,124,550,1210,45.45%,155,378,533
"Justice, 1st Court of Appeals District, Place 4",0323,700,296,996,1793,55.55%,358,588,946
"Justice, 1st Court of Appeals District, Place 4",0324,1445,560,2005,2607,76.91%,1181,708,1889
"Justice, 1st Court of Appeals District, Place 4",0325,802,257,1059,2176,48.67%,188,809,997
"Justice, 1st Court of Appeals District, Place 4",0326,271,129,400,736,54.35%,142,227,369
"Justice, 1st Court of Appeals District, Place 4",0327,739,141,880,1758,50.06%,22,828,850
"Justice, 1st Court of Appeals District, Place 4",0328,425,286,711,1631,43.59%,207,461,668
"Justice, 1st Court of Appeals District, Place 4",0329,590,260,850,1621,52.44%,242,561,803
"Justice, 1st Court of Appeals District, Place 4",0330,864,326,1190,2146,55.45%,508,613,1121
"Justice, 1st Court of Appeals District, Place 4",0331,885,234,1119,1612,69.42%,689,377,1066
"Justice, 1st Court of Appeals District, Place 4",0332,1358,503,1861,2926,63.60%,192,1594,1786
"Justice, 1st Court of Appeals District, Place 4",0333,1387,942,2329,3296,70.66%,1599,618,2217
"Justice, 1st Court of Appeals District, Place 4",0334,246,104,350,786,44.53%,57,277,334
"Justice, 1st Court of Appeals District, Place 4",0335,489,293,782,1679,46.58%,189,541,730
"Justice, 1st Court of Appeals District, Place 4",0336,2490,689,3179,4771,66.63%,311,2776,3087
"Justice, 1st Court of Appeals District, Place 4",0337,369,155,524,1108,47.29%,73,420,493
"Justice, 1st Court of Appeals District, Place 4",0338,1627,632,2259,5001,45.17%,567,1581,2148
"Justice, 1st Court of Appeals District, Place 4",0339,704,303,1007,1909,52.75%,185,759,944
"Justice, 1st Court of Appeals District, Place 4",0340,2041,654,2695,4012,67.17%,1854,716,2570
Office,Precinct,Early Ballots Cast,Election Ballots Cast,Total Ballots Cast,Registered Voters,Percent Turnout,REP Evelyn Keyes,DEM Barbara Gardner,Totals
"Justice, 1st Court of Appeals District, Place 4",0341,380,278,658,1372,47.96%,146,470,616
"Justice, 1st Court of Appeals District, Place 4",0342,311,225,536,1092,49.08%,114,395,509
"Justice, 1st Court of Appeals District, Place 4",0343,722,370,1092,2099,52.02%,194,827,1021
"Justice, 1st Court of Appeals District, Place 4",0344,381,207,588,1225,48.00%,20,536,556
"Justice, 1st Court of Appeals District, Place 4",0345,576,349,925,1945,47.56%,174,694,868
"Justice, 1st Court of Appeals District, Place 4",0346,1,0,1,1,100.00%,0,0,0
"Justice, 1st Court of Appeals District, Place 4",0347,1462,618,2080,3614,57.55%,1169,825,1994
"Justice, 1st Court of Appeals District, Place 4",0348,831,242,1073,1796,59.74%,708,319,1027
"Justice, 1st Court of Appeals District, Place 4",0349,459,369,828,1372,60.35%,484,315,799
"Justice, 1st Court of Appeals District, Place 4",0350,1678,582,2260,3269,69.13%,771,1323,2094
"Justice, 1st Court of Appeals District, Place 4",0351,2856,570,3426,4799,71.39%,2522,776,3298
"Justice, 1st Court of Appeals District, Place 4",0352,2024,538,2562,4278,59.89%,1742,721,2463
"Justice, 1st Court of Appeals District, Place 4",0353,1715,659,2374,4156,57.12%,380,1901,2281
"Justice, 1st Court of Appeals District, Place 4",0354,1569,429,1998,3520,56.76%,448,1454,1902
"Justice, 1st Court of Appeals District, Place 4",0355,821,239,1060,1714,61.84%,102,922,1024
"Justice, 1st Court of Appeals District, Place 4",0356,1543,582,2125,3126,67.98%,1131,888,2019
"Justice, 1st Court of Appeals District, Place 4",0357,1886,557,2443,3685,66.30%,1720,621,2341
"Justice, 1st Court of Appeals District, Place 4",0358,775,376,1151,2634,43.70%,120,992,1112
"Justice, 1st Court of Appeals District, Place 4",0359,804,496,1300,3320,39.16%,137,1124,1261
"Justice, 1st Court of Appeals District, Place 4",0360,1859,597,2456,3309,74.22%,1099,1184,2283
"Justice, 1st Court of Appeals District, Place 4",0361,323,688,1011,1808,55.92%,144,771,915
"Justice, 1st Court of Appeals District, Place 4",0362,2865,553,3418,5161,66.23%,2327,958,3285
"Justice, 1st Court of Appeals District, Place 4",0363,1826,635,2461,4160,59.16%,953,1435,2388
"Justice, 1st Court of Appeals District, Place 4",0364,1190,528,1718,2827,60.77%,754,865,1619
"Justice, 1st Court of Appeals District, Place 4",0365,827,174,1001,1348,74.26%,113,862,975
"Justice, 1st Court of Appeals District, Place 4",0366,988,524,1512,2887,52.37%,315,1139,1454
"Justice, 1st Court of Appeals District, Place 4",0367,453,204,657,1256,52.31%,143,478,621
"Justice, 1st Court of Appeals District, Place 4",0368,433,122,555,1024,54.20%,138,397,535
"Justice, 1st Court of Appeals District, Place 4",0369,135,29,164,678,24.19%,54,94,148
"Justice, 1st Court of Appeals District, Place 4",0370,2525,627,3152,4531,69.57%,2217,808,3025
"Justice, 1st Court of Appeals District, Place 4",0371,210,78,288,537,53.63%,13,269,282
"Justice, 1st Court of Appeals District, Place 4",0372,510,180,690,1274,54.16%,78,587,665
"Justice, 1st Court of Appeals District, Place 4",0373,61,13,74,163,45.40%,2,69,71
"Justice, 1st Court of Appeals District, Place 4",0374,176,165,341,720,47.36%,81,244,325
Office,Precinct,Early Ballots Cast,Election Ballots Cast,Total Ballots Cast,Registered Voters,Percent Turnout,REP Evelyn Keyes,DEM Barbara Gardner,Totals
"Justice, 1st Court of Appeals District, Place 4",0375,745,510,1255,2836,44.25%,422,767,1189
"Justice, 1st Court of Appeals District, Place 4",0376,753,344,1097,2060,53.25%,397,638,1035
"Justice, 1st Court of Appeals District, Place 4",0377,1381,643,2024,3137,64.52%,1486,446,1932
"Justice, 1st Court of Appeals District, Place 4",0378,621,447,1068,1856,57.54%,639,385,1024
"Justice, 1st Court of Appeals District, Place 4",0379,857,388,1245,2149,57.93%,108,1104,1212
"Justice, 1st Court of Appeals District, Place 4",0380,2734,551,3285,4380,75.00%,1680,1483,3163
"Justice, 1st Court of Appeals District, Place 4",0381,1185,432,1617,3141,51.48%,602,935,1537
"Justice, 1st Court of Appeals District, Place 4",0382,429,206,635,1035,61.35%,382,227,609
"Justice, 1st Court of Appeals District, Place 4",0383,722,458,1180,2373,49.73%,351,772,1123
"Justice, 1st Court of Appeals District, Place 4",0384,1153,444,1597,2725,58.61%,336,1190,1526
"Justice, 1st Court of Appeals District, Place 4",0385,1141,561,1702,2207,77.12%,1243,377,1620
"Justice, 1st Court of Appeals District, Place 4",0386,1658,419,2077,3105,66.89%,1453,554,2007
"Justice, 1st Court of Appeals District, Place 4",0387,1704,780,2484,4340,57.24%,1627,752,2379
"Justice, 1st Court of Appeals District, Place 4",0388,2899,711,3510,5413,66.69%,1660,1817,3477
"Justice, 1st Court of Appeals District, Place 4",0389,397,293,690,1359,50.77%,91,561,652
"Justice, 1st Court of Appeals District, Place 4",0390,701,271,972,1482,65.59%,128,812,940
"Justice, 1st Court of Appeals District, Place 4",0391,990,336,1326,1978,67.04%,749,521,1270
"Justice, 1st Court of Appeals District, Place 4",0392,653,145,798,1426,55.96%,13,761,774
"Justice, 1st Court of Appeals District, Place 4",0393,427,257,684,1274,53.69%,306,341,647
"Justice, 1st Court of Appeals District, Place 4",0394,236,126,362,914,39.61%,121,225,346
"Justice, 1st Court of Appeals District, Place 4",0395,1007,371,1378,1875,73.49%,893,417,1310
"Justice, 1st Court of Appeals District, Place 4",0396,1035,204,1239,2072,59.80%,32,1172,1204
"Justice, 1st Court of Appeals District, Place 4",0397,204,117,321,796,40.33%,111,190,301
"Justice, 1st Court of Appeals District, Place 4",0398,1761,654,2415,4200,57.50%,1055,1249,2304
"Justice, 1st Court of Appeals District, Place 4",0399,1293,546,1839,3340,55.06%,672,1104,1776
"Justice, 1st Court of Appeals District, Place 4",0400,1457,372,1839,2661,69.11%,1151,625,1776
"Justice, 1st Court of Appeals District, Place 4",0401,703,257,960,1971,48.71%,44,870,914
"Justice, 1st Court of Appeals District, Place 4",0402,898,262,1160,1911,60.70%,70,1054,1124
"Justice, 1st Court of Appeals District, Place 4",0403,959,387,1346,1719,78.30%,663,582,1245
"Justice, 1st Court of Appeals District, Place 4",0404,1034,445,1479,2717,54.44%,682,743,1425
"Justice, 1st Court of Appeals District, Place 4",0405,1910,457,2367,3067,77.18%,1747,556,2303
"Justice, 1st Court of Appeals District, Place 4",0406,275,65,340,649,52.39%,8,320,328
"Justice, 1st Court of Appeals District, Place 4",0407,1703,860,2563,3969,64.58%,1466,953,2419
"Justice, 1st Court of Appeals District, Place 4",0408,521,313,834,1740,47.93%,241,538,779
Office,Precinct,Early Ballots Cast,Election Ballots Cast,Total Ballots Cast,Registered Voters,Percent Turnout,REP Evelyn Keyes,DEM Barbara Gardner,Totals
"Justice, 1st Court of Appeals District, Place 4",0409,501,280,781,1608,48.57%,224,512,736
"Justice, 1st Court of Appeals District, Place 4",0410,381,96,477,934,51.07%,84,375,459
"Justice, 1st Court of Appeals District, Place 4",0411,699,418,1117,2426,46.04%,264,789,1053
"Justice, 1st Court of Appeals District, Place 4",0412,156,80,236,478,49.37%,12,217,229
"Justice, 1st Court of Appeals District, Place 4",0413,1547,456,2003,3081,65.01%,710,1191,1901
"Justice, 1st Court of Appeals District, Place 4",0414,1576,514,2090,3586,58.28%,1485,523,2008
"Justice, 1st Court of Appeals District, Place 4",0415,1076,573,1649,2284,72.20%,1073,500,1573
"Justice, 1st Court of Appeals District, Place 4",0416,1444,845,2289,4009,57.10%,1076,1096,2172
"Justice, 1st Court of Appeals District, Place 4",0417,1104,397,1501,2589,57.98%,613,819,1432
"Justice, 1st Court of Appeals District, Place 4",0418,1336,663,1999,3940,50.74%,629,1252,1881
"Justice, 1st Court of Appeals District, Place 4",0419,1166,477,1643,2702,60.81%,914,657,1571
"Justice, 1st Court of Appeals District, Place 4",0420,2688,731,3419,4946,69.13%,2706,586,3292
"Justice, 1st Court of Appeals District, Place 4",0421,1241,273,1514,2023,74.84%,690,773,1463
"Justice, 1st Court of Appeals District, Place 4",0422,1357,401,1758,3348,52.81%,62,1654,1716
"Justice, 1st Court of Appeals District, Place 4",0423,31,e,288,604,1423,42.45%,120,457,577
"Justice, 1st Court of Appeals District, Place 4",0424,548,158,706,1079,65.43%,362,313,675
"Justice, 1st Court of Appeals District, Place 4",0425,257,139,396,878,45.10%,114,267,381
"Justice, 1st Court of Appeals District, Place 4",0426,486,228,714,1266,56.40%,344,329,673
"Justice, 1st Court of Appeals District, Place 4",0427,437,155,592,1120,52.86%,185,367,552
"Justice, 1st Court of Appeals District, Place 4",0428,1588,855,2553,5151,49.56%,606,1803,2409
"Justice, 1st Court of Appeals District, Place 4",0429,948,649,1597,3311,48.23%,313,1202,1515
"Justice, 1st Court of Appeals District, Place 4",0430,525,291,816,1794,45.48%,134,625,759
"Justice, 1st Court of Appeals District, Place 4",0431,1219,604,1823,3860,47.23%,370,1367,1737
"Justice, 1st Court of Appeals District, Place 4",0432,457,249,706,1568,45.03%,204,455,659
"Justice, 1st Court of Appeals District, Place 4",0433,163,88,251,561,44.74%,53,182,235
"Justice, 1st Court of Appeals District, Place 4",0434,832,293,1125,1557,72.25%,603,448,1051
"Justice, 1st Court of Appeals District, Place 4",0435,1952,567,2519,3363,74.90%,1499,884,2383
"Justice, 1st Court of Appeals District, Place 4",0436,2011,678,2689,3809,70.60%,1420,1115,2535
"Justice, 1st Court of Appeals District, Place 4",0437,1148,425,1573,2094,75.12%,1006,497,1503
"Justice, 1st Court of Appeals District, Place 4",0438,2289,475,2764,3789,72.95%,1821,798,2619
"Justice, 1st Court of Appeals District, Place 4",0439,1854,749,2603,3701,70.33%,1686,783,2469
"Justice, 1st Court of Appeals District, Place 4",0440,1498,749,2247,2973,75.58%,1661,481,2142
"Justice, 1st Court of Appeals District, Place 4",0441,824,408,1232,1695,72.68%,835,337,1172
"Justice, 1st Court of Appeals District, Place 4",0442,2441,685,3126,4315,72.44%,2462,528,2990
Office,Precinct,Early Ballots Cast,Election Ballots Cast,Total Ballots Cast,Registered Voters,Percent Turnout,REP Evelyn Keyes,DEM Barbara Gardner,Totals
"Justice, 1st Court of Appeals District, Place 4",0443,415,83,498,642,77.57%,346,126,472
"Justice, 1st Court of Appeals District, Place 4",0444,1621,679,2300,3625,63.45%,1195,960,2155
"Justice, 1st Court of Appeals District, Place 4",0445,1036,382,1418,2134,66.45%,807,543,1350
"Justice, 1st Court of Appeals District, Place 4",0446,89,45,134,309,43.37%,45,84,129
"Justice, 1st Court of Appeals District, Place 4",0447,2413,464,2877,3727,77.19%,1836,923,2759
"Justice, 1st Court of Appeals District, Place 4",0448,1763,529,2292,3155,72.65%,1216,911,2127
"Justice, 1st Court of Appeals District, Place 4",0449,73,26,99,225,44.00%,11,87,98
"Justice, 1st Court of Appeals District, Place 4",0450,1105,394,1499,2890,51.87%,364,1077,1441
"Justice, 1st Court of Appeals District, Place 4",0451,1719,367,2086,2771,75.28%,1620,394,2014
"Justice, 1st Court of Appeals District, Place 4",0452,1874,662,2536,3789,66.93%,1660,774,2434
"Justice, 1st Court of Appeals District, Place 4",0453,661,417,1078,2039,52.87%,280,737,1017
"Justice, 1st Court of Appeals District, Place 4",0454,1043,288,1331,2509,53.05%,24,1264,1288
"Justice, 1st Court of Appeals District, Place 4",0455,669,173,842,1713,49.15%,31,783,814
"Justice, 1st Court of Appeals District, Place 4",0456,1405,553,1958,3793,51.62%,1021,842,1863
"Justice, 1st Court of Appeals District, Place 4",0457,0,0,0,0,0.00%,0,0,0
"Justice, 1st Court of Appeals District, Place 4",0458,917,253,1170,2025,57.78%,77,1047,1124
"Justice, 1st Court of Appeals District, Place 4",0459,2362,432,2794,3942,70.88%,2073,616,2689
"Justice, 1st Court of Appeals District, Place 4",0460,1613,472,2085,3280,63.57%,496,1519,2015
"Justice, 1st Court of Appeals District, Place 4",0461,2243,669,2912,4054,71.83%,1703,1030,2733
"Justice, 1st Court of Appeals District, Place 4",0462,1475,738,2214,3507,63.13%,719,1406,2125
"Justice, 1st Court of Appeals District, Place 4",0463,1573,564,2237,3773,59.29%,825,1343,2168
"Justice, 1st Court of Appeals District, Place 4",0464,967,582,1549,2343,66.11%,937,531,1468
"Justice, 1st Court of Appeals District, Place 4",0465,1628,594,2222,3778,58.81%,969,1159,2128
"Justice, 1st Court of Appeals District, Place 4",0466,2274,509,2783,4327,64.32%,1386,1303,2689
"Justice, 1st Court of Appeals District, Place 4",0467,502,225,727,1320,55.08%,145,548,693
"Justice, 1st Court of Appeals District, Place 4",0468,1380,747,2127,4040,52.65%,509,1516,2025
"Justice, 1st Court of Appeals District, Place 4",0469,1858,462,2330,3257,71.54%,1748,487,2235
"Justice, 1st Court of Appeals District, Place 4",0470,555,232,787,1358,57.95%,557,195,752
"Justice, 1st Court of Appeals District, Place 4",0471,1057,458,1515,2473,61.26%,1111,348,1459
"Justice, 1st Court of Appeals District, Place 4",0472,463,339,802,1131,70.91%,322,431,753
"Justice, 1st Court of Appeals District, Place 4",0473,944,390,1334,1787,74.65%,882,392,1274
"Justice, 1st Court of Appeals District, Place 4",0474,1420,624,2044,3127,65.37%,1296,669,1965
"Justice, 1st Court of Appeals District, Place 4",0475,791,251,1052,1936,54.34%,401,597,998
"Justice, 1st Court of Appeals District, Place 4",0476,1078,405,1483,2458,60.33%,745,669,1414
Office,Precinct,Early Ballots Cast,Election Ballots Cast,Total Ballots Cast,Registered Voters,Percent Turnout,REP Evelyn Keyes,DEM Barbara Gardner,Totals
"Justice, 1st Court of Appeals District, Place 4",0477,2028,640,2668,4010,66.53%,1776,773,2549
"Justice, 1st Court of Appeals District, Place 4",0478,2272,683,2955,4696,62.93%,1793,1042,2835
"Justice, 1st Court of Appeals District, Place 4",0479,1978,755,2733,3851,70.97%,1950,691,2641
"Justice, 1st Court of Appeals District, Place 4",0480,1448,538,1984,2978,66.62%,1307,609,1916
"Justice, 1st Court of Appeals District, Place 4",0481,1757,667,2424,3609,67.17%,1696,609,2305
"Justice, 1st Court of Appeals District, Place 4",0482,2259,618,2877,4405,65.31%,1895,878,2773
"Justice, 1st Court of Appeals District, Place 4",0483,2310,538,2848,4495,63.36%,1415,1285,2700
"Justice, 1st Court of Appeals District, Place 4",0484,2020,700,2720,3981,68.32%,1675,950,2625
"Justice, 1st Court of Appeals District, Place 4",0485,2121,567,2688,4051,66.35%,1873,727,2600
"Justice, 1st Court of Appeals District, Place 4",0486,2310,721,3031,4195,72.25%,2237,676,2913
"Justice, 1st Court of Appeals District, Place 4",0487,1406,527,1933,4142,46.67%,453,1319,1772
"Justice, 1st Court of Appeals District, Place 4",0488,842,511,1353,2382,56.80%,368,919,1287
"Justice, 1st Court of Appeals District, Place 4",0489,865,344,1209,1958,61.75%,315,837,1152
"Justice, 1st Court of Appeals District, Place 4",0490,981,346,1327,2105,63.04%,389,871,1260
"Justice, 1st Court of Appeals District, Place 4",0491,942,488,1430,2110,67.77%,729,619,1348
"Justice, 1st Court of Appeals District, Place 4",0492,1220,396,1616,2552,63.32%,797,753,1550
"Justice, 1st Court of Appeals District, Place 4",0493,1404,555,1959,3338,58.69%,691,1149,1840
"Justice, 1st Court of Appeals District, Place 4",0494,1079,419,1498,2787,53.75%,176,1265,1441
"Justice, 1st Court of Appeals District, Place 4",0495,1414,376,1790,2488,71.95%,1177,525,1702
"Justice, 1st Court of Appeals District, Place 4",0496,687,549,1236,2325,53.16%,406,774,1180
"Justice, 1st Court of Appeals District, Place 4",0497,918,281,1197,2148,55.73%,46,1112,1158
"Justice, 1st Court of Appeals District, Place 4",0498,1069,423,1492,2527,59.04%,495,925,1420
"Justice, 1st Court of Appeals District, Place 4",0499,1433,397,1830,2336,78.34%,1252,502,1754
"Justice, 1st Court of Appeals District, Place 4",0500,1870,651,2521,3698,68.17%,1538,880,2418
"Justice, 1st Court of Appeals District, Place 4",0501,1147,406,1553,2016,77.03%,625,837,1462
"Justice, 1st Court of Appeals District, Place 4",0502,1355,293,1859,2595,63.93%,1238,346,1584
"Justice, 1st Court of Appeals District, Place 4",0503,1397,306,1703,2236,76.16%,1236,391,1627
"Justice, 1st Court of Appeals District, Place 4",0504,1270,482,1752,2318,75.58%,1064,606,1670
"Justice, 1st Court of Appeals District, Place 4",0505,1751,735,2486,4076,60.99%,1031,1303,2334
"Justice, 1st Court of Appeals District, Place 4",0506,1513,696,2209,3544,62.33%,315,1816,2131
"Justice, 1st Court of Appeals District, Place 4",0507,599,319,918,2562,35.83%,194,623,817
"Justice, 1st Court of Appeals District, Place 4",0508,1519,828,2347,4767,49.23%,634,1546,2180
"Justice, 1st Court of Appeals District, Place 4",0509,2504,889,3173,5153,61.58%,1945,1106,3051
"Justice, 1st Court of Appeals District, Place 4",0510,1703,666,2369,3822,61.98%,961,1324,2285
Office,Precinct,Early Ballots Cast,Election Ballots Cast,Total Ballots Cast,Registered Voters,Percent Turnout,REP Evelyn Keyes,DEM Barbara Gardner,Totals
"Justice, 1st Court of Appeals District, Place 4",0511,2935,574,3509,4620,75.95%,2089,1296,3385
"Justice, 1st Court of Appeals District, Place 4",0512,1668,871,2539,4559,55.69%,940,1488,2428
"Justice, 1st Court of Appeals District, Place 4",0513,1756,413,2169,3003,72.23%,1522,563,2085
"Justice, 1st Court of Appeals District, Place 4",0514,2288,613,2899,4378,66.22%,1939,847,2786
"Justice, 1st Court of Appeals District, Place 4",0515,1836,468,2304,3182,72.41%,1780,443,2223
"Justice, 1st Court of Appeals District, Place 4",0516,1316,363,1679,2799,59.99%,785,829,1614
"Justice, 1st Court of Appeals District, Place 4",0517,1612,509,2121,3744,56.65%,885,1143,2028
"Justice, 1st Court of Appeals District, Place 4",0518,1886,676,2562,4049,63.27%,1444,1006,2450
"Justice, 1st Court of Appeals District, Place 4",0519,1421,518,1939,3098,62.59%,1292,569,1861
"Justice, 1st Court of Appeals District, Place 4",0520,1790,670,2460,5202,47.29%,372,2021,2393
"Justice, 1st Court of Appeals District, Place 4",0521,1350,578,1928,3070,62.80%,882,973,1855
"Justice, 1st Court of Appeals District, Place 4",0522,1508,464,1972,2815,70.05%,1413,504,1917
"Justice, 1st Court of Appeals District, Place 4",0523,1978,537,2515,4027,62.45%,1470,913,2383
"Justice, 1st Court of Appeals District, Place 4",0524,1395,637,2032,3598,56.48%,517,1423,1940
"Justice, 1st Court of Appeals District, Place 4",0525,1442,574,2016,3260,61.84%,401,1521,1922
"Justice, 1st Court of Appeals District, Place 4",0526,235,157,392,820,47.80%,81,288,369
"Justice, 1st Court of Appeals District, Place 4",0527,156,38,194,580,33.45%,70,111,181
"Justice, 1st Court of Appeals District, Place 4",0528,17,8,25,78,32.05%,2,22,24
"Justice, 1st Court of Appeals District, Place 4",0529,2107,434,2541,3842,66.14%,2052,385,2437
"Justice, 1st Court of Appeals District, Place 4",0530,376,212,588,1236,47.57%,115,423,538
"Justice, 1st Court of Appeals District, Place 4",0531,1235,166,1401,2250,62.27%,1012,313,1325
"Justice, 1st Court of Appeals District, Place 4",0532,478,140,618,1058,58.41%,410,196,606
"Justice, 1st Court of Appeals District, Place 4",0533,353,169,522,1164,44.85%,256,231,487
"Justice, 1st Court of Appeals District, Place 4",0534,1896,577,2473,3918,63.12%,1661,694,2355
"Justice, 1st Court of Appeals District, Place 4",0535,132,62,194,413,46.97%,59,122,181
"Justice, 1st Court of Appeals District, Place 4",0536,2104,1053,3157,5637,56.00%,996,1992,2988
"Justice, 1st Court of Appeals District, Place 4",0537,1959,464,2423,3174,76.34%,1685,649,2334
"Justice, 1st Court of Appeals District, Place 4",0538,371,203,574,1332,43.09%,15,548,563
"Justice, 1st Court of Appeals District, Place 4",0539,811,234,1045,1535,68.08%,542,449,991
"Justice, 1st Court of Appeals District, Place 4",0540,1001,349,1350,1759,76.75%,447,802,1249
"Justice, 1st Court of Appeals District, Place 4",0541,2160,761,2921,5001,58.41%,450,2350,2800
"Justice, 1st Court of Appeals District, Place 4",0542,1156,406,1562,2654,58.85%,102,1406,1508
"Justice, 1st Court of Appeals District, Place 4",0543,553,321,874,1658,52.71%,207,622,829
"Justice, 1st Court of Appeals District, Place 4",0544,84,54,138,313,44.09%,14,119,133
Office,Precinct,Early Ballots Cast,Election Ballots Cast,Total Ballots Cast,Registered Voters,Percent Turnout,REP Evelyn Keyes,DEM Barbara Gardner,Totals
"Justice, 1st Court of Appeals District, Place 4",0545,2019,468,2487,3949,62.98%,1057,1298,2355
"Justice, 1st Court of Appeals District, Place 4",0546,1524,278,1802,2471,72.93%,1487,267,1754
"Justice, 1st Court of Appeals District, Place 4",0547,1414,270,1684,2534,66.46%,1075,532,1607
"Justice, 1st Court of Appeals District, Place 4",0548,882,395,1277,2339,54.60%,554,682,1236
"Justice, 1st Court of Appeals District, Place 4",0549,1108,447,1553,2786,55.74%,186,1326,1512
"Justice, 1st Court of Appeals District, Place 4",0550,1171,553,1724,3245,53.13%,710,961,1671
"Justice, 1st Court of Appeals District, Place 4",0551,2588,793,3379,4428,76.31%,2472,777,3249
"Justice, 1st Court of Appeals District, Place 4",0552,2090,784,2874,3762,76.40%,2252,522,2774
"Justice, 1st Court of Appeals District, Place 4",0553,982,317,1279,2193,58.32%,474,760,1234
"Justice, 1st Court of Appeals District, Place 4",0554,597,271,868,1774,48.93%,165,665,830
"Justice, 1st Court of Appeals District, Place 4",0555,842,390,1032,2286,45.14%,170,816,986
"Justice, 1st Court of Appeals District, Place 4",0556,780,435,1195,2491,47.97%,227,914,1141
"Justice, 1st Court of Appeals District, Place 4",0557,925,460,1385,2955,46.87%,386,892,1278
"Justice, 1st Court of Appeals District, Place 4",0558,1815,721,2538,4718,53.75%,721,1720,2441
"Justice, 1st Court of Appeals District, Place 4",0559,1909,701,2610,4984,52.37%,563,1937,2500
"Justice, 1st Court of Appeals District, Place 4",0560,290,247,537,1141,47.06%,95,407,502
"Justice, 1st Court of Appeals District, Place 4",0561,1024,624,1648,3138,52.52%,924,641,1565
"Justice, 1st Court of Appeals District, Place 4",0562,222,116,338,691,48.91%,44,264,308
"Justice, 1st Court of Appeals District, Place 4",0563,2072,337,2409,3468,69.46%,1795,522,2317
"Justice, 1st Court of Appeals District, Place 4",0564,1552,526,2078,3240,64.14%,547,1420,1967
"Justice, 1st Court of Appeals District, Place 4",0565,338,148,484,1414,34.23%,76,384,460
"Justice, 1st Court of Appeals District, Place 4",0566,1185,441,1626,3029,53.68%,394,1165,1559
"Justice, 1st Court of Appeals District, Place 4",0567,988,390,1356,2851,47.56%,310,957,1267
"Justice, 1st Court of Appeals District, Place 4",0568,1838,697,2533,3638,69.63%,1546,834,2380
"Justice, 1st Court of Appeals District, Place 4",0569,2031,747,2778,4125,67.35%,1275,1330,2605
"Justice, 1st Court of Appeals District, Place 4",0570,789,278,1047,1598,65.52%,363,612,975
"Justice, 1st Court of Appeals District, Place 4",0571,521,314,835,1950,42.82%,231,558,789
"Justice, 1st Court of Appeals District, Place 4",0572,1523,444,1967,3308,59.46%,815,1060,1875
"Justice, 1st Court of Appeals District, Place 4",0573,489,215,704,1625,43.32%,16,677,693
"Justice, 1st Court of Appeals District, Place 4",0574,112,74,186,391,47.57%,20,156,176
"Justice, 1st Court of Appeals District, Place 4",0575,1905,535,2440,3557,68.60%,1297,1037,2334
"Justice, 1st Court of Appeals District, Place 4",0576,1108,375,1483,2830,52.40%,83,1356,1439
"Justice, 1st Court of Appeals District, Place 4",0577,885,205,1090,1586,68.73%,620,409,1029
"Justice, 1st Court of Appeals District, Place 4",0578,1028,405,1431,1862,76.85%,836,499,1335
Office,Precinct,Early Ballots Cast,Election Ballots Cast,Total Ballots Cast,Registered Voters,Percent Turnout,REP Evelyn Keyes,DEM Barbara Gardner,Totals
"Justice, 1st Court of Appeals District, Place 4",0579,287,181,468,1139,41.09%,73,367,440
"Justice, 1st Court of Appeals District, Place 4",0580,366,108,474,985,48.12%,18,449,467
"Justice, 1st Court of Appeals District, Place 4",0581,456,137,593,1033,57.41%,15,561,576
"Justice, 1st Court of Appeals District, Place 4",0582,543,232,775,1607,48.23%,44,702,746
"Justice, 1st Court of Appeals District, Place 4",0583,433,155,588,1286,45.72%,16,557,573
"Justice, 1st Court of Appeals District, Place 4",0584,367,120,487,1062,45.86%,36,431,467
"Justice, 1st Court of Appeals District, Place 4",0585,829,280,1109,2346,47.27%,54,1022,1076
"Justice, 1st Court of Appeals District, Place 4",0586,1792,790,2582,4521,57.11%,1409,1067,2476
"Justice, 1st Court of Appeals District, Place 4",0587,1204,431,1635,2870,56.97%,510,1065,1575
"Justice, 1st Court of Appeals District, Place 4",0588,1940,606,2546,3780,67.35%,1639,811,2450
"Justice, 1st Court of Appeals District, Place 4",0589,1540,545,2085,3780,55.16%,949,1057,2006
"Justice, 1st Court of Appeals District, Place 4",0590,1230,400,1630,2176,74.91%,1219,338,1557
"Justice, 1st Court of Appeals District, Place 4",0591,651,462,1113,2274,48.94%,269,783,1052
"Justice, 1st Court of Appeals District, Place 4",0592,449,272,721,1446,49.86%,147,536,683
"Justice, 1st Court of Appeals District, Place 4",0593,1581,755,2316,4179,55.42%,878,1314,2192
"Justice, 1st Court of Appeals District, Place 4",0594,1243,316,1559,2578,60.47%,400,1119,1519
"Justice, 1st Court of Appeals District, Place 4",0595,601,299,900,1833,49.10%,134,733,867
"Justice, 1st Court of Appeals District, Place 4",0596,1378,501,1879,3574,52.57%,812,971,1783
"Justice, 1st Court of Appeals District, Place 4",0597,1204,609,1813,3587,50.54%,597,1125,1722
"Justice, 1st Court of Appeals District, Place 4",0598,2389,731,3120,5253,59.39%,1022,1970,2992
"Justice, 1st Court of Appeals District, Place 4",0599,1378,493,1871,3005,62.26%,618,1197,1815
"Justice, 1st Court of Appeals District, Place 4",0600,1603,776,2379,4204,56.59%,766,1493,2259
"Justice, 1st Court of Appeals District, Place 4",0601,2220,670,2890,4151,69.62%,2024,771,2795
"Justice, 1st Court of Appeals District, Place 4",0602,754,234,988,1441,68.56%,652,296,948
"Justice, 1st Court of Appeals District, Place 4",0603,2340,725,3065,4666,65.69%,1695,1244,2939
"Justice, 1st Court of Appeals District, Place 4",0604,1817,375,2192,3189,68.74%,1784,313,2097
"Justice, 1st Court of Appeals District, Place 4",0605,1713,599,2312,4217,54.83%,501,1693,2194
"Justice, 1st Court of Appeals District, Place 4",0606,319,111,430,970,44.33%,10,408,418
"Justice, 1st Court of Appeals District, Place 4",0607,163,51,214,712,30.06%,23,183,206
"Justice, 1st Court of Appeals District, Place 4",0608,156,77,233,570,40.88%,76,145,221
"Justice, 1st Court of Appeals District, Place 4",0609,2037,729,2766,4305,64.25%,1530,1116,2646
"Justice, 1st Court of Appeals District, Place 4",0610,665,343,1008,2086,48.32%,390,558,948
"Justice, 1st Court of Appeals District, Place 4",0611,980,229,1209,2527,47.84%,45,1139,1184
"Justice, 1st Court of Appeals District, Place 4",0612,1930,431,2361,3388,69.69%,1719,548,2267
Office,Precinct,Early Ballots Cast,Election Ballots Cast,Total Ballots Cast,Registered Voters,Percent Turnout,REP Evelyn Keyes,DEM Barbara Gardner,Totals
"Justice, 1st Court of Appeals District, Place 4",0613,937,339,1276,2368,53.89%,201,1019,1220
"Justice, 1st Court of Appeals District, Place 4",0614,1949,645,2594,4566,56.81%,731,1745,2476
"Justice, 1st Court of Appeals District, Place 4",0615,1075,301,1376,2086,65.96%,694,625,1319
"Justice, 1st Court of Appeals District, Place 4",0616,1809,611,2420,3516,68.83%,1550,754,2304
"Justice, 1st Court of Appeals District, Place 4",0617,1704,650,2354,4179,56.33%,748,1508,2256
"Justice, 1st Court of Appeals District, Place 4",0618,1699,545,2244,3801,59.04%,888,1279,2167
"Justice, 1st Court of Appeals District, Place 4",0619,2793,663,3456,4916,70.30%,2448,912,3360
"Justice, 1st Court of Appeals District, Place 4",0620,1748,333,2081,3318,62.72%,1026,958,1984
"Justice, 1st Court of Appeals District, Place 4",0621,536,200,736,1272,57.86%,292,402,694
"Justice, 1st Court of Appeals District, Place 4",0622,2131,591,2722,4562,59.67%,1406,1188,2594
"Justice, 1st Court of Appeals District, Place 4",0623,1960,461,2421,3919,61.78%,1466,861,2327
"Justice, 1st Court of Appeals District, Place 4",0624,297,59,356,456,78.07%,267,77,344
"Justice, 1st Court of Appeals District, Place 4",0625,924,372,1296,1864,69.53%,664,569,1233
"Justice, 1st Court of Appeals District, Place 4",0626,2281,784,3065,4816,63.64%,1529,1379,2908
"Justice, 1st Court of Appeals District, Place 4",0627,935,649,1584,3235,48.96%,403,1106,1509
"Justice, 1st Court of Appeals District, Place 4",0628,716,545,1261,2420,52.11%,417,769,1186
"Justice, 1st Court of Appeals District, Place 4",0629,162,96,258,750,34.40%,29,220,249
"Justice, 1st Court of Appeals District, Place 4",0630,2671,541,3212,4738,67.79%,318,2808,3126
"Justice, 1st Court of Appeals District, Place 4",0631,1842,398,2240,3263,68.65%,1428,716,2144
"Justice, 1st Court of Appeals District, Place 4",0632,4,1,5,241,2.07%,0,5,5
"Justice, 1st Court of Appeals District, Place 4",0633,2286,601,2887,3912,73.80%,1921,862,2783
"Justice, 1st Court of Appeals District, Place 4",0634,1437,499,1936,3259,59.40%,1059,806,1865
"Justice, 1st Court of Appeals District, Place 4",0635,1646,520,2166,3512,61.67%,1546,527,2073
"Justice, 1st Court of Appeals District, Place 4",0636,2303,922,3225,4569,70.58%,2741,370,3111
"Justice, 1st Court of Appeals District, Place 4",0637,1095,423,1518,2591,58.59%,330,1077,1407
"Justice, 1st Court of Appeals District, Place 4",0638,850,348,1198,2310,51.86%,96,1071,1167
"Justice, 1st Court of Appeals District, Place 4",0639,1387,284,1671,2560,65.27%,1237,358,1595
"Justice, 1st Court of Appeals District, Place 4",0640,1619,615,2234,3927,56.89%,1216,937,2153
"Justice, 1st Court of Appeals District, Place 4",0641,1637,683,2320,3840,60.42%,1299,920,2219
"Justice, 1st Court of Appeals District, Place 4",0642,1030,270,1300,1783,72.91%,983,275,1258
"Justice, 1st Court of Appeals District, Place 4",0643,1951,593,2544,4189,60.73%,1149,1302,2451
"Justice, 1st Court of Appeals District, Place 4",0644,2087,689,2776,4446,62.44%,1541,1123,2664
"Justice, 1st Court of Appeals District, Place 4",0645,2151,769,2920,4517,64.64%,1148,1634,2782
"Justice, 1st Court of Appeals District, Place 4",0646,925,399,1324,2422,54.67%,323,932,1255
Office,Precinct,Early Ballots Cast,Election Ballots Cast,Total Ballots Cast,Registered Voters,Percent Turnout,REP Evelyn Keyes,DEM Barbara Gardner,Totals
"Justice, 1st Court of Appeals District, Place 4",0647,1373,526,1899,4349,43.67%,391,1387,1778
"Justice, 1st Court of Appeals District, Place 4",0648,1859,500,2359,3487,67.65%,1602,675,2277
"Justice, 1st Court of Appeals District, Place 4",0649,1549,775,2324,4755,48.87%,553,1652,2205
"Justice, 1st Court of Appeals District, Place 4",0650,2033,819,2852,4039,70.61%,1843,897,2740
"Justice, 1st Court of Appeals District, Place 4",0651,1734,551,2285,3873,59.00%,1178,1008,2186
"Justice, 1st Court of Appeals District, Place 4",0652,1167,545,1712,2979,57.47%,264,1400,1664
"Justice, 1st Court of Appeals District, Place 4",0653,186,110,296,604,49.01%,62,223,285
"Justice, 1st Court of Appeals District, Place 4",0654,2387,698,3085,5063,60.93%,1499,1436,2935
"Justice, 1st Court of Appeals District, Place 4",0655,1953,761,2724,4495,60.60%,1430,1158,2588
"Justice, 1st Court of Appeals District, Place 4",0656,1106,401,1507,2737,55.06%,69,1391,1460
"Justice, 1st Court of Appeals District, Place 4",0657,684,276,960,1487,64.56%,310,602,912
"Justice, 1st Court of Appeals District, Place 4",0658,1299,494,1793,2901,61.81%,1068,660,1728
"Justice, 1st Court of Appeals District, Place 4",0659,2808,733,3541,5161,68.61%,2372,1037,3409
"Justice, 1st Court of Appeals District, Place 4",0660,1575,345,1920,3087,62.20%,179,1672,1851
"Justice, 1st Court of Appeals District, Place 4",0661,1949,774,2723,4363,62.41%,1308,1290,2598
"Justice, 1st Court of Appeals District, Place 4",0662,2268,571,2839,4002,70.94%,2237,501,2738
"Justice, 1st Court of Appeals District, Place 4",0663,1338,448,1786,2340,76.32%,861,791,1652
"Justice, 1st Court of Appeals District, Place 4",0664,909,513,1422,2992,47.53%,251,1094,1345
"Justice, 1st Court of Appeals District, Place 4",0665,1327,360,1687,2354,71.67%,1303,324,1627
"Justice, 1st Court of Appeals District, Place 4",0666,0,0,0,0,0.00%,0,0,0
"Justice, 1st Court of Appeals District, Place 4",0667,1109,400,1509,2175,69.38%,1097,350,1447
"Justice, 1st Court of Appeals District, Place 4",0668,1552,719,2271,3669,61.90%,1325,863,2188
"Justice, 1st Court of Appeals District, Place 4",0669,1889,702,2591,3585,72.27%,1699,782,2481
"Justice, 1st Court of Appeals District, Place 4",0670,1996,416,2412,3335,72.32%,1844,479,2323
"Justice, 1st Court of Appeals District, Place 4",0671,1398,588,1986,3198,62.10%,1041,862,1903
"Justice, 1st Court of Appeals District, Place 4",0672,1724,489,2213,3433,64.46%,1487,652,2139
"Justice, 1st Court of Appeals District, Place 4",0673,1525,467,2092,3051,68.57%,1622,404,2026
"Justice, 1st Court of Appeals District, Place 4",0674,2356,610,2966,4228,70.15%,2086,779,2865
"Justice, 1st Court of Appeals District, Place 4",0675,0,0,0,0,0.00%,0,0,0
"Justice, 1st Court of Appeals District, Place 4",0676,1087,465,1552,2976,52.15%,569,906,1475
"Justice, 1st Court of Appeals District, Place 4",0677,423,259,682,1300,52.46%,155,479,634
"Justice, 1st Court of Appeals District, Place 4",0678,1164,294,1458,2660,54.81%,136,1271,1407
"Justice, 1st Court of Appeals District, Place 4",0679,1718,529,2247,3542,63.44%,1515,629,2144
"Justice, 1st Court of Appeals District, Place 4",0680,98,17,115,179,64.25%,44,68,112
Office,Precinct,Early Ballots Cast,Election Ballots Cast,Total Ballots Cast,Registered Voters,Percent Turnout,REP Evelyn Keyes,DEM Barbara Gardner,Totals
"Justice, 1st Court of Appeals District, Place 4",0681,e,0,6,4,150.00%,2,4,6
"Justice, 1st Court of Appeals District, Place 4",0682,2113,690,2803,4313,64.99%,1957,746,2703
"Justice, 1st Court of Appeals District, Place 4",0683,82,5,87,302,28.81%,20,63,83
"Justice, 1st Court of Appeals District, Place 4",0684,1581,640,2321,3559,65.21%,1397,824,2221
"Justice, 1st Court of Appeals District, Place 4",0685,139,28,167,285,58.60%,69,79,148
"Justice, 1st Court of Appeals District, Place 4",0686,53,5,58,221,26.24%,16,40,56
"Justice, 1st Court of Appeals District, Place 4",0687,1510,400,1910,2713,70.40%,1209,610,1819
"Justice, 1st Court of Appeals District, Place 4",0688,2333,594,2927,3922,74.63%,2249,590,2839
"Justice, 1st Court of Appeals District, Place 4",0689,727,604,1331,2449,54.35%,543,699,1242
"Justice, 1st Court of Appeals District, Place 4",0690,1957,553,2520,3614,69.73%,1880,540,2420
"Justice, 1st Court of Appeals District, Place 4",0691,2132,551,2683,3690,72.71%,2028,573,2601
"Justice, 1st Court of Appeals District, Place 4",0692,1279,678,1957,3118,62.76%,1338,529,1867
"Justice, 1st Court of Appeals District, Place 4",0693,309,110,419,681,61.53%,105,287,392
"Justice, 1st Court of Appeals District, Place 4",0694,1005,319,1324,2478,53.43%,508,771,1279
"Justice, 1st Court of Appeals District, Place 4",0695,628,315,943,1842,51.19%,533,359,892
"Justice, 1st Court of Appeals District, Place 4",0696,727,312,1039,2027,51.26%,599,409,1008
"Justice, 1st Court of Appeals District, Place 4",0697,1299,552,1851,3238,57.16%,428,1348,1776
"Justice, 1st Court of Appeals District, Place 4",0698,1275,520,1795,3339,53.76%,199,1532,1731
"Justice, 1st Court of Appeals District, Place 4",0699,1277,398,1675,2387,70.17%,1017,546,1563
"Justice, 1st Court of Appeals District, Place 4",0700,726,247,973,1536,63.35%,801,144,945
"Justice, 1st Court of Appeals District, Place 4",0701,208,73,281,614,45.77%,116,141,257
"Justice, 1st Court of Appeals District, Place 4",0702,183,69,252,550,45.82%,32,211,243
"Justice, 1st Court of Appeals District, Place 4",0703,899,528,1427,1943,73.44%,980,387,1367
"Justice, 1st Court of Appeals District, Place 4",0704,1698,512,2210,3121,70.81%,1762,376,2138
"Justice, 1st Court of Appeals District, Place 4",0705,331,206,537,1513,35.49%,52,469,521
"Justice, 1st Court of Appeals District, Place 4",0706,1248,372,1620,2821,57.43%,563,963,1526
"Justice, 1st Court of Appeals District, Place 4",0707,377,69,446,757,58.92%,265,161,426
"Justice, 1st Court of Appeals District, Place 4",0708,162,98,260,592,43.92%,81,167,248
"Justice, 1st Court of Appeals District, Place 4",0709,2257,528,2785,4136,67.34%,1431,1248,2679
"Justice, 1st Court of Appeals District, Place 4",0710,1132,450,1582,2096,75.48%,834,642,1476
"Justice, 1st Court of Appeals District, Place 4",0711,1980,599,2579,3820,67.51%,1279,1182,2461
"Justice, 1st Court of Appeals District, Place 4",0712,1720,627,2347,4002,58.65%,815,1467,2282
"Justice, 1st Court of Appeals District, Place 4",0713,770,365,1135,2006,56.58%,511,576,1087
"Justice, 1st Court of Appeals District, Place 4",0714,102,28,130,306,42.48%,57,64,121
Office,Precinct,Early Ballots Cast,Election Ballots Cast,Total Ballots Cast,Registered Voters,Percent Turnout,REP Evelyn Keyes,DEM Barbara Gardner,Totals
"Justice, 1st Court of Appeals District, Place 4",0715,553,239,792,1549,51.13%,356,397,753
"Justice, 1st Court of Appeals District, Place 4",0716,1218,419,1637,2720,60.18%,1111,460,1571
"Justice, 1st Court of Appeals District, Place 4",0717,974,232,1206,2082,57.93%,154,1005,1159
"Justice, 1st Court of Appeals District, Place 4",0718,2243,872,3115,4412,70.60%,1936,1009,2945
"Justice, 1st Court of Appeals District, Place 4",0719,624,223,847,1644,51.52%,408,395,803
"Justice, 1st Court of Appeals District, Place 4",0720,2498,709,3207,4709,68.10%,2088,989,3077
"Justice, 1st Court of Appeals District, Place 4",0721,1455,603,2059,2926,70.71%,1260,703,1963
"Justice, 1st Court of Appeals District, Place 4",0722,1929,609,2538,4638,54.72%,159,2292,2451
"Justice, 1st Court of Appeals District, Place 4",0723,897,261,1158,1959,59.11%,209,900,1109
"Justice, 1st Court of Appeals District, Place 4",0724,395,146,541,800,67.63%,349,169,518
"Justice, 1st Court of Appeals District, Place 4",0725,976,294,1270,2336,54.37%,490,708,1198
"Justice, 1st Court of Appeals District, Place 4",0726,1271,321,1592,2207,72.13%,1346,199,1545
"Justice, 1st Court of Appeals District, Place 4",0727,983,415,1398,2708,51.62%,363,990,1353
"Justice, 1st Court of Appeals District, Place 4",0728,399,198,597,942,63.38%,338,228,566
"Justice, 1st Court of Appeals District, Place 4",0729,235,49,284,471,60.30%,154,119,273
"Justice, 1st Court of Appeals District, Place 4",0730,1361,406,1767,2435,72.57%,1083,594,1677
"Justice, 1st Court of Appeals District, Place 4",0731,2087,624,2711,4834,56.08%,1068,1528,2596
"Justice, 1st Court of Appeals District, Place 4",0732,793,449,1242,1943,63.92%,692,478,1170
"Justice, 1st Court of Appeals District, Place 4",0733,55,25,80,303,26.40%,23,53,76
"Justice, 1st Court of Appeals District, Place 4",0734,2307,556,2863,4294,66.67%,1814,939,2753
"Justice, 1st Court of Appeals District, Place 4",0735,157,61,218,251,86.85%,116,97,213
"Justice, 1st Court of Appeals District, Place 4",0736,14,3,17,42,40.48%,1,13,14
"Justice, 1st Court of Appeals District, Place 4",0737,21,6,27,56,48.21%,21,6,27
"Justice, 1st Court of Appeals District, Place 4",0738,435,214,649,1497,43.35%,98,533,631
"Justice, 1st Court of Appeals District, Place 4",0739,979,440,1419,2971,47.76%,596,757,1353
"Justice, 1st Court of Appeals District, Place 4",0740,280,169,449,1005,44.68%,220,201,421
"Justice, 1st Court of Appeals District, Place 4",0741,923,262,1185,1895,62.53%,284,845,1129
"Justice, 1st Court of Appeals District, Place 4",0742,1536,498,2034,2859,71.14%,1229,718,1947
"Justice, 1st Court of Appeals District, Place 4",0743,54,60,114,234,48.72%,35,71,106
"Justice, 1st Court of Appeals District, Place 4",0744,1010,444,1454,2103,69.14%,816,564,1380
"Justice, 1st Court of Appeals District, Place 4",0745,1214,446,1660,2543,65.28%,969,613,1582
"Justice, 1st Court of Appeals District, Place 4",0746,245,121,366,732,50.00%,165,171,336
"Justice, 1st Court of Appeals District, Place 4",0747,1746,693,2439,4096,59.55%,1015,1327,2342
"Justice, 1st Court of Appeals District, Place 4",0748,564,245,809,1556,51.99%,376,398,774
Office,Precinct,Early Ballots Cast,Election Ballots Cast,Total Ballots Cast,Registered Voters,Percent Turnout,REP Evelyn Keyes,DEM Barbara Gardner,Totals
"Justice, 1st Court of Appeals District, Place 4",0749,115,1,116,432,26.85%,17,93,110
"Justice, 1st Court of Appeals District, Place 4",0750,294,122,416,809,51.42%,218,173,391
"Justice, 1st Court of Appeals District, Place 4",0751,2937,1013,3950,5893,67.03%,2334,1455,3789
"Justice, 1st Court of Appeals District, Place 4",0752,660,227,887,1484,59.77%,571,273,844
"Justice, 1st Court of Appeals District, Place 4",0753,258,53,311,512,60.74%,121,176,297
"Justice, 1st Court of Appeals District, Place 4",0754,388,262,650,1590,40.88%,34,597,631
"Justice, 1st Court of Appeals District, Place 4",0755,1784,955,2739,5015,54.62%,894,1698,2592
"Justice, 1st Court of Appeals District, Place 4",0756,687,309,996,1723,57.81%,313,638,951
"Justice, 1st Court of Appeals District, Place 4",0757,1867,601,2468,4792,51.50%,387,1997,2384
"Justice, 1st Court of Appeals District, Place 4",0758,2105,595,2700,3803,71.00%,2001,578,2579
"Justice, 1st Court of Appeals District, Place 4",0759,1389,375,1764,2779,63.48%,999,690,1689
"Justice, 1st Court of Appeals District, Place 4",0760,1219,268,1487,2162,68.78%,1180,254,1434
"Justice, 1st Court of Appeals District, Place 4",0761,1089,167,1256,1598,78.60%,858,337,1195
"Justice, 1st Court of Appeals District, Place 4",0762,929,303,1232,1828,67.40%,545,630,1175
"Justice, 1st Court of Appeals District, Place 4",0763,370,264,634,1249,50.76%,195,409,604
"Justice, 1st Court of Appeals District, Place 4",0764,2472,677,3149,4827,65.24%,1837,1173,3010
"Justice, 1st Court of Appeals District, Place 4",0765,2056,874,2930,5742,51.03%,753,2060,2813
"Justice, 1st Court of Appeals District, Place 4",0766,126,59,185,428,43.22%,28,138,166
"Justice, 1st Court of Appeals District, Place 4",0767,31,15,46,92,50.00%,21,23,44
"Justice, 1st Court of Appeals District, Place 4",0768,1479,387,1866,2643,70.60%,1423,376,1799
"Justice, 1st Court of Appeals District, Place 4",0769,85,14,99,184,53.80%,6,92,98
"Justice, 1st Court of Appeals District, Place 4",0770,103,42,145,388,37.37%,47,91,138
"Justice, 1st Court of Appeals District, Place 4",0771,572,210,782,1588,49.24%,325,419,744
"Justice, 1st Court of Appeals District, Place 4",0772,2807,477,3284,4606,71.30%,2354,795,3149
"Justice, 1st Court of Appeals District, Place 4",0773,1694,638,2332,4414,52.83%,540,1639,2179
"Justice, 1st Court of Appeals District, Place 4",0774,151,66,217,426,50.94%,54,158,212
"Justice, 1st Court of Appeals District, Place 4",0775,50,1,51,102,50.00%,1,49,50
"Justice, 1st Court of Appeals District, Place 4",0776,1433,538,1971,3276,60.16%,1080,808,1888
"Justice, 1st Court of Appeals District, Place 4",0777,201,105,306,767,39.90%,76,217,293
"Justice, 1st Court of Appeals District, Place 4",0778,0,3,3,0,0.00%,0,3,3
"Justice, 1st Court of Appeals District, Place 4",0779,263,160,423,1019,41.51%,103,281,384
"Justice, 1st Court of Appeals District, Place 4",0780,170,130,300,666,45.05%,90,184,274
"Justice, 1st Court of Appeals District, Place 4",0781,1235,612,1847,3782,48.84%,552,1158,1710
"Justice, 1st Court of Appeals District, Place 4",0782,1048,368,1416,2355,60.13%,827,519,1346
Office,Precinct,Early Ballots Cast,Election Ballots Cast,Total Ballots Cast,Registered Voters,Percent Turnout,REP Evelyn Keyes,DEM Barbara Gardner,Totals
"Justice, 1st Court of Appeals District, Place 4",0783,197,90,287,520,55.19%,18,258,276
"Justice, 1st Court of Appeals District, Place 4",0784,408,119,527,1062,49.62%,15,494,509
"Justice, 1st Court of Appeals District, Place 4",0785,1230,357,1587,1896,83.70%,814,709,1523
"Justice, 1st Court of Appeals District, Place 4",0786,396,177,573,1258,45.55%,176,365,541
"Justice, 1st Court of Appeals District, Place 4",0787,180,83,263,542,48.52%,75,171,246
"Justice, 1st Court of Appeals District, Place 4",0788,2,0,2,13,15.38%,2,0,2
"Justice, 1st Court of Appeals District, Place 4",0789,1377,420,1797,2998,59.94%,1018,713,1731
"Justice, 1st Court of Appeals District, Place 4",0790,1143,329,1472,2523,58.34%,490,925,1415
"Justice, 1st Court of Appeals District, Place 4",0791,9,3,12,29,41.38%,3,9,12
"Justice, 1st Court of Appeals District, Place 4",0792,545,415,1063,1954,54.40%,240,770,1010
"Justice, 1st Court of Appeals District, Place 4",0793,984,416,1400,2620,53.44%,690,630,1320
"Justice, 1st Court of Appeals District, Place 4",0794,626,411,1037,3208,32.33%,102,904,1006
"Justice, 1st Court of Appeals District, Place 4",0795,396,2,398,1281,31.07%,112,256,368
"Justice, 1st Court of Appeals District, Place 4",0796,1371,455,1535,3041,60.37%,750,1026,1776
"Justice, 1st Court of Appeals District, Place 4",0797,0,0,0,0,0.00%,0,0,0
"Justice, 1st Court of Appeals District, Place 4",0798,222,142,364,521,69.87%,136,210,346
"Justice, 1st Court of Appeals District, Place 4",0799,55,26,84,171,49.12%,17,66,83
"Justice, 1st Court of Appeals District, Place 4",0800,1934,730,2664,4216,63.19%,1576,974,2550
"Justice, 1st Court of Appeals District, Place 4",0801,90,44,134,261,51.34%,40,88,128
"Justice, 1st Court of Appeals District, Place 4",0802,54,21,75,224,33.48%,1,7,55,72
"Justice, 1st Court of Appeals District, Place 4",0803,2555,547,3213,4514,71.18%,2170,921,3091
"Justice, 1st Court of Appeals District, Place 4",0804,2703,682,3385,5303,63.83%,1745,1521,3266
"Justice, 1st Court of Appeals District, Place 4",0805,1598,454,2052,2874,71.40%,1554,414,1968
"Justice, 1st Court of Appeals District, Place 4",0806,1002,324,1326,1889,70.20%,792,491,1283
"Justice, 1st Court of Appeals District, Place 4",0807,793,349,1142,2163,52.80%,191,914,1105
"Justice, 1st Court of Appeals District, Place 4",0808,142,57,199,232,85.78%,72,113,185
"Justice, 1st Court of Appeals District, Place 4",0809,19,7,26,98,26.53%,12,13,25
"Justice, 1st Court of Appeals District, Place 4",0810,47,31,78,197,39.59%,13,58,71
"Justice, 1st Court of Appeals District, Place 4",0811,52,68,150,277,54.15%,31,111,142
"Justice, 1st Court of Appeals District, Place 4",0812,0,0,0,0,0.00%,0,0,0
"Justice, 1st Court of Appeals District, Place 4",0813,1742,434,2176,3488,62.39%,922,1174,2096
"Justice, 1st Court of Appeals District, Place 4",0814,1973,827,2800,5483,51.07%,534,2166,2700
"Justice, 1st Court of Appeals District, Place 4",0815,0,0,0,0,0.00%,0,0,0
"Justice, 1st Court of Appeals District, Place 4",0816,23,10,33,64,51.56%,4,27,31
Office,Precinct,Early Ballots Cast,Election Ballots Cast,Total Ballots Cast,Registered Voters,Percent Turnout,REP Evelyn Keyes,DEM Barbara Gardner,Totals
"Justice, 1st Court of Appeals District, Place 4",0817,2789,550,3339,4700,71.04%,2294,943,3237
"Justice, 1st Court of Appeals District, Place 4",0818,209,104,313,737,42.47%,67,237,304
"Justice, 1st Court of Appeals District, Place 4",0819,108,31,139,228,60.96%,69,58,127
"Justice, 1st Court of Appeals District, Place 4",0820,0,0,0,0,0.00%,0,0,0
"Justice, 1st Court of Appeals District, Place 4",0821,362,188,550,1295,42.47%,68,456,524
"Justice, 1st Court of Appeals District, Place 4",0822,571,185,756,1574,48.03%,26,700,726
"Justice, 1st Court of Appeals District, Place 4",0823,1339,410,1749,3017,57.97%,909,764,1673
"Justice, 1st Court of Appeals District, Place 4",0824,1057,410,1467,2762,53.11%,305,1109,1414
"Justice, 1st Court of Appeals District, Place 4",0825,9,7,15,21,76.19%,3,12,15
"Justice, 1st Court of Appeals District, Place 4",0826,177,70,247,355,69.58%,124,105,229
"Justice, 1st Court of Appeals District, Place 4",0827,218,234,452,1042,43.38%,143,295,438
"Justice, 1st Court of Appeals District, Place 4",0828,1174,281,1455,1965,74.05%,1093,306,1399
"Justice, 1st Court of Appeals District, Place 4",0829,101,19,120,235,51.06%,32,82,114
"Justice, 1st Court of Appeals District, Place 4",0830,2,2,4,2,200.00%,4,0,4
"Justice, 1st Court of Appeals District, Place 4",0831,8,5,13,36,36.11%,6,6,12
"Justice, 1st Court of Appeals District, Place 4",0832,124,50,174,364,47.80%,44,122,166
"Justice, 1st Court of Appeals District, Place 4",0833,3,2,5,20,25.00%,1,4,5
"Justice, 1st Court of Appeals District, Place 4",0834,142,61,203,388,52.32%,20,180,200
"Justice, 1st Court of Appeals District, Place 4",0835,87,71,158,311,50.80%,38,113,151
"Justice, 1st Court of Appeals District, Place 4",0836,128,0,128,248,51.61%,13,105,118
"Justice, 1st Court of Appeals District, Place 4",0837,0,0,0,0,0.00%,0,0,0
"Justice, 1st Court of Appeals District, Place 4",0838,0,0,0,0,0.00%,0,0,0
"Justice, 1st Court of Appeals District, Place 4",0839,419,174,593,1190,49.83%,121,443,564
"Justice, 1st Court of Appeals District, Place 4",0840,829,228,1057,1780,59.38%,342,664,1006
"Justice, 1st Court of Appeals District, Place 4",0841,1474,475,1949,3431,56.81%,434,1445,1879
"Justice, 1st Court of Appeals District, Place 4",0842,1340,513,1853,3390,54.66%,708,1057,1765
"Justice, 1st Court of Appeals District, Place 4",0843,595,298,893,1387,64.38%,155,701,856
"Justice, 1st Court of Appeals District, Place 4",0844,4,0,4,10,40.00%,0,4,4
"Justice, 1st Court of Appeals District, Place 4",0845,152,13,165,218,75.69%,99,56,155
"Justice, 1st Court of Appeals District, Place 4",0846,61,22,83,229,36.24%,3,79,82
"Justice, 1st Court of Appeals District, Place 4",0847,993,330,1323,2310,57.27%,337,939,1276
"Justice, 1st Court of Appeals District, Place 4",0848,1011,201,1212,1875,64.64%,361,795,1156
"Justice, 1st Court of Appeals District, Place 4",0849,731,455,1186,2272,52.20%,302,793,1095
"Justice, 1st Court of Appeals District, Place 4",0850,129,19,148,208,71.15%,54,88,142
Office,Precinct,Early Ballots Cast,Election Ballots Cast,Total Ballots Cast,Registered Voters,Percent Turnout,REP Evelyn Keyes,DEM Barbara Gardner,Totals
"Justice, 1st Court of Appeals District, Place 4",0851,1886,441,2327,3597,64.69%,1513,718,2231
"Justice, 1st Court of Appeals District, Place 4",0852,0,0,0,1,0.00%,0,0,0
"Justice, 1st Court of Appeals District, Place 4",0853,1637,487,2124,2986,71.13%,1539,502,2041
"Justice, 1st Court of Appeals District, Place 4",0854,40,19,59,175,33.71%,9,49,58
"Justice, 1st Court of Appeals District, Place 4",0855,7,2,9,21,42.86%,4,4,8
"Justice, 1st Court of Appeals District, Place 4",0856,0,3,3,0,0.00%,0,1,1
"Justice, 1st Court of Appeals District, Place 4",0857,0,0,0,1,0.00%,0,0,0
"Justice, 1st Court of Appeals District, Place 4",0858,121,35,156,334,46.71%,6,141,147
"Justice, 1st Court of Appeals District, Place 4",0859,391,143,534,945,56.51%,111,396,507
"Justice, 1st Court of Appeals District, Place 4",0860,1,1,2,0,0.00%,0,2,2
"Justice, 1st Court of Appeals District, Place 4",0861,777,272,1049,1941,54.04%,169,849,1018
"Justice, 1st Court of Appeals District, Place 4",0862,1989,508,2497,3739,66.78%,1426,980,2406
"Justice, 1st Court of Appeals District, Place 4",0863,192,64,256,581,44.06%,12,238,250
"Justice, 1st Court of Appeals District, Place 4",0864,693,574,1267,2708,46.79%,271,926,1197
"Justice, 1st Court of Appeals District, Place 4",0865,9,2,11,21,52.38%,0,11,11
"Justice, 1st Court of Appeals District, Place 4",0866,0,0,0,0,0.00%,0,0,0
"Justice, 1st Court of Appeals District, Place 4",0867,0,0,0,0,0.00%,0,0,0
"Justice, 1st Court of Appeals District, Place 4",0868,737,495,1232,2446,50.37%,301,873,1174
"Justice, 1st Court of Appeals District, Place 4",0869,166,55,221,480,46.04%,28,184,212
"Justice, 1st Court of Appeals District, Place 4",0870,0,2,2,0,0.00%,2,0,2
"Justice, 1st Court of Appeals District, Place 4",0871,2,1,3,3,100.00%,0,3,3
"Justice, 1st Court of Appeals District, Place 4",0872,16,6,22,68,32.35%,12,10,22
"Justice, 1st Court of Appeals District, Place 4",0873,296,111,407,778,52.31%,92,303,395
"Justice, 1st Court of Appeals District, Place 4",0874,1681,670,2351,3294,71.37%,1654,605,2259
"Justice, 1st Court of Appeals District, Place 4",0875,1948,501,2449,3592,68.18%,1120,1236,2356
"Justice, 1st Court of Appeals District, Place 4",0876,1945,577,2522,3485,72.37%,1716,717,2433
"Justice, 1st Court of Appeals District, Place 4",0877,1805,528,2333,3651,63.90%,859,1403,2262
"Justice, 1st Court of Appeals District, Place 4",0878,685,110,795,1039,76.52%,617,147,764
"Justice, 1st Court of Appeals District, Place 4",0879,1215,413,1628,2843,57.26%,664,896,1560
"Justice, 1st Court of Appeals District, Place 4",0880,1355,471,1826,2467,74.02%,1342,426,1768
"Justice, 1st Court of Appeals District, Place 4",0881,2465,927,3392,5638,60.16%,874,2410,3284
"Justice, 1st Court of Appeals District, Place 4",0882,1952,595,2547,4317,59.00%,729,1703,2432
"Justice, 1st Court of Appeals District, Place 4",0883,2252,928,3180,5613,56.65%,541,2521,3062
"Justice, 1st Court of Appeals District, Place 4",0884,149,55,204,396,51.52%,27,172,199
Office,Precinct,Early Ballots Cast,Election Ballots Cast,Total Ballots Cast,Registered Voters,Percent Turnout,REP Evelyn Keyes,DEM Barbara Gardner,Totals
"Justice, 1st Court of Appeals District, Place 4",0885,1571,323,1894,2811,67.38%,1034,800,1834
"Justice, 1st Court of Appeals District, Place 4",0886,496,152,648,906,71.52%,335,267,602
"Justice, 1st Court of Appeals District, Place 4",0887,234,95,329,492,66.87%,169,133,302
"Justice, 1st Court of Appeals District, Place 4",0888,817,289,1106,1867,59.24%,342,721,1063
"Justice, 1st Court of Appeals District, Place 4",0889,113,28,141,238,59.24%,35,98,133
"Justice, 1st Court of Appeals District, Place 4",0890,447,98,545,1214,44.89%,214,290,504
"Justice, 1st Court of Appeals District, Place 4",0891,753,194,947,1376,68.82%,318,582,900
"Justice, 1st Court of Appeals District, Place 4",0892,426,123,549,900,61.00%,180,334,514
"Justice, 1st Court of Appeals District, Place 4",0893,1,4,5,9,55.56%,2,3,5
"Justice, 1st Court of Appeals District, Place 4",0894,801,305,1106,2087,52.99%,145,923,1068
"Justice, 1st Court of Appeals District, Place 4",0895,417,252,669,834,80.22%,271,356,627
"Justice, 1st Court of Appeals District, Place 4",0896,839,254,1093,1467,74.51%,363,673,1036
"Justice, 1st Court of Appeals District, Place 4",0897,813,365,1178,1766,66.70%,602,520,1122
"Justice, 1st Court of Appeals District, Place 4",0898,792,301,1093,1821,60.02%,429,629,1058
"Justice, 1st Court of Appeals District, Place 4",0899,747,165,912,1264,72.15%,550,338,888
"Justice, 1st Court of Appeals District, Place 4",0900,7,0,7,12,58.33%,1,6,7
"Justice, 1st Court of Appeals District, Place 4",0901,0,0,0,0,0.00%,0,0,0
"Justice, 1st Court of Appeals District, Place 4",0902,1311,361,1672,2217,75.42%,834,739,1573
"Justice, 1st Court of Appeals District, Place 4",0903,1314,354,1668,2558,65.21%,1189,423,1612
"Justice, 1st Court of Appeals District, Place 4",0904,2,0,2,8,25.00%,1,1,2
"Justice, 1st Court of Appeals District, Place 4",0905,390,136,526,946,55.60%,192,313,505
"Justice, 1st Court of Appeals District, Place 4",0906,19,3,22,28,78.57%,13,9,22
"Justice, 1st Court of Appeals District, Place 4",0907,53,37,90,201,44.78%,8,80,88
"Justice, 1st Court of Appeals District, Place 4",0908,0,0,0,0,0.00%,0,0,0
"Justice, 1st Court of Appeals District, Place 4",0909,7,1,8,21,38.10%,3,5,8
"Justice, 1st Court of Appeals District, Place 4",0910,78,37,115,236,48.73%,33,74,107
"Justice, 1st Court of Appeals District, Place 4",0911,237,63,300,576,52.08%,189,102,291
"Justice, 1st Court of Appeals District, Place 4",0912,712,167,879,1341,65.55%,504,331,835
"Justice, 1st Court of Appeals District, Place 4",0913,102,12,114,241,47.30%,19,89,108
"Justice, 1st Court of Appeals District, Place 4",0914,42,0,42,124,33.87%,9,31,40
"Justice, 1st Court of Appeals District, Place 4",0915,0,0,0,0,0.00%,0,0,0
"Justice, 1st Court of Appeals District, Place 4",0916,1472,308,1780,2205,80.73%,1332,380,1712
"Justice, 1st Court of Appeals District, Place 4",0917,33,9,42,147,28.57%,4,33,37
"Justice, 1st Court of Appeals District, Place 4",0918,3,1,4,7,57.14%,1,3,4
Office,Precinct,Early Ballots Cast,Election Ballots Cast,Total Ballots Cast,Registered Voters,Percent Turnout,REP Evelyn Keyes,DEM Barbara Gardner,Totals
"Justice, 1st Court of Appeals District, Place 4",0919,1,0,1,1,100.00%,0,1,1
"Justice, 1st Court of Appeals District, Place 4",0920,41,13,54,79,68.35%,32,20,52
"Justice, 1st Court of Appeals District, Place 4",0921,27,6,33,61,54.10%,7,26,33
"Justice, 1st Court of Appeals District, Place 4",0922,0,0,0,0,0.00%,0,0,0
"Justice, 1st Court of Appeals District, Place 4",0923,2331,350,2681,3536,75.82%,1985,638,2623
"Justice, 1st Court of Appeals District, Place 4",0924,0,0,0,0,0.00%,0,0,0
"Justice, 1st Court of Appeals District, Place 4",0925,0,0,0,0,0.00%,0,0,0
"Justice, 1st Court of Appeals District, Place 4",0926,550,149,699,967,72.29%,465,200,665
"Justice, 1st Court of Appeals District, Place 4",0927,968,173,1141,1771,64.43%,545,519,1064
"Justice, 1st Court of Appeals District, Place 4",0928,4,1,5,7,71.43%,0,5,5
"Justice, 1st Court of Appeals District, Place 4",0929,0,0,0,0,0.00%,0,0,0
"Justice, 1st Court of Appeals District, Place 4",0930,217,83,300,606,49.50%,15,273,288
"Justice, 1st Court of Appeals District, Place 4",0931,87,28,115,141,81.56%,46,60,106
"Justice, 1st Court of Appeals District, Place 4",0932,0,1,1,0,0.00%,0,1,1
"Justice, 1st Court of Appeals District, Place 4",0933,297,93,390,668,58.38%,120,257,377
"Justice, 1st Court of Appeals District, Place 4",0934,9,4,13,37,35.14%,7,6,13
"Justice, 1st Court of Appeals District, Place 4",0935,12,9,21,55,38.18%,7,13,20
"Justice, 1st Court of Appeals District, Place 4",0936,23,9,32,76,42.11%,9,20,29
"Justice, 1st Court of Appeals District, Place 4",0937,0,0,0,0,0.00%,0,0,0
"Justice, 1st Court of Appeals District, Place 4",0938,72,19,91,255,35.69%,26,64,90
"Justice, 1st Court of Appeals District, Place 4",0939,1,1,2,4,50.00%,1,1,2
"Justice, 1st Court of Appeals District, Place 4",0940,9,3,12,28,42.86%,1,11,12
"Justice, 1st Court of Appeals District, Place 4",0941,285,144,429,870,49.31%,205,199,404
"Justice, 1st Court of Appeals District, Place 4",0942,102,16,118,152,77.63%,75,40,115
"Justice, 1st Court of Appeals District, Place 4",0943,192,28,220,774,28.42%,48,160,208
"Justice, 1st Court of Appeals District, Place 4",0944,1,0,1,1,100.00%,0,1,1
"Justice, 1st Court of Appeals District, Place 4",0945,8,6,14,21,66.67%,2,11,13
"Justice, 1st Court of Appeals District, Place 4",0946,4,2,6,14,42.86%,1,5,6
"Justice, 1st Court of Appeals District, Place 4",0947,428,198,626,820,76.34%,300,288,588
"Justice, 1st Court of Appeals District, Place 4",0948,0,0,0,1,0.00%,0,0,0
"Justice, 1st Court of Appeals District, Place 4",0949,84,61,145,210,69.05%,63,73,136
"Justice, 1st Court of Appeals District, Place 4",0950,0,0,0,0,0.00%,0,0,0
"Justice, 1st Court of Appeals District, Place 4",0951,114,62,176,304,57.89%,41,125,166
"Justice, 1st Court of Appeals District, Place 4",0952,32,15,47,65,72.31%,26,19,45
Office,Precinct,Early Ballots Cast,Election Ballots Cast,Total Ballots Cast,Registered Voters,Percent Turnout,REP Evelyn Keyes,DEM Barbara Gardner,Totals
"Justice, 1st Court of Appeals District, Place 4",0953,4,0,4,8,50.00%,0,4,4
"Justice, 1st Court of Appeals District, Place 4",0954,0,0,0,0,0.00%,0,0,0
"Justice, 1st Court of Appeals District, Place 4",0955,3539,572,4111,5108,80.48%,2842,1102,3944
"Justice, 1st Court of Appeals District, Place 4",0956,0,0,0,0,0.00%,0,0,0
"Justice, 1st Court of Appeals District, Place 4",0957,283,39,322,585,55.04%,37,275,312
"Justice, 1st Court of Appeals District, Place 4",0958,430,231,661,1202,54.99%,115,515,630
"Justice, 1st Court of Appeals District, Place 4",0959,0,0,0,0,0.00%,0,0,0
"Justice, 1st Court of Appeals District, Place 4",0960,829,235,1064,1471,72.33%,225,804,1029
"Justice, 1st Court of Appeals District, Place 4",0961,821,318,1139,2369,48.08%,174,917,1091
"Justice, 1st Court of Appeals District, Place 4",0962,33,12,45,88,51.14%,9,33,42
"Justice, 1st Court of Appeals District, Place 4",0963,225,91,316,528,59.85%,122,176,298
"Justice, 1st Court of Appeals District, Place 4",0964,2146,325,2471,3179,77.73%,1393,983,2376
"Justice, 1st Court of Appeals District, Place 4",0965,101,35,136,345,39.42%,90,40,130
"Justice, 1st Court of Appeals District, Place 4",0966,368,189,557,1332,41.82%,130,395,525
"Justice, 1st Court of Appeals District, Place 4",0967,82,24,106,186,56.99%,38,64,102
"Justice, 1st Court of Appeals District, Place 4",0968,455,127,582,906,64.24%,115,450,565
"Justice, 1st Court of Appeals District, Place 4",0969,299,71,370,624,59.29%,8,352,360
"Justice, 1st Court of Appeals District, Place 4",0970,223,102,325,810,40.12%,30,274,304
"Justice, 1st Court of Appeals District, Place 4",0971,0,0,0,0,0.00%,0,0,0
"Justice, 1st Court of Appeals District, Place 4",0972,0,0,0,0,0.00%,0,0,0
"Justice, 1st Court of Appeals District, Place 4",0973,504,138,642,999,64.26%,396,213,609
"Justice, 1st Court of Appeals District, Place 4",0974,0,1,1,0,0.00%,1,0,1
"Justice, 1st Court of Appeals District, Place 4",0975,104,26,130,190,68.42%,55,65,120
"Justice, 1st Court of Appeals District, Place 4",0976,190,152,342,712,48.03%,164,156,320
"Justice, 1st Court of Appeals District, Place 4",0977,160,108,268,617,43.44%,88,170,258
"Justice, 1st Court of Appeals District, Place 4",0978,0,0,0,0,0.00%,0,0,0
"Justice, 1st Court of Appeals District, Place 4",0979,0,0,0,0,0.00%,0,0,0
"Justice, 1st Court of Appeals District, Place 4",0980,686,333,1019,1412,72.17%,691,276,967
"Justice, 1st Court of Appeals District, Place 4",0981,12,2,14,31,45.16%,1,12,13
"Justice, 1st Court of Appeals District, Place 4",0982,1898,501,2399,2916,82.27%,1791,520,2311
"Justice, 1st Court of Appeals District, Place 4",0983,55,17,82,198,41.41,%,45,35,80
"Justice, 1st Court of Appeals District, Place 4",0984,75,57,133,341,39.00%,10,120,130
"Justice, 1st Court of Appeals District, Place 4",0985,222,56,278,355,78.31%,128,138,266
"Justice, 1st Court of Appeals District, Place 4",0986,154,78,232,537,43.20%,21,203,224
Office,Precinct,Early Ballots Cast,Election Ballots Cast,Total Ballots Cast,Registered Voters,Percent Turnout,REP Evelyn Keyes,DEM Barbara Gardner,Totals
"Justice, 1st Court of Appeals District, Place 4",0987,476,130,606,1183,51.23%,38,542,580
"Justice, 1st Court of Appeals District, Place 4",0988,62,15,77,117,65.81%,64,9,73
"Justice, 1st Court of Appeals District, Place 4",0989,0,0,0,0,0.00%,0,0,0
"Justice, 1st Court of Appeals District, Place 4",0990,5,6,11,66,16.67%,4,7,11
"Justice, 1st Court of Appeals District, Place 4",0991,0,1,1,2,50.00%,0,1,1
"Justice, 1st Court of Appeals District, Place 4",0992,456,106,562,1075,52.28%,250,279,529
"Justice, 1st Court of Appeals District, Place 4",0993,0,0,0,0,0.00%,0,0,0
"Justice, 1st Court of Appeals District, Place 4",0994,56,12,68,75,90.67%,20,47,67
"Justice, 1st Court of Appeals District, Place 4",0995,753,193,946,1576,60.03%,93,814,907
"Justice, 1st Court of Appeals District, Place 4",0996,403,70,473,708,66.81%,242,201,443
"Justice, 1st Court of Appeals District, Place 4",0997,522,283,805,1909,42.17%,140,644,784
"Justice, 1st Court of Appeals District, Place 4",0998,24,12,36,68,52.94%,22,13,35
"Justice, 1st Court of Appeals District, Place 4",0999,0,0,0,0,0.00%,0,0,0
"Justice, 1st Court of Appeals District, Place 4",1000,122,22,144,428,33.64%,22,118,140
"Justice, 1st Court of Appeals District, Place 4",1001,519,280,799,1654,48.31%,151,609,760
"Justice, 1st Court of Appeals District, Place 4",1002,480,270,750,1804,41.57%,101,607,708
"Justice, 1st Court of Appeals District, Place 4",1003,0,0,0,0,0.00%,0,0,0
"Justice, 1st Court of Appeals District, Place 4",1004,351,114,465,691,67.29%,217,226,443
"Justice, 1st Court of Appeals District, Place 4",1005,0,0,0,0,0.00%,0,0,0
"Justice, 1st Court of Appeals District, Place 4",1006,0,0,0,0,0.00%,0,0,0
"Justice, 1st Court of Appeals District, Place 4",1007,695,306,1001,1775,56.39%,213,747,960
"Justice, 1st Court of Appeals District, Place 4",1008,620,107,727,1011,71.91%,557,139,696
"Justice, 1st Court of Appeals District, Place 4",1009,0,0,0,0,0.00%,0,0,0
"Justice, 1st Court of Appeals District, Place 4",1010,292,96,388,647,59.97%,70,303,373
"Justice, 1st Court of Appeals District, Place 4",1011,9,6,15,31,48.39%,8,7,15
"Justice, 1st Court of Appeals District, Place 4",1012,543,362,905,1633,55.42%,204,653,857
"Justice, 1st Court of Appeals District, Place 4",Totals:,982016,353327,1335343,2182980,601730,671908,1273638
